time,open,high,low,close
2026-06-24 22:15:00+00:00,61000.0,61011.65,60882.35,60886.0
2026-06-24 22:30:00+00:00,60886.0,60952.17,60802.66,60923.99
2026-06-24 22:45:00+00:00,60924.0,60924.0,60820.0,60873.99
2026-06-24 23:00:00+00:00,60874.0,60959.52,60830.01,60888.0
2026-06-24 23:15:00+00:00,60888.0,61032.0,60842.0,60988.0
2026-06-24 23:30:00+00:00,60987.99,61066.0,60956.0,61028.7
2026-06-24 23:45:00+00:00,61028.71,61112.0,60944.0,61077.99
2026-06-25 00:00:00+00:00,61078.0,61163.16,61034.03,61097.95
2026-06-25 00:15:00+00:00,61097.95,61107.24,60920.94,60920.95
2026-06-25 00:30:00+00:00,60920.95,60987.88,60842.0,60842.01
2026-06-25 00:45:00+00:00,60842.0,60920.0,60726.77,60832.0
2026-06-25 01:00:00+00:00,60832.0,60881.86,60732.2,60773.08
2026-06-25 01:15:00+00:00,60773.08,60935.99,60720.23,60862.01
2026-06-25 01:30:00+00:00,60862.01,60907.6,60810.97,60826.83
2026-06-25 01:45:00+00:00,60826.83,60988.0,60800.0,60928.0
2026-06-25 02:00:00+00:00,60928.0,60966.0,60724.0,60782.0
2026-06-25 02:15:00+00:00,60782.0,60943.55,60746.62,60936.0
2026-06-25 02:30:00+00:00,60936.0,60939.26,60757.82,60766.32
2026-06-25 02:45:00+00:00,60766.32,60824.49,60700.01,60799.08
2026-06-25 03:00:00+00:00,60799.08,60872.0,60724.0,60760.8
2026-06-25 03:15:00+00:00,60760.81,60841.3,60684.94,60798.07
2026-06-25 03:30:00+00:00,60798.06,60847.91,60746.01,60747.38
2026-06-25 03:45:00+00:00,60747.38,60910.63,60747.37,60883.65
2026-06-25 04:00:00+00:00,60883.66,60906.0,60820.0,60820.01
2026-06-25 04:15:00+00:00,60820.01,60920.0,60792.0,60901.2
2026-06-25 04:30:00+00:00,60901.2,60973.88,60808.33,60973.67
2026-06-25 04:45:00+00:00,60973.66,61410.0,60973.66,61357.63
2026-06-25 05:00:00+00:00,61357.63,61747.0,61280.0,61647.6
2026-06-25 05:15:00+00:00,61647.6,61807.04,61483.82,61614.0
2026-06-25 05:30:00+00:00,61613.99,61658.98,61530.0,61536.01
2026-06-25 05:45:00+00:00,61536.01,61683.77,61522.0,61600.01
2026-06-25 06:00:00+00:00,61600.02,61771.23,61600.01,61715.82
2026-06-25 06:15:00+00:00,61715.82,61800.33,61646.0,61676.3
2026-06-25 06:30:00+00:00,61676.29,61764.59,61660.11,61764.59
2026-06-25 06:45:00+00:00,61764.58,61869.02,61720.0,61732.06
2026-06-25 07:00:00+00:00,61732.06,61832.0,61670.0,61758.0
2026-06-25 07:15:00+00:00,61758.0,61892.13,61756.76,61807.88
2026-06-25 07:30:00+00:00,61807.88,61962.4,61807.88,61916.25
2026-06-25 07:45:00+00:00,61916.25,61944.54,61807.87,61911.04
2026-06-25 08:00:00+00:00,61911.03,61920.0,61760.0,61799.5
2026-06-25 08:15:00+00:00,61799.5,61799.51,61710.5,61779.61
2026-06-25 08:30:00+00:00,61779.61,61779.61,61714.0,61757.19
2026-06-25 08:45:00+00:00,61757.18,61804.45,61684.87,61712.35
2026-06-25 09:00:00+00:00,61712.36,61792.0,61680.92,61740.82
2026-06-25 09:15:00+00:00,61740.82,61766.34,61614.32,61696.01
2026-06-25 09:30:00+00:00,61696.0,61772.87,61688.73,61753.01
2026-06-25 09:45:00+00:00,61753.01,61780.46,61706.0,61739.29
2026-06-25 10:00:00+00:00,61739.29,61751.07,61658.0,61688.01
2026-06-25 10:15:00+00:00,61688.01,61751.07,61572.24,61574.89
2026-06-25 10:30:00+00:00,61574.89,61593.01,61388.96,61393.82
2026-06-25 10:45:00+00:00,61393.82,61400.0,61257.79,61269.94
2026-06-25 11:00:00+00:00,61269.95,61362.0,61066.0,61358.01
2026-06-25 11:15:00+00:00,61358.01,61422.52,61242.0,61242.0
2026-06-25 11:30:00+00:00,61242.01,61390.0,61242.01,61318.0
2026-06-25 11:45:00+00:00,61318.0,61318.0,61152.36,61282.01
2026-06-25 12:00:00+00:00,61282.0,61372.0,61147.51,61221.6
2026-06-25 12:15:00+00:00,61221.59,61269.27,61080.0,61098.29
2026-06-25 12:30:00+00:00,61098.29,61761.35,61098.29,61382.34
2026-06-25 12:45:00+00:00,61382.33,61413.51,61156.0,61244.01
2026-06-25 13:00:00+00:00,61244.01,61362.0,61172.54,61326.01
2026-06-25 13:15:00+00:00,61326.0,61369.18,61192.0,61240.01
2026-06-25 13:30:00+00:00,61240.01,61343.9,60072.01,60077.99
2026-06-25 13:45:00+00:00,60078.0,60250.0,58115.01,58290.17
2026-06-25 14:00:00+00:00,58291.7,59750.0,58291.7,59268.19
2026-06-25 14:15:00+00:00,59268.19,59568.22,58797.2,59329.16
2026-06-25 14:30:00+00:00,59329.16,60485.51,59179.06,59489.48
2026-06-25 14:45:00+00:00,59489.48,59787.99,59345.43,59471.5
2026-06-25 15:00:00+00:00,59471.49,59480.0,59049.64,59057.87
2026-06-25 15:15:00+00:00,59057.86,59385.17,58874.85,59261.99
2026-06-25 15:30:00+00:00,59262.0,59550.0,59077.0,59198.01
2026-06-25 15:45:00+00:00,59198.01,59655.86,59176.0,59557.99
2026-06-25 16:00:00+00:00,59557.99,60067.0,59468.0,59762.0
2026-06-25 16:15:00+00:00,59762.01,59842.23,59682.0,59742.98
2026-06-25 16:30:00+00:00,59742.99,59742.99,59241.98,59265.99
2026-06-25 16:45:00+00:00,59266.0,59389.08,59157.63,59312.64
2026-06-25 17:00:00+00:00,59312.64,59464.0,59139.96,59399.77
2026-06-25 17:15:00+00:00,59399.77,59602.0,59342.4,59556.01
2026-06-25 17:30:00+00:00,59556.0,59740.9,59496.49,59535.81
2026-06-25 17:45:00+00:00,59535.81,59684.0,59443.8,59676.01
2026-06-25 18:00:00+00:00,59676.0,59793.34,59400.0,59400.01
2026-06-25 18:15:00+00:00,59400.01,59749.99,59398.01,59718.02
2026-06-25 18:30:00+00:00,59718.01,59718.02,59382.43,59423.88
2026-06-25 18:45:00+00:00,59423.88,59594.77,59364.0,59512.71
2026-06-25 19:00:00+00:00,59512.71,59516.0,59227.15,59242.01
2026-06-25 19:15:00+00:00,59242.01,59359.19,59168.82,59348.05
2026-06-25 19:30:00+00:00,59348.04,59434.05,59289.61,59301.99
2026-06-25 19:45:00+00:00,59301.99,59365.84,59188.25,59320.0
2026-06-25 20:00:00+00:00,59319.99,59741.95,59319.99,59580.0
2026-06-25 20:15:00+00:00,59580.0,59730.0,59553.39,59628.0
2026-06-25 20:30:00+00:00,59628.0,59660.0,59414.04,59522.01
2026-06-25 20:45:00+00:00,59522.01,59522.01,59344.0,59456.62
2026-06-25 21:00:00+00:00,59456.62,59622.09,59452.01,59622.09
2026-06-25 21:15:00+00:00,59622.09,59711.99,59557.6,59711.99
2026-06-25 21:30:00+00:00,59712.0,60005.0,59700.01,59958.01
2026-06-25 21:45:00+00:00,59958.0,60273.81,59898.0,60211.87
2026-06-25 22:00:00+00:00,60211.86,60211.86,59879.66,59887.06
2026-06-25 22:15:00+00:00,59887.05,60012.0,59794.0,59794.01
2026-06-25 22:30:00+00:00,59794.01,59874.02,59750.0,59794.0
2026-06-25 22:45:00+00:00,59793.99,59921.71,59740.0,59851.27
2026-06-25 23:00:00+00:00,59851.27,59967.44,59796.02,59946.0
2026-06-25 23:15:00+00:00,59946.0,60170.17,59926.0,60104.51
2026-06-25 23:30:00+00:00,60104.51,60191.55,59965.99,59986.0
2026-06-25 23:45:00+00:00,59986.0,59986.01,59739.99,59794.0
2026-06-26 00:00:00+00:00,59794.64,59906.71,59771.13,59884.01
2026-06-26 00:15:00+00:00,59884.0,59884.0,59679.63,59771.99
2026-06-26 00:30:00+00:00,59771.99,59871.99,59704.0,59789.8
2026-06-26 00:45:00+00:00,59789.79,59818.0,59642.77,59667.09
2026-06-26 01:00:00+00:00,59667.09,59789.07,59450.0,59595.99
2026-06-26 01:15:00+00:00,59596.0,59664.0,59300.09,59300.09
2026-06-26 01:30:00+00:00,59300.1,59379.34,59228.0,59313.93
2026-06-26 01:45:00+00:00,59313.92,59439.31,59271.18,59431.5
2026-06-26 02:00:00+00:00,59431.49,59456.0,58608.2,58678.0
2026-06-26 02:15:00+00:00,58678.0,58892.21,58358.77,58882.01
2026-06-26 02:30:00+00:00,58882.01,59012.48,58690.69,58817.88
2026-06-26 02:45:00+00:00,58817.88,58828.48,58435.32,58561.99
2026-06-26 03:00:00+00:00,58562.0,58970.0,58337.0,58898.01
2026-06-26 03:15:00+00:00,58898.0,59186.53,58804.0,59100.36
2026-06-26 03:30:00+00:00,59100.37,59539.49,59014.9,59494.16
2026-06-26 03:45:00+00:00,59494.16,60131.37,59484.21,60036.01
2026-06-26 04:00:00+00:00,60036.0,60091.99,59836.17,59914.73
2026-06-26 04:15:00+00:00,59914.73,60238.77,59891.49,59994.01
2026-06-26 04:30:00+00:00,59994.0,60020.31,59891.78,59973.73
2026-06-26 04:45:00+00:00,59973.73,59979.35,59836.77,59920.47
2026-06-26 05:00:00+00:00,59920.47,59976.0,59838.01,59976.0
2026-06-26 05:15:00+00:00,59976.0,60040.0,59736.0,59958.0
2026-06-26 05:30:00+00:00,59958.01,60047.68,59847.05,59881.74
2026-06-26 05:45:00+00:00,59881.74,59973.6,59780.04,59953.3
2026-06-26 06:00:00+00:00,59953.3,59953.31,59702.0,59719.27
2026-06-26 06:15:00+00:00,59719.27,60093.38,59715.76,60045.49
2026-06-26 06:30:00+00:00,60045.48,60414.0,59954.31,60390.93
2026-06-26 06:45:00+00:00,60390.92,60459.55,60240.0,60324.0
2026-06-26 07:00:00+00:00,60324.0,60546.0,60283.08,60514.88
2026-06-26 07:15:00+00:00,60514.89,60713.26,60470.0,60590.01
2026-06-26 07:30:00+00:00,60590.01,60759.99,60559.57,60594.01
2026-06-26 07:45:00+00:00,60594.0,60642.92,60500.0,60532.0
2026-06-26 08:00:00+00:00,60532.0,60580.0,60233.31,60276.04
2026-06-26 08:15:00+00:00,60276.17,60375.47,60191.04,60314.5
2026-06-26 08:30:00+00:00,60314.51,60348.98,60153.75,60214.0
2026-06-26 08:45:00+00:00,60214.0,60280.0,60150.56,60245.67
2026-06-26 09:00:00+00:00,60245.9,60259.37,60080.18,60175.68
2026-06-26 09:15:00+00:00,60175.68,60179.36,60084.01,60134.0
2026-06-26 09:30:00+00:00,60133.99,60133.99,59957.04,60003.51
2026-06-26 09:45:00+00:00,60003.51,60024.43,59583.33,59736.01
2026-06-26 10:00:00+00:00,59736.01,59825.09,59656.0,59752.0
2026-06-26 10:15:00+00:00,59752.01,59858.93,59718.78,59723.7
2026-06-26 10:30:00+00:00,59723.7,59809.0,59459.83,59558.01
2026-06-26 10:45:00+00:00,59558.01,59566.0,59239.78,59313.26
2026-06-26 11:00:00+00:00,59313.26,59588.0,59259.78,59486.0
2026-06-26 11:15:00+00:00,59486.0,59500.0,59368.85,59419.01
2026-06-26 11:30:00+00:00,59419.02,59532.0,59390.12,59452.58
2026-06-26 11:45:00+00:00,59452.58,59453.07,59275.41,59413.24
2026-06-26 12:00:00+00:00,59413.24,59517.52,59343.44,59455.39
2026-06-26 12:15:00+00:00,59455.4,59726.0,59453.39,59726.0
2026-06-26 12:30:00+00:00,59725.99,60007.91,58969.9,59145.33
2026-06-26 12:45:00+00:00,59145.33,59600.0,59072.73,59185.02
2026-06-26 13:00:00+00:00,59185.02,59279.84,58947.16,59093.9
2026-06-26 13:15:00+00:00,59093.9,59174.84,58500.1,58914.35
2026-06-26 13:30:00+00:00,58914.35,59508.2,58842.0,59480.49
2026-06-26 13:45:00+00:00,59480.48,60216.14,59328.79,60175.43
2026-06-26 14:00:00+00:00,60175.42,60294.0,59815.34,59989.99
2026-06-26 14:15:00+00:00,59989.99,60253.04,59821.24,60059.34
2026-06-26 14:30:00+00:00,60059.35,60080.36,59556.0,59600.0
2026-06-26 14:45:00+00:00,59600.0,59906.0,59390.0,59590.73
2026-06-26 15:00:00+00:00,59590.73,60100.0,59584.01,59834.01
2026-06-26 15:15:00+00:00,59834.0,60376.0,59786.0,60185.99
2026-06-26 15:30:00+00:00,60185.98,60500.0,60129.99,60424.13
2026-06-26 15:45:00+00:00,60424.13,60438.0,60144.82,60328.32
2026-06-26 16:00:00+00:00,60328.18,60583.0,60147.36,60178.0
2026-06-26 16:15:00+00:00,60178.0,60278.0,59970.0,60042.99
2026-06-26 16:30:00+00:00,60042.99,60387.99,60042.99,60066.13
2026-06-26 16:45:00+00:00,60066.12,60181.68,60014.0,60041.75
2026-06-26 17:00:00+00:00,60041.76,60287.9,60011.04,60211.99
2026-06-26 17:15:00+00:00,60211.99,60254.2,60036.79,60178.01
2026-06-26 17:30:00+00:00,60178.0,60216.0,59952.0,60065.5
2026-06-26 17:45:00+00:00,60065.5,60108.0,59960.0,60023.97
2026-06-26 18:00:00+00:00,60023.96,60158.0,60021.17,60083.99
2026-06-26 18:15:00+00:00,60084.0,60110.0,59812.0,59829.12
2026-06-26 18:30:00+00:00,59829.12,59881.93,59744.38,59778.0
2026-06-26 18:45:00+00:00,59778.01,59778.01,59556.0,59668.01
2026-06-26 19:00:00+00:00,59668.01,60098.0,59617.37,60019.17
2026-06-26 19:15:00+00:00,60019.16,60019.17,59884.0,59937.95
2026-06-26 19:30:00+00:00,59937.95,60092.0,59884.0,59884.0
2026-06-26 19:45:00+00:00,59884.01,59936.5,59726.0,59751.97
2026-06-26 20:00:00+00:00,59751.96,59994.0,59689.57,59730.0
2026-06-26 20:15:00+00:00,59730.0,59814.0,59701.34,59784.01
2026-06-26 20:30:00+00:00,59784.01,59784.01,59571.31,59657.99
2026-06-26 20:45:00+00:00,59657.98,59796.0,59644.0,59718.0
2026-06-26 21:00:00+00:00,59717.99,59768.0,59678.0,59765.11
2026-06-26 21:15:00+00:00,59765.11,59882.2,59690.0,59874.0
2026-06-26 21:30:00+00:00,59874.0,60050.0,59864.0,60023.99
2026-06-26 21:45:00+00:00,60023.99,60048.0,59918.7,59918.7
2026-06-26 22:00:00+00:00,59918.7,59951.52,59754.0,59915.35
2026-06-26 22:15:00+00:00,59915.34,59985.15,59894.0,59894.0
2026-06-26 22:30:00+00:00,59894.01,59985.18,59865.19,59969.66
2026-06-26 22:45:00+00:00,59969.66,60080.0,59918.0,60048.0
2026-06-26 23:00:00+00:00,60048.0,60117.64,60014.83,60091.45
2026-06-26 23:15:00+00:00,60091.45,60091.45,59979.96,59979.97
2026-06-26 23:30:00+00:00,59979.96,60084.93,59923.27,60068.01
2026-06-26 23:45:00+00:00,60068.0,60116.0,60060.0,60097.27
2026-06-27 00:00:00+00:00,60097.27,60197.0,60068.0,60114.0
2026-06-27 00:15:00+00:00,60114.0,60124.0,60036.0,60050.63
2026-06-27 00:30:00+00:00,60050.64,60050.64,59876.22,59977.99
2026-06-27 00:45:00+00:00,59978.0,60071.94,59952.18,60059.07
2026-06-27 01:00:00+00:00,60059.09,60068.0,59960.0,59964.68
2026-06-27 01:15:00+00:00,59964.68,60013.8,59940.0,59995.99
2026-06-27 01:30:00+00:00,59996.0,60000.0,59936.07,59968.01
2026-06-27 01:45:00+00:00,59968.0,59996.1,59937.08,59945.53
2026-06-27 02:00:00+00:00,59945.53,60120.42,59921.68,60113.99
2026-06-27 02:15:00+00:00,60114.0,60377.47,60078.82,60297.23
2026-06-27 02:30:00+00:00,60297.22,60322.58,60200.0,60284.06
2026-06-27 02:45:00+00:00,60284.07,60378.23,60266.0,60290.01
2026-06-27 03:00:00+00:00,60290.01,60412.0,60159.91,60170.0
2026-06-27 03:15:00+00:00,60170.0,60345.35,60169.99,60310.21
2026-06-27 03:30:00+00:00,60310.21,60395.7,60286.0,60306.01
2026-06-27 03:45:00+00:00,60306.0,60360.43,60258.56,60305.73
2026-06-27 04:00:00+00:00,60305.73,60452.0,60305.73,60407.55
2026-06-27 04:15:00+00:00,60407.55,60482.0,60380.01,60396.22
2026-06-27 04:30:00+00:00,60396.22,60444.0,60355.8,60374.01
2026-06-27 04:45:00+00:00,60374.02,60374.02,60217.26,60239.99
2026-06-27 05:00:00+00:00,60240.0,60311.0,60200.0,60309.99
2026-06-27 05:15:00+00:00,60309.99,60309.99,60164.0,60164.01
2026-06-27 05:30:00+00:00,60164.01,60236.33,60136.0,60236.01
2026-06-27 05:45:00+00:00,60236.0,60268.0,60227.49,60236.76
2026-06-27 06:00:00+00:00,60236.75,60236.76,60114.34,60147.99
2026-06-27 06:15:00+00:00,60147.99,60230.0,60093.33,60203.0
2026-06-27 06:30:00+00:00,60203.0,60437.89,60202.99,60408.0
2026-06-27 06:45:00+00:00,60407.99,60500.0,60350.9,60370.62
2026-06-27 07:00:00+00:00,60370.63,60392.88,60300.0,60321.98
2026-06-27 07:15:00+00:00,60321.99,60444.82,60316.08,60429.99
2026-06-27 07:30:00+00:00,60430.0,60467.0,60388.0,60442.8
2026-06-27 07:45:00+00:00,60442.79,60574.0,60442.79,60548.07
2026-06-27 08:00:00+00:00,60548.06,60548.74,60452.0,60480.01
2026-06-27 08:15:00+00:00,60480.01,60526.62,60446.73,60446.76
2026-06-27 08:30:00+00:00,60446.75,60459.79,60371.62,60373.21
2026-06-27 08:45:00+00:00,60373.21,60520.0,60373.2,60456.0
2026-06-27 09:00:00+00:00,60456.0,60511.99,60348.8,60367.17
2026-06-27 09:15:00+00:00,60367.17,60370.0,60289.55,60368.25
2026-06-27 09:30:00+00:00,60368.24,60444.32,60368.24,60394.18
2026-06-27 09:45:00+00:00,60394.18,60445.37,60388.99,60414.62
2026-06-27 10:00:00+00:00,60414.62,60472.0,60402.51,60472.0
2026-06-27 10:15:00+00:00,60471.99,60487.31,60445.33,60457.69
2026-06-27 10:30:00+00:00,60457.68,60457.69,60410.0,60428.52
2026-06-27 10:45:00+00:00,60428.53,60428.53,60380.0,60420.28
2026-06-27 11:00:00+00:00,60420.28,60447.8,60368.0,60401.59
2026-06-27 11:15:00+00:00,60401.58,60401.59,60237.1,60263.27
2026-06-27 11:30:00+00:00,60263.27,60301.99,60198.94,60267.45
2026-06-27 11:45:00+00:00,60267.44,60416.65,60267.44,60363.65
2026-06-27 12:00:00+00:00,60363.65,60363.66,60257.03,60291.87
2026-06-27 12:15:00+00:00,60291.87,60348.0,60291.86,60345.97
2026-06-27 12:30:00+00:00,60345.98,60387.09,60310.0,60329.27
2026-06-27 12:45:00+00:00,60329.27,60430.01,60310.0,60430.0
2026-06-27 13:00:00+00:00,60430.0,60479.98,60394.0,60438.0
2026-06-27 13:15:00+00:00,60438.0,60490.0,60399.49,60468.75
2026-06-27 13:30:00+00:00,60468.76,60665.74,60452.0,60600.89
2026-06-27 13:45:00+00:00,60600.89,60629.18,60544.34,60588.35
2026-06-27 14:00:00+00:00,60588.35,60728.0,60510.0,60670.61
2026-06-27 14:15:00+00:00,60670.6,60670.6,60590.94,60590.95
2026-06-27 14:30:00+00:00,60590.94,60658.0,60526.48,60640.01
2026-06-27 14:45:00+00:00,60640.0,60672.0,60604.68,60611.5
2026-06-27 15:00:00+00:00,60611.49,60908.83,60570.0,60877.5
2026-06-27 15:15:00+00:00,60877.49,60877.5,60717.08,60811.67
2026-06-27 15:30:00+00:00,60811.67,60941.17,60760.28,60794.01
2026-06-27 15:45:00+00:00,60794.01,60861.35,60749.99,60840.06
2026-06-27 16:00:00+00:00,60840.06,60855.03,60738.9,60749.95
2026-06-27 16:15:00+00:00,60749.94,60749.95,60683.37,60716.63
2026-06-27 16:30:00+00:00,60716.63,60793.97,60673.64,60793.97
2026-06-27 16:45:00+00:00,60793.97,60824.0,60761.76,60807.99
2026-06-27 17:00:00+00:00,60808.0,60818.76,60413.15,60563.38
2026-06-27 17:15:00+00:00,60563.38,60615.73,60469.15,60578.9
2026-06-27 17:30:00+00:00,60578.89,60655.61,60504.46,60599.29
2026-06-27 17:45:00+00:00,60599.29,60621.1,60524.88,60524.88
2026-06-27 18:00:00+00:00,60524.89,60563.06,60446.25,60522.14
2026-06-27 18:15:00+00:00,60522.14,60560.0,60460.0,60516.0
2026-06-27 18:30:00+00:00,60515.99,60566.0,60500.08,60562.52
2026-06-27 18:45:00+00:00,60562.51,60576.03,60520.0,60570.86
2026-06-27 19:00:00+00:00,60570.86,60605.41,60560.59,60599.34
2026-06-27 19:15:00+00:00,60599.35,60599.35,60262.0,60323.37
2026-06-27 19:30:00+00:00,60323.36,60330.32,60085.88,60200.41
2026-06-27 19:45:00+00:00,60200.41,60243.57,60144.24,60175.95
2026-06-27 20:00:00+00:00,60175.95,60294.0,60173.07,60258.5
2026-06-27 20:15:00+00:00,60258.5,60306.0,60256.0,60277.89
2026-06-27 20:30:00+00:00,60277.88,60281.68,60255.81,60255.82
2026-06-27 20:45:00+00:00,60255.82,60300.0,60255.82,60300.0
2026-06-27 21:00:00+00:00,60300.0,60401.18,60299.99,60391.73
2026-06-27 21:15:00+00:00,60391.73,60454.99,60360.99,60451.0
2026-06-27 21:30:00+00:00,60451.01,60482.18,60228.81,60249.68
2026-06-27 21:45:00+00:00,60249.69,60295.99,60142.0,60203.82
2026-06-27 22:00:00+00:00,60203.83,60203.83,60043.36,60120.04
2026-06-27 22:15:00+00:00,60120.05,60170.7,59855.16,60133.99
2026-06-27 22:30:00+00:00,60133.98,60256.56,60128.0,60177.96
2026-06-27 22:45:00+00:00,60177.96,60241.8,60160.0,60228.95
2026-06-27 23:00:00+00:00,60228.96,60320.0,60024.0,60044.43
2026-06-27 23:15:00+00:00,60044.43,60098.0,59952.0,59985.99
2026-06-27 23:30:00+00:00,59985.99,60094.0,59971.5,60055.01
2026-06-27 23:45:00+00:00,60055.0,60091.93,60010.0,60029.0
2026-06-28 00:00:00+00:00,60029.01,60145.39,60018.0,60137.3
2026-06-28 00:15:00+00:00,60137.3,60188.0,60136.02,60166.8
2026-06-28 00:30:00+00:00,60166.8,60176.87,60088.17,60176.87
2026-06-28 00:45:00+00:00,60176.87,60190.0,60135.03,60146.0
2026-06-28 01:00:00+00:00,60146.0,60166.6,59986.0,60081.99
2026-06-28 01:15:00+00:00,60082.0,60234.43,60061.59,60204.78
2026-06-28 01:30:00+00:00,60204.78,60269.76,60188.21,60258.88
2026-06-28 01:45:00+00:00,60258.88,60273.38,60206.0,60222.22
2026-06-28 02:00:00+00:00,60222.21,60296.6,60222.21,60285.62
2026-06-28 02:15:00+00:00,60285.62,60339.99,60054.0,60111.49
2026-06-28 02:30:00+00:00,60111.49,60154.83,60102.0,60138.76
2026-06-28 02:45:00+00:00,60138.76,60188.49,60110.0,60150.45
2026-06-28 03:00:00+00:00,60150.46,60266.0,60150.45,60263.86
2026-06-28 03:15:00+00:00,60263.86,60274.98,60201.4,60262.57
2026-06-28 03:30:00+00:00,60262.57,60275.0,60187.01,60197.27
2026-06-28 03:45:00+00:00,60197.27,60220.06,60162.0,60197.04
2026-06-28 04:00:00+00:00,60197.03,60230.0,60144.0,60215.64
2026-06-28 04:15:00+00:00,60215.64,60231.83,60198.27,60199.18
2026-06-28 04:30:00+00:00,60199.17,60199.18,60088.04,60174.01
2026-06-28 04:45:00+00:00,60174.0,60194.0,60121.06,60133.0
2026-06-28 05:00:00+00:00,60133.01,60140.0,59970.0,60012.77
2026-06-28 05:15:00+00:00,60012.77,60021.64,59753.48,59836.09
2026-06-28 05:30:00+00:00,59836.09,59954.29,59795.99,59918.64
2026-06-28 05:45:00+00:00,59918.64,60015.22,59918.63,59989.17
2026-06-28 06:00:00+00:00,59989.18,60024.25,59842.0,59842.01
2026-06-28 06:15:00+00:00,59842.01,59956.25,59808.0,59925.28
2026-06-28 06:30:00+00:00,59925.28,59990.0,59925.27,59966.87
2026-06-28 06:45:00+00:00,59966.87,60030.0,59958.48,60002.82
2026-06-28 07:00:00+00:00,60002.82,60186.0,60000.0,60140.94
2026-06-28 07:15:00+00:00,60140.94,60143.65,60106.0,60108.42
2026-06-28 07:30:00+00:00,60108.42,60249.48,60106.77,60222.86
2026-06-28 07:45:00+00:00,60222.87,60259.68,60198.58,60219.99
2026-06-28 08:00:00+00:00,60220.0,60248.0,60140.14,60179.54
2026-06-28 08:15:00+00:00,60179.54,60230.0,60159.99,60224.61
2026-06-28 08:30:00+00:00,60224.61,60545.01,60218.0,60449.42
2026-06-28 08:45:00+00:00,60449.41,60482.0,60370.0,60370.0
2026-06-28 09:00:00+00:00,60370.01,60462.0,60290.01,60368.03
2026-06-28 09:15:00+00:00,60368.03,60390.0,60318.0,60323.36
2026-06-28 09:30:00+00:00,60323.36,60409.32,60310.26,60378.88
2026-06-28 09:45:00+00:00,60378.88,60394.75,60250.81,60258.84
2026-06-28 10:00:00+00:00,60258.85,60292.48,60172.52,60260.37
2026-06-28 10:15:00+00:00,60260.36,60286.0,60068.0,60105.02
2026-06-28 10:30:00+00:00,60105.03,60138.0,60078.0,60127.2
2026-06-28 10:45:00+00:00,60127.21,60176.0,60127.2,60166.71
2026-06-28 11:00:00+00:00,60166.71,60262.39,60100.0,60125.42
2026-06-28 11:15:00+00:00,60125.41,60363.0,60123.9,60312.01
2026-06-28 11:30:00+00:00,60312.01,60324.98,60260.28,60302.95
2026-06-28 11:45:00+00:00,60302.95,60374.05,60251.5,60342.0
2026-06-28 12:00:00+00:00,60341.99,60400.0,60281.21,60298.55
2026-06-28 12:15:00+00:00,60298.55,60345.99,60190.0,60338.47
2026-06-28 12:30:00+00:00,60338.46,60457.02,60204.0,60238.16
2026-06-28 12:45:00+00:00,60238.17,60312.0,60238.16,60293.51
2026-06-28 13:00:00+00:00,60293.5,60293.51,59963.86,60124.4
2026-06-28 13:15:00+00:00,60124.4,60170.0,60078.0,60127.99
2026-06-28 13:30:00+00:00,60127.99,60183.84,60045.32,60123.88
2026-06-28 13:45:00+00:00,60123.89,60129.91,60056.0,60071.88
2026-06-28 14:00:00+00:00,60071.89,60175.69,60034.63,60175.69
2026-06-28 14:15:00+00:00,60175.69,60250.0,60104.0,60155.49
2026-06-28 14:30:00+00:00,60155.49,60195.13,60084.0,60109.69
2026-06-28 14:45:00+00:00,60109.69,60170.01,60018.0,60033.0
2026-06-28 15:00:00+00:00,60033.01,60098.0,59888.0,60082.09
2026-06-28 15:15:00+00:00,60081.63,60130.0,60006.0,60040.08
2026-06-28 15:30:00+00:00,60040.07,60094.0,59900.0,59975.53
2026-06-28 15:45:00+00:00,59975.52,60006.0,59817.28,59890.0
2026-06-28 16:00:00+00:00,59890.35,59943.9,59822.0,59832.46
2026-06-28 16:15:00+00:00,59832.46,59905.98,59671.28,59772.99
2026-06-28 16:30:00+00:00,59772.99,59794.01,59606.73,59622.59
2026-06-28 16:45:00+00:00,59622.59,59740.0,59582.34,59690.62
2026-06-28 17:00:00+00:00,59690.62,59848.0,59556.0,59641.17
2026-06-28 17:15:00+00:00,59641.18,59684.27,59600.0,59600.01
2026-06-28 17:30:00+00:00,59600.01,59642.0,59403.77,59532.76
2026-06-28 17:45:00+00:00,59533.81,59631.97,59523.77,59586.01
2026-06-28 18:00:00+00:00,59586.0,59700.0,59578.0,59647.4
2026-06-28 18:15:00+00:00,59647.41,59674.0,59602.0,59611.97
2026-06-28 18:30:00+00:00,59611.97,59671.68,59582.08,59601.0
2026-06-28 18:45:00+00:00,59601.0,59625.56,59502.0,59614.46
2026-06-28 19:00:00+00:00,59614.46,59614.46,59462.61,59504.06
2026-06-28 19:15:00+00:00,59504.06,59550.0,59441.75,59549.99
2026-06-28 19:30:00+00:00,59549.99,59682.0,59421.8,59442.84
2026-06-28 19:45:00+00:00,59442.84,59500.0,59270.26,59481.79
2026-06-28 20:00:00+00:00,59481.78,59678.0,59474.28,59663.35
2026-06-28 20:15:00+00:00,59663.34,59765.9,59651.11,59713.73
2026-06-28 20:30:00+00:00,59713.72,59720.08,59630.01,59670.01
2026-06-28 20:45:00+00:00,59670.0,59721.33,59650.0,59660.0
2026-06-28 21:00:00+00:00,59660.0,59701.6,59645.0,59692.0
2026-06-28 21:15:00+00:00,59691.99,59743.82,59660.0,59713.4
2026-06-28 21:30:00+00:00,59713.4,59796.66,59660.0,59660.0
2026-06-28 21:45:00+00:00,59660.01,59678.66,59333.33,59445.95
2026-06-28 22:00:00+00:00,59445.96,59906.0,59445.96,59630.0
2026-06-28 22:15:00+00:00,59630.01,59638.37,59170.0,59381.12
2026-06-28 22:30:00+00:00,59381.12,59460.0,59087.47,59109.29
2026-06-28 22:45:00+00:00,59109.3,59216.99,58905.0,59067.01
2026-06-28 23:00:00+00:00,59067.0,59370.0,59011.99,59267.94
2026-06-28 23:15:00+00:00,59267.94,59583.99,59252.23,59546.54
2026-06-28 23:30:00+00:00,59546.54,59848.0,59530.0,59730.0
2026-06-28 23:45:00+00:00,59729.99,59795.99,59577.0,59577.01
2026-06-29 00:00:00+00:00,59577.01,59694.0,59270.73,59584.0
2026-06-29 00:15:00+00:00,59584.0,59597.99,59192.12,59214.01
2026-06-29 00:30:00+00:00,59214.01,59380.02,59000.01,59380.02
2026-06-29 00:45:00+00:00,59380.01,59700.0,59177.0,59667.01
2026-06-29 01:00:00+00:00,59667.0,59697.0,59460.0,59482.12
2026-06-29 01:15:00+00:00,59482.12,59512.72,59232.16,59300.1
2026-06-29 01:30:00+00:00,59300.1,59574.0,59206.0,59546.01
2026-06-29 01:45:00+00:00,59546.01,59588.0,59434.0,59440.95
2026-06-29 02:00:00+00:00,59440.95,59512.72,58900.01,59023.9
2026-06-29 02:15:00+00:00,59024.0,59596.0,58980.0,59546.0
2026-06-29 02:30:00+00:00,59545.99,59800.0,59496.43,59777.51
2026-06-29 02:45:00+00:00,59777.5,59812.0,59698.44,59757.46
2026-06-29 03:00:00+00:00,59757.47,60186.81,59757.47,60003.71
2026-06-29 03:15:00+00:00,60003.71,60233.0,59966.0,60172.68
2026-06-29 03:30:00+00:00,60172.68,60209.35,59878.27,59920.01
2026-06-29 03:45:00+00:00,59920.01,60076.01,59881.45,60049.46
2026-06-29 04:00:00+00:00,60049.45,60053.99,59900.0,59924.0
2026-06-29 04:15:00+00:00,59924.0,60000.01,59846.0,59955.14
2026-06-29 04:30:00+00:00,59955.13,59963.95,59746.0,59845.26
2026-06-29 04:45:00+00:00,59845.26,59906.0,59786.0,59830.0
2026-06-29 05:00:00+00:00,59830.01,59861.57,59392.02,59534.01
2026-06-29 05:15:00+00:00,59534.01,59717.93,59534.01,59685.99
2026-06-29 05:30:00+00:00,59685.99,59923.13,59646.0,59914.62
2026-06-29 05:45:00+00:00,59914.61,60102.8,59904.0,60102.8
2026-06-29 06:00:00+00:00,60102.8,60222.05,60080.96,60178.0
2026-06-29 06:15:00+00:00,60178.0,60346.27,60124.25,60169.84
2026-06-29 06:30:00+00:00,60169.84,60202.06,60068.84,60080.52
2026-06-29 06:45:00+00:00,60080.53,60162.0,60050.67,60075.49
2026-06-29 07:00:00+00:00,60075.5,60085.01,59936.0,60084.0
2026-06-29 07:15:00+00:00,60083.99,60186.94,60026.61,60106.02
2026-06-29 07:30:00+00:00,60106.02,60138.0,60049.99,60050.01
2026-06-29 07:45:00+00:00,60050.01,60135.92,60026.0,60026.0
2026-06-29 08:00:00+00:00,60026.01,60093.99,59896.65,59960.0
2026-06-29 08:15:00+00:00,59960.0,60058.0,59804.01,59831.01
2026-06-29 08:30:00+00:00,59831.01,59912.0,59745.46,59870.0
2026-06-29 08:45:00+00:00,59869.99,59940.0,59840.0,59840.0
2026-06-29 09:00:00+00:00,59840.01,59955.13,59800.06,59948.0
2026-06-29 09:15:00+00:00,59948.01,60104.0,59778.76,59929.25
2026-06-29 09:30:00+00:00,59929.26,60000.0,59888.0,59968.92
2026-06-29 09:45:00+00:00,59968.92,60072.0,59928.0,60057.0
2026-06-29 10:00:00+00:00,60057.0,60310.0,60056.99,60232.56
2026-06-29 10:15:00+00:00,60232.57,60311.95,60187.54,60215.78
2026-06-29 10:30:00+00:00,60215.79,60215.79,60075.0,60130.62
2026-06-29 10:45:00+00:00,60130.62,60156.33,60065.49,60088.0
2026-06-29 11:00:00+00:00,60088.0,60094.0,59944.69,59944.69
2026-06-29 11:15:00+00:00,59944.7,60000.0,59880.0,59990.6
2026-06-29 11:30:00+00:00,59990.6,60216.0,59806.57,59858.79
2026-06-29 11:45:00+00:00,59858.78,59993.0,59796.0,59956.05
2026-06-29 12:00:00+00:00,59956.05,60780.57,59595.09,60672.0
2026-06-29 12:15:00+00:00,60672.01,60771.18,60416.72,60440.01
2026-06-29 12:30:00+00:00,60440.01,60460.0,59822.63,59951.68
2026-06-29 12:45:00+00:00,59951.69,60050.43,59789.01,59948.78
2026-06-29 13:00:00+00:00,59948.79,60340.0,59948.79,60214.0
2026-06-29 13:15:00+00:00,60213.99,60304.0,59955.58,59978.01
2026-06-29 13:30:00+00:00,59978.0,60276.53,59431.76,59460.01
2026-06-29 13:45:00+00:00,59460.0,59600.0,59319.9,59580.0
2026-06-29 14:00:00+00:00,59580.0,59593.74,59084.86,59090.91
2026-06-29 14:15:00+00:00,59090.9,59560.0,59011.0,59510.0
2026-06-29 14:30:00+00:00,59510.0,59699.99,59306.4,59320.01
2026-06-29 14:45:00+00:00,59320.0,59614.46,59253.69,59469.67
2026-06-29 15:00:00+00:00,59469.45,59478.07,59097.58,59258.13
2026-06-29 15:15:00+00:00,59258.14,59495.73,59140.0,59491.99
2026-06-29 15:30:00+00:00,59492.0,59875.0,59492.0,59831.61
2026-06-29 15:45:00+00:00,59831.61,59960.0,59762.0,59824.01
2026-06-29 16:00:00+00:00,59824.01,59931.98,59710.01,59732.01
2026-06-29 16:15:00+00:00,59732.01,59783.99,59584.48,59603.35
2026-06-29 16:30:00+00:00,59603.35,59888.0,59603.35,59877.94
2026-06-29 16:45:00+00:00,59877.93,60030.0,59826.0,59892.86
2026-06-29 17:00:00+00:00,59892.87,60483.49,59892.0,60458.81
2026-06-29 17:15:00+00:00,60458.8,60641.21,60399.47,60544.01
2026-06-29 17:30:00+00:00,60544.0,60683.84,60392.0,60620.01
2026-06-29 17:45:00+00:00,60620.0,60653.99,60404.0,60413.99
2026-06-29 18:00:00+00:00,60413.99,60520.0,60328.36,60519.99
2026-06-29 18:15:00+00:00,60520.0,60520.0,60229.32,60275.42
2026-06-29 18:30:00+00:00,60275.43,60336.0,60210.07,60288.3
2026-06-29 18:45:00+00:00,60288.3,60295.0,60193.87,60295.0
2026-06-29 19:00:00+00:00,60295.0,60310.64,60153.35,60200.01
2026-06-29 19:15:00+00:00,60200.0,60478.0,60189.97,60460.0
2026-06-29 19:30:00+00:00,60460.0,60472.19,60314.0,60466.0
2026-06-29 19:45:00+00:00,60466.01,60557.5,60414.26,60433.49
2026-06-29 20:00:00+00:00,60433.5,60553.06,60421.31,60437.99
2026-06-29 20:15:00+00:00,60438.0,60489.56,60362.0,60400.0
2026-06-29 20:30:00+00:00,60400.0,60479.0,60399.99,60416.7
2026-06-29 20:45:00+00:00,60416.7,60416.7,60295.32,60296.0
2026-06-29 21:00:00+00:00,60296.01,60415.0,60261.89,60414.0
2026-06-29 21:15:00+00:00,60413.99,60414.0,60306.0,60349.99
2026-06-29 21:30:00+00:00,60350.0,60492.0,60349.99,60464.06
2026-06-29 21:45:00+00:00,60464.05,60585.99,60464.05,60479.72
2026-06-29 22:00:00+00:00,60479.71,60494.0,60363.18,60450.0
2026-06-29 22:15:00+00:00,60450.0,60516.0,60432.17,60445.01
2026-06-29 22:30:00+00:00,60445.01,60458.0,60350.0,60385.24
2026-06-29 22:45:00+00:00,60385.25,60426.64,60352.0,60352.31
2026-06-29 23:00:00+00:00,60352.31,60379.23,60328.66,60345.99
2026-06-29 23:15:00+00:00,60346.0,60361.47,60194.01,60232.01
2026-06-29 23:30:00+00:00,60232.0,60296.56,60219.71,60252.0
2026-06-29 23:45:00+00:00,60252.0,60293.22,60218.62,60260.21
2026-06-30 00:00:00+00:00,60260.2,60276.54,60151.04,60202.0
2026-06-30 00:15:00+00:00,60202.0,60230.0,59915.0,59933.0
2026-06-30 00:30:00+00:00,59932.99,59935.99,59700.0,59778.41
2026-06-30 00:45:00+00:00,59778.41,59933.91,59756.0,59838.01
2026-06-30 01:00:00+00:00,59838.01,59871.63,59771.0,59828.8
2026-06-30 01:15:00+00:00,59828.8,60044.0,59814.0,60038.0
2026-06-30 01:30:00+00:00,60037.99,60048.98,59794.0,59838.98
2026-06-30 01:45:00+00:00,59838.98,59941.95,59832.0,59939.94
2026-06-30 02:00:00+00:00,59939.94,59945.72,59773.96,59796.01
2026-06-30 02:15:00+00:00,59796.01,59992.0,59755.0,59975.98
2026-06-30 02:30:00+00:00,59975.98,60026.99,59922.0,60007.01
2026-06-30 02:45:00+00:00,60007.0,60042.54,59941.96,59948.24
2026-06-30 03:00:00+00:00,59948.24,59980.0,59860.84,59899.94
2026-06-30 03:15:00+00:00,59899.93,60031.75,59818.0,59858.0
2026-06-30 03:30:00+00:00,59858.0,59858.01,59740.52,59740.53
2026-06-30 03:45:00+00:00,59740.53,59740.53,59600.0,59627.48
2026-06-30 04:00:00+00:00,59627.47,59627.48,59433.36,59563.46
2026-06-30 04:15:00+00:00,59563.46,59576.0,59442.99,59550.61
2026-06-30 04:30:00+00:00,59550.61,59700.0,59541.08,59616.0
2026-06-30 04:45:00+00:00,59616.0,59616.0,59446.73,59492.01
2026-06-30 05:00:00+00:00,59492.01,59531.99,59366.05,59432.99
2026-06-30 05:15:00+00:00,59432.99,59493.87,59375.52,59386.01
2026-06-30 05:30:00+00:00,59386.01,59579.99,59360.0,59567.5
2026-06-30 05:45:00+00:00,59567.51,59656.89,59554.0,59652.13
2026-06-30 06:00:00+00:00,59652.13,59674.7,59534.56,59566.15
2026-06-30 06:15:00+00:00,59566.15,59712.88,59513.72,59700.01
2026-06-30 06:30:00+00:00,59700.0,59711.64,59546.3,59557.99
2026-06-30 06:45:00+00:00,59558.0,59600.45,59543.37,59592.0
2026-06-30 07:00:00+00:00,59592.0,59632.0,59444.0,59491.29
2026-06-30 07:15:00+00:00,59491.3,59566.16,59447.0,59472.87
2026-06-30 07:30:00+00:00,59472.86,59572.06,59459.6,59512.72
2026-06-30 07:45:00+00:00,59512.72,59554.89,59462.75,59524.01
2026-06-30 08:00:00+00:00,59524.01,59551.03,59431.86,59431.87
2026-06-30 08:15:00+00:00,59431.87,59440.0,59371.56,59409.99
2026-06-30 08:30:00+00:00,59410.0,59441.95,59210.0,59274.7
2026-06-30 08:45:00+00:00,59274.7,59388.89,59189.0,59311.92
2026-06-30 09:00:00+00:00,59311.26,59400.09,59280.0,59343.74
2026-06-30 09:15:00+00:00,59343.74,59366.88,59266.01,59296.0
2026-06-30 09:30:00+00:00,59296.01,59388.0,59252.0,59360.28
2026-06-30 09:45:00+00:00,59360.28,59420.0,59360.27,59374.96
2026-06-30 10:00:00+00:00,59374.96,59413.0,59313.47,59370.99
2026-06-30 10:15:00+00:00,59370.98,59420.0,59338.0,59371.99
2026-06-30 10:30:00+00:00,59371.98,59372.94,59287.29,59334.0
2026-06-30 10:45:00+00:00,59334.0,59400.61,59286.36,59334.01
2026-06-30 11:00:00+00:00,59334.01,59413.27,59322.0,59388.25
2026-06-30 11:15:00+00:00,59388.26,59396.0,59196.0,59223.31
2026-06-30 11:30:00+00:00,59223.31,59275.0,59123.01,59249.14
2026-06-30 11:45:00+00:00,59249.14,59340.0,59158.43,59192.7
2026-06-30 12:00:00+00:00,59192.71,59192.71,59000.06,59009.9
2026-06-30 12:15:00+00:00,59009.9,59079.96,58760.16,58865.92
2026-06-30 12:30:00+00:00,58865.92,58897.79,58776.33,58843.5
2026-06-30 12:45:00+00:00,58843.5,58853.55,58403.51,58412.0
2026-06-30 13:00:00+00:00,58411.99,58658.55,58322.63,58458.1
2026-06-30 13:15:00+00:00,58458.11,58600.0,58454.0,58517.0
2026-06-30 13:30:00+00:00,58517.0,58762.0,58228.33,58570.01
2026-06-30 13:45:00+00:00,58570.0,58802.66,58462.4,58737.18
2026-06-30 14:00:00+00:00,58737.17,59276.6,58655.0,58995.99
2026-06-30 14:15:00+00:00,58996.0,59154.27,58894.08,59039.99
2026-06-30 14:30:00+00:00,59040.0,59100.0,58586.57,58919.4
2026-06-30 14:45:00+00:00,58919.41,58919.41,58433.0,58482.81
2026-06-30 15:00:00+00:00,58482.81,58600.0,58201.0,58441.99
2026-06-30 15:15:00+00:00,58442.0,58490.0,58204.0,58384.55
2026-06-30 15:30:00+00:00,58384.55,58500.99,58266.01,58444.0
2026-06-30 15:45:00+00:00,58444.01,58796.0,58347.37,58381.99
2026-06-30 16:00:00+00:00,58382.0,58632.0,58362.0,58406.0
2026-06-30 16:15:00+00:00,58406.0,58470.09,58254.21,58316.0
2026-06-30 16:30:00+00:00,58316.0,58480.0,58241.79,58324.77
2026-06-30 16:45:00+00:00,58324.77,58572.0,58324.76,58497.65
2026-06-30 17:00:00+00:00,58497.65,58618.65,58384.0,58404.0
2026-06-30 17:15:00+00:00,58404.0,58484.3,58367.22,58387.9
2026-06-30 17:30:00+00:00,58387.9,58458.0,58334.01,58376.01
2026-06-30 17:45:00+00:00,58376.0,58431.69,58310.72,58417.99
2026-06-30 18:00:00+00:00,58417.99,58498.0,58351.56,58472.0
2026-06-30 18:15:00+00:00,58472.0,58699.98,58426.0,58535.99
2026-06-30 18:30:00+00:00,58536.0,58552.68,58380.42,58456.0
2026-06-30 18:45:00+00:00,58456.0,58686.54,58455.99,58680.87
2026-06-30 19:00:00+00:00,58680.86,58723.4,58588.0,58651.11
2026-06-30 19:15:00+00:00,58651.11,58669.75,58586.01,58669.44
2026-06-30 19:30:00+00:00,58669.44,58807.34,58658.0,58752.0
2026-06-30 19:45:00+00:00,58752.0,58839.16,58698.0,58818.05
2026-06-30 20:00:00+00:00,58818.0,58874.99,58743.34,58865.99
2026-06-30 20:15:00+00:00,58866.0,58866.0,58689.6,58742.0
2026-06-30 20:30:00+00:00,58742.0,58742.67,58650.0,58660.0
2026-06-30 20:45:00+00:00,58660.01,58793.99,58648.26,58732.01
2026-06-30 21:00:00+00:00,58732.0,58770.0,58552.49,58582.89
2026-06-30 21:15:00+00:00,58582.89,58637.0,58509.99,58596.0
2026-06-30 21:30:00+00:00,58596.0,58664.0,58586.0,58586.87
2026-06-30 21:45:00+00:00,58586.87,58654.0,58525.09,58639.99
2026-06-30 22:00:00+00:00,58639.99,58748.17,58639.99,58736.01
2026-06-30 22:15:00+00:00,58736.0,58806.91,58650.0,58654.93
2026-06-30 22:30:00+00:00,58654.92,58654.92,58513.8,58600.0
2026-06-30 22:45:00+00:00,58600.0,58630.0,58543.13,58607.99
2026-06-30 23:00:00+00:00,58607.99,58650.0,58555.0,58610.0
2026-06-30 23:15:00+00:00,58610.0,58659.98,58578.65,58616.01
2026-06-30 23:30:00+00:00,58616.0,58638.47,58571.44,58612.0
2026-06-30 23:45:00+00:00,58611.99,58664.0,58589.37,58624.71
2026-07-01 00:00:00+00:00,58624.71,58750.68,58607.99,58646.01
2026-07-01 00:15:00+00:00,58646.01,58685.04,58310.0,58394.0
2026-07-01 00:30:00+00:00,58394.0,58575.72,58393.99,58484.0
2026-07-01 00:45:00+00:00,58484.0,58617.99,58472.01,58576.0
2026-07-01 01:00:00+00:00,58575.99,58584.0,57800.19,58169.81
2026-07-01 01:15:00+00:00,58169.82,58400.0,58030.82,58352.91
2026-07-01 01:30:00+00:00,58352.91,58998.45,58334.69,58900.39
2026-07-01 01:45:00+00:00,58900.16,59022.81,58720.0,58770.57
2026-07-01 02:00:00+00:00,58770.58,58865.78,58663.95,58798.0
2026-07-01 02:15:00+00:00,58798.0,59031.62,58780.0,58947.87
2026-07-01 02:30:00+00:00,58948.0,59159.22,58921.3,59140.14
2026-07-01 02:45:00+00:00,59140.13,59171.63,59008.0,59085.0
2026-07-01 03:00:00+00:00,59085.0,59119.73,58996.0,58999.23
2026-07-01 03:15:00+00:00,58999.23,59003.23,58885.79,58924.0
2026-07-01 03:30:00+00:00,58923.99,59148.37,58850.0,58939.18
2026-07-01 03:45:00+00:00,58939.18,59318.0,58933.98,59197.13
2026-07-01 04:00:00+00:00,59197.12,59197.13,59062.0,59113.31
2026-07-01 04:15:00+00:00,59113.32,59274.0,59100.0,59274.0
2026-07-01 04:30:00+00:00,59274.0,59373.52,59200.0,59359.9
2026-07-01 04:45:00+00:00,59359.9,59457.0,59308.0,59339.99
2026-07-01 05:00:00+00:00,59339.99,59376.48,59251.32,59292.03
2026-07-01 05:15:00+00:00,59292.02,59357.32,59154.02,59174.0
2026-07-01 05:30:00+00:00,59174.0,59204.43,59126.42,59188.39
2026-07-01 05:45:00+00:00,59188.4,59203.28,59132.66,59154.33
2026-07-01 06:00:00+00:00,59154.33,59156.0,58911.11,58952.12
2026-07-01 06:15:00+00:00,58952.12,58974.0,58692.0,58791.16
2026-07-01 06:30:00+00:00,58791.16,58834.85,58534.31,58700.0
2026-07-01 06:45:00+00:00,58699.99,58775.36,58618.0,58755.8
2026-07-01 07:00:00+00:00,58755.8,58788.0,58600.0,58681.02
2026-07-01 07:15:00+00:00,58681.02,58823.9,58638.0,58740.0
2026-07-01 07:30:00+00:00,58740.01,58754.0,58648.15,58689.7
2026-07-01 07:45:00+00:00,58689.7,58804.67,58670.0,58768.65
2026-07-01 08:00:00+00:00,58768.64,58813.99,58663.34,58700.13
2026-07-01 08:15:00+00:00,58700.12,58723.4,58600.0,58620.01
2026-07-01 08:30:00+00:00,58620.01,58742.0,58500.0,58739.44
2026-07-01 08:45:00+00:00,58739.45,58984.0,58678.67,58973.99
2026-07-01 09:00:00+00:00,58973.99,59091.99,58896.75,58956.0
2026-07-01 09:15:00+00:00,58955.99,59005.06,58877.14,58888.0
2026-07-01 09:30:00+00:00,58888.0,58945.0,58825.61,58883.76
2026-07-01 09:45:00+00:00,58883.75,58973.79,58850.0,58944.55
2026-07-01 10:00:00+00:00,58944.55,58948.47,58754.0,58757.43
2026-07-01 10:15:00+00:00,58757.42,58798.03,58665.26,58745.21
2026-07-01 10:30:00+00:00,58745.2,58756.0,58624.0,58624.01
2026-07-01 10:45:00+00:00,58624.01,58698.99,58624.0,58659.98
2026-07-01 11:00:00+00:00,58659.97,58742.94,58588.0,58706.01
2026-07-01 11:15:00+00:00,58706.0,58755.9,58676.0,58698.23
2026-07-01 11:30:00+00:00,58698.22,58736.0,58628.0,58678.0
2026-07-01 11:45:00+00:00,58678.0,58700.0,58550.0,58622.03
2026-07-01 12:00:00+00:00,58622.02,58676.0,58393.46,58443.63
2026-07-01 12:15:00+00:00,58443.63,58592.0,58443.63,58559.99
2026-07-01 12:30:00+00:00,58559.99,58589.87,58377.02,58398.0
2026-07-01 12:45:00+00:00,58397.99,58570.01,58326.0,58538.01
2026-07-01 13:00:00+00:00,58538.0,58790.01,58536.0,58673.28
2026-07-01 13:15:00+00:00,58673.28,58904.0,58662.25,58820.01
2026-07-01 13:30:00+00:00,58820.0,59075.57,58602.0,59020.01
2026-07-01 13:45:00+00:00,59020.0,59508.0,58944.31,59498.03
2026-07-01 14:00:00+00:00,59498.03,59987.77,59278.0,59978.01
2026-07-01 14:15:00+00:00,59978.0,60092.0,59775.79,59777.99
2026-07-01 14:30:00+00:00,59778.0,59813.6,59540.0,59603.99
2026-07-01 14:45:00+00:00,59603.98,59762.0,59420.01,59542.0
2026-07-01 15:00:00+00:00,59541.99,59986.0,59520.51,59916.47
2026-07-01 15:15:00+00:00,59916.58,60536.55,59844.02,60310.83
2026-07-01 15:30:00+00:00,60310.82,60380.04,60136.24,60224.92
2026-07-01 15:45:00+00:00,60224.91,60246.0,60076.59,60147.15
2026-07-01 16:00:00+00:00,60147.15,60225.08,60072.97,60132.01
2026-07-01 16:15:00+00:00,60132.0,60267.17,59950.01,60144.01
2026-07-01 16:30:00+00:00,60144.01,60172.0,60024.89,60082.0
2026-07-01 16:45:00+00:00,60082.0,60090.0,59865.75,59920.0
2026-07-01 17:00:00+00:00,59920.0,59937.13,59787.35,59902.01
2026-07-01 17:15:00+00:00,59902.01,60205.7,59900.45,60148.29
2026-07-01 17:30:00+00:00,60148.28,60239.84,60087.99,60156.84
2026-07-01 17:45:00+00:00,60156.84,60238.47,60152.0,60190.6
2026-07-01 18:00:00+00:00,60190.59,60214.0,60016.4,60078.0
2026-07-01 18:15:00+00:00,60077.99,60189.71,60048.0,60140.0
2026-07-01 18:30:00+00:00,60139.99,60248.26,60082.0,60221.99
2026-07-01 18:45:00+00:00,60222.0,60298.0,60082.0,60171.16
2026-07-01 19:00:00+00:00,60171.16,60299.98,60163.06,60280.02
2026-07-01 19:15:00+00:00,60280.02,60352.93,60101.17,60155.42
2026-07-01 19:30:00+00:00,60155.42,60276.0,60151.82,60208.59
2026-07-01 19:45:00+00:00,60208.59,60208.6,60000.0,60028.67
2026-07-01 20:00:00+00:00,60029.39,60060.0,59909.87,59997.81
2026-07-01 20:15:00+00:00,59997.81,60025.64,59876.0,59974.0
2026-07-01 20:30:00+00:00,59974.0,60070.0,59960.0,60043.44
2026-07-01 20:45:00+00:00,60043.44,60198.0,60029.85,60126.0
2026-07-01 21:00:00+00:00,60126.0,60462.1,60124.89,60447.21
2026-07-01 21:15:00+00:00,60447.21,60600.0,60332.3,60527.98
2026-07-01 21:30:00+00:00,60527.99,60846.95,60527.98,60808.27
2026-07-01 21:45:00+00:00,60808.26,60846.95,60776.0,60815.99
2026-07-01 22:00:00+00:00,60815.99,60829.99,60788.0,60812.15
2026-07-01 22:15:00+00:00,60812.15,61334.0,60553.19,60555.06
2026-07-01 22:30:00+00:00,60555.05,60675.38,60450.0,60490.41
2026-07-01 22:45:00+00:00,60490.41,60506.02,60339.0,60478.01
2026-07-01 23:00:00+00:00,60478.0,60478.0,60232.43,60246.17
2026-07-01 23:15:00+00:00,60246.17,60368.0,60196.85,60208.14
2026-07-01 23:30:00+00:00,60208.14,60262.5,60034.0,60158.74
2026-07-01 23:45:00+00:00,60158.74,60164.0,59984.86,60024.0
2026-07-02 00:00:00+00:00,60024.0,60028.0,59900.0,59942.99
2026-07-02 00:15:00+00:00,59943.0,59973.41,59742.06,59780.55
2026-07-02 00:30:00+00:00,59780.55,59788.0,59588.0,59624.64
2026-07-02 00:45:00+00:00,59624.65,59847.34,59624.65,59761.73
2026-07-02 01:00:00+00:00,59761.74,59942.0,59715.8,59927.97
2026-07-02 01:15:00+00:00,59927.96,60023.76,59837.84,60018.0
2026-07-02 01:30:00+00:00,60018.0,60324.99,60018.0,60202.0
2026-07-02 01:45:00+00:00,60201.99,60318.0,60087.38,60175.92
2026-07-02 02:00:00+00:00,60175.91,60198.0,60015.68,60143.99
2026-07-02 02:15:00+00:00,60143.99,60268.0,60137.0,60207.98
2026-07-02 02:30:00+00:00,60207.99,60412.46,60184.0,60407.01
2026-07-02 02:45:00+00:00,60407.01,60495.24,60335.65,60423.1
2026-07-02 03:00:00+00:00,60423.11,60480.0,60392.83,60478.88
2026-07-02 03:15:00+00:00,60478.87,60721.35,60300.02,60554.65
2026-07-02 03:30:00+00:00,60554.18,60812.46,60484.05,60812.45
2026-07-02 03:45:00+00:00,60812.45,61121.78,60736.28,61058.0
2026-07-02 04:00:00+00:00,61057.99,61058.0,60870.0,60941.03
2026-07-02 04:15:00+00:00,60941.03,60976.92,60805.28,60868.01
2026-07-02 04:30:00+00:00,60868.01,60868.01,60728.0,60775.41
2026-07-02 04:45:00+00:00,60775.41,60887.91,60745.99,60787.98
2026-07-02 05:00:00+00:00,60787.98,60870.01,60643.29,60870.01
2026-07-02 05:15:00+00:00,60870.0,60877.69,60733.8,60745.64
2026-07-02 05:30:00+00:00,60745.64,60874.0,60598.09,60609.79
2026-07-02 05:45:00+00:00,60609.8,60658.0,60488.0,60504.54
2026-07-02 06:00:00+00:00,60504.54,60520.0,60410.0,60410.0
2026-07-02 06:15:00+00:00,60410.01,60561.94,60402.3,60476.54
2026-07-02 06:30:00+00:00,60476.53,60652.74,60476.53,60534.4
2026-07-02 06:45:00+00:00,60534.41,60538.0,60260.0,60274.01
2026-07-02 07:00:00+00:00,60274.01,60315.93,60205.0,60240.15
2026-07-02 07:15:00+00:00,60240.16,60270.0,60165.25,60165.25
2026-07-02 07:30:00+00:00,60165.01,60216.81,60117.7,60136.3
2026-07-02 07:45:00+00:00,60136.29,60227.9,60104.0,60149.99
2026-07-02 08:00:00+00:00,60149.99,60364.0,60132.51,60308.0
2026-07-02 08:15:00+00:00,60307.99,60400.0,60307.99,60362.33
2026-07-02 08:30:00+00:00,60362.33,60500.0,60332.3,60443.82
2026-07-02 08:45:00+00:00,60443.82,60555.06,60410.86,60511.99
2026-07-02 09:00:00+00:00,60512.0,60520.0,60376.13,60467.4
2026-07-02 09:15:00+00:00,60467.39,60630.65,60430.0,60604.91
2026-07-02 09:30:00+00:00,60604.91,61213.81,60604.9,61090.01
2026-07-02 09:45:00+00:00,61090.0,61437.49,60868.29,61184.0
2026-07-02 10:00:00+00:00,61184.0,61240.36,61051.07,61231.11
2026-07-02 10:15:00+00:00,61231.1,61300.01,61100.0,61224.54
2026-07-02 10:30:00+00:00,61224.53,61350.0,61206.0,61206.0
2026-07-02 10:45:00+00:00,61206.01,61330.0,61147.65,61263.68
2026-07-02 11:00:00+00:00,61263.93,61381.88,61214.5,61284.21
2026-07-02 11:15:00+00:00,61284.21,61354.33,61258.92,61296.1
2026-07-02 11:30:00+00:00,61296.1,61360.0,61258.92,61300.01
2026-07-02 11:45:00+00:00,61300.0,61388.0,61125.58,61358.01
2026-07-02 12:00:00+00:00,61358.0,61364.32,61267.98,61360.0
2026-07-02 12:15:00+00:00,61360.0,61415.0,61147.23,61346.01
2026-07-02 12:30:00+00:00,61346.01,61598.01,61192.3,61375.56
2026-07-02 12:45:00+00:00,61375.56,61614.0,61369.99,61542.53
2026-07-02 13:00:00+00:00,61542.53,61738.74,61506.0,61686.07
2026-07-02 13:15:00+00:00,61686.06,61971.0,61654.01,61688.0
2026-07-02 13:30:00+00:00,61688.0,62053.0,61526.56,61961.64
2026-07-02 13:45:00+00:00,61961.64,62029.65,61810.0,61939.04
2026-07-02 14:00:00+00:00,61939.04,62192.01,61850.0,62081.6
2026-07-02 14:15:00+00:00,62081.61,62200.0,61570.0,61675.16
2026-07-02 14:30:00+00:00,61675.15,61810.23,61394.49,61428.01
2026-07-02 14:45:00+00:00,61428.0,61758.13,61428.0,61696.61
2026-07-02 15:00:00+00:00,61696.61,61734.37,61427.39,61587.09
2026-07-02 15:15:00+00:00,61587.09,61850.86,61492.32,61717.94
2026-07-02 15:30:00+00:00,61717.95,61827.9,61556.0,61708.0
2026-07-02 15:45:00+00:00,61708.01,61745.5,61533.68,61612.93
2026-07-02 16:00:00+00:00,61612.93,61750.0,61508.0,61698.0
2026-07-02 16:15:00+00:00,61698.0,61698.01,61108.99,61191.99
2026-07-02 16:30:00+00:00,61192.0,61450.72,61192.0,61440.01
2026-07-02 16:45:00+00:00,61440.0,61790.13,61434.0,61682.34
2026-07-02 17:00:00+00:00,61682.34,61825.0,61624.0,61781.84
2026-07-02 17:15:00+00:00,61781.85,61962.43,61750.0,61868.0
2026-07-02 17:30:00+00:00,61868.0,61868.01,61648.0,61777.01
2026-07-02 17:45:00+00:00,61777.0,61805.26,61619.69,61667.39
2026-07-02 18:00:00+00:00,61667.4,61855.33,61664.39,61828.22
2026-07-02 18:15:00+00:00,61828.21,61900.29,61726.62,61868.16
2026-07-02 18:30:00+00:00,61868.17,61868.17,61770.42,61776.02
2026-07-02 18:45:00+00:00,61776.02,61872.0,61686.41,61761.36
2026-07-02 19:00:00+00:00,61761.36,61763.81,61604.0,61663.99
2026-07-02 19:15:00+00:00,61664.0,61664.0,61513.41,61614.57
2026-07-02 19:30:00+00:00,61614.57,61653.36,61525.52,61585.0
2026-07-02 19:45:00+00:00,61585.0,61700.0,61424.0,61479.6
2026-07-02 20:00:00+00:00,61479.59,61540.0,61405.79,61441.08
2026-07-02 20:15:00+00:00,61441.09,61513.21,61402.0,61402.0
2026-07-02 20:30:00+00:00,61402.0,61432.83,61342.0,61365.98
2026-07-02 20:45:00+00:00,61365.98,61596.0,61365.98,61584.78
2026-07-02 21:00:00+00:00,61584.77,61653.43,61522.24,61522.63
2026-07-02 21:15:00+00:00,61522.63,61546.0,61522.62,61540.42
2026-07-02 21:30:00+00:00,61540.42,61556.0,61519.51,61524.99
2026-07-02 21:45:00+00:00,61525.0,61611.28,61516.0,61592.26
2026-07-02 22:00:00+00:00,61592.26,61596.62,61521.9,61529.66
2026-07-02 22:15:00+00:00,61529.66,61566.43,61522.34,61522.35
2026-07-02 22:30:00+00:00,61522.35,61547.72,61514.83,61527.31
2026-07-02 22:45:00+00:00,61527.31,61554.97,61406.28,61465.26
2026-07-02 23:00:00+00:00,61465.26,61465.27,61350.02,61351.9
2026-07-02 23:15:00+00:00,61351.9,61538.0,61351.89,61510.61
2026-07-02 23:30:00+00:00,61510.61,61606.0,61448.48,61482.83
2026-07-02 23:45:00+00:00,61482.82,61600.0,61478.0,61560.0
2026-07-03 00:00:00+00:00,61560.0,61578.0,61350.0,61416.0
2026-07-03 00:15:00+00:00,61415.99,61457.39,61303.55,61303.55
2026-07-03 00:30:00+00:00,61303.55,61368.0,61248.86,61337.99
2026-07-03 00:45:00+00:00,61337.99,61411.51,61298.41,61308.75
2026-07-03 01:00:00+00:00,61308.75,61728.0,61286.0,61635.28
2026-07-03 01:15:00+00:00,61635.28,61651.79,61507.95,61570.0
2026-07-03 01:30:00+00:00,61570.01,61733.11,61526.0,61666.17
2026-07-03 01:45:00+00:00,61666.17,61673.91,61588.0,61588.0
2026-07-03 02:00:00+00:00,61588.0,61664.62,61516.82,61523.62
2026-07-03 02:15:00+00:00,61523.62,61585.14,61398.93,61398.93
2026-07-03 02:30:00+00:00,61398.93,61462.0,61294.0,61363.84
2026-07-03 02:45:00+00:00,61363.84,61460.03,61300.18,61440.01
2026-07-03 03:00:00+00:00,61440.01,61457.94,61324.0,61329.98
2026-07-03 03:15:00+00:00,61329.98,61575.15,61329.97,61536.01
2026-07-03 03:30:00+00:00,61536.0,61540.83,61388.0,61400.0
2026-07-03 03:45:00+00:00,61400.01,61454.77,61356.0,61434.0
2026-07-03 04:00:00+00:00,61434.0,61460.75,61332.76,61430.0
2026-07-03 04:15:00+00:00,61429.99,61435.03,61345.99,61435.02
2026-07-03 04:30:00+00:00,61435.03,61524.01,61410.74,61514.0
2026-07-03 04:45:00+00:00,61514.0,61514.01,61372.78,61448.0
2026-07-03 05:00:00+00:00,61448.0,61558.79,61430.0,61535.99
2026-07-03 05:15:00+00:00,61536.0,61682.3,61514.05,61624.99
2026-07-03 05:30:00+00:00,61624.99,61808.0,61612.0,61698.59
2026-07-03 05:45:00+00:00,61698.58,61750.0,61648.43,61700.49
2026-07-03 06:00:00+00:00,61700.49,61850.0,61693.96,61725.0
2026-07-03 06:15:00+00:00,61725.0,61808.0,61697.37,61719.91
2026-07-03 06:30:00+00:00,61719.92,61779.76,61612.0,61641.62
2026-07-03 06:45:00+00:00,61641.63,61768.63,61641.63,61710.01
2026-07-03 07:00:00+00:00,61710.01,61779.46,61659.32,61701.61
2026-07-03 07:15:00+00:00,61701.6,61767.01,61701.6,61767.0
2026-07-03 07:30:00+00:00,61767.0,61842.0,61744.06,61822.71
2026-07-03 07:45:00+00:00,61822.71,61864.99,61746.03,61750.47
2026-07-03 08:00:00+00:00,61750.47,61829.92,61741.29,61748.01
2026-07-03 08:15:00+00:00,61748.01,61827.82,61724.6,61779.56
2026-07-03 08:30:00+00:00,61779.55,61896.99,61725.29,61872.01
2026-07-03 08:45:00+00:00,61872.0,61872.0,61554.07,61584.0
2026-07-03 09:00:00+00:00,61583.99,61702.0,61510.01,61700.0
2026-07-03 09:15:00+00:00,61700.0,61733.03,61644.0,61685.11
2026-07-03 09:30:00+00:00,61685.12,61692.05,61558.01,61657.94
2026-07-03 09:45:00+00:00,61657.94,61783.89,61657.94,61718.68
2026-07-03 10:00:00+00:00,61718.69,61774.0,61674.0,61724.0
2026-07-03 10:15:00+00:00,61724.0,61766.0,61663.98,61746.0
2026-07-03 10:30:00+00:00,61746.0,62038.0,61728.0,62012.0
2026-07-03 10:45:00+00:00,62011.99,62023.75,61885.73,61916.46
2026-07-03 11:00:00+00:00,61916.46,62078.92,61840.0,62020.0
2026-07-03 11:15:00+00:00,62019.99,62070.58,61942.0,61985.05
2026-07-03 11:30:00+00:00,61985.06,62028.0,61888.0,61892.0
2026-07-03 11:45:00+00:00,61892.0,62103.1,61892.0,62024.02
2026-07-03 12:00:00+00:00,62024.01,62174.47,62008.0,62149.99
2026-07-03 12:15:00+00:00,62149.99,62164.96,61913.16,61955.98
2026-07-03 12:30:00+00:00,61955.98,61972.0,61871.66,61929.1
2026-07-03 12:45:00+00:00,61929.1,62001.99,61929.1,61983.99
2026-07-03 13:00:00+00:00,61984.0,62074.0,61944.0,62062.72
2026-07-03 13:15:00+00:00,62062.72,62123.64,62006.19,62099.76
2026-07-03 13:30:00+00:00,62099.76,62205.5,62021.28,62151.99
2026-07-03 13:45:00+00:00,62152.0,62282.0,62055.34,62116.01
2026-07-03 14:00:00+00:00,62116.0,62116.0,61700.0,61768.02
2026-07-03 14:15:00+00:00,61768.28,61929.99,61730.0,61929.99
2026-07-03 14:30:00+00:00,61929.98,62062.63,61851.06,62060.01
2026-07-03 14:45:00+00:00,62060.01,62280.0,62027.64,62167.48
2026-07-03 15:00:00+00:00,62167.47,62400.0,62158.75,62192.14
2026-07-03 15:15:00+00:00,62192.14,62221.59,61990.9,62011.99
2026-07-03 15:30:00+00:00,62011.99,62106.74,61820.0,61844.01
2026-07-03 15:45:00+00:00,61844.01,61967.06,61822.0,61922.72
2026-07-03 16:00:00+00:00,61922.71,61993.63,61911.65,61926.99
2026-07-03 16:15:00+00:00,61926.98,62105.56,61926.98,62074.79
2026-07-03 16:30:00+00:00,62074.8,62125.99,61986.0,62052.0
2026-07-03 16:45:00+00:00,62052.01,62125.63,62020.0,62104.81
2026-07-03 17:00:00+00:00,62104.81,62292.51,62068.78,62192.46
2026-07-03 17:15:00+00:00,62192.47,62242.0,62118.0,62186.41
2026-07-03 17:30:00+00:00,62186.41,62272.32,62167.47,62226.01
2026-07-03 17:45:00+00:00,62226.0,62245.92,62169.43,62194.0
2026-07-03 18:00:00+00:00,62193.99,62204.03,62118.0,62161.98
2026-07-03 18:15:00+00:00,62161.98,62200.0,62138.0,62180.0
2026-07-03 18:30:00+00:00,62179.99,62238.0,62177.1,62221.99
2026-07-03 18:45:00+00:00,62221.99,62250.0,62198.0,62204.01
2026-07-03 19:00:00+00:00,62204.0,62254.0,62146.0,62181.33
2026-07-03 19:15:00+00:00,62181.34,62305.0,62181.34,62224.01
2026-07-03 19:30:00+00:00,62224.0,62317.64,62161.63,62236.0
2026-07-03 19:45:00+00:00,62236.0,62267.88,62196.42,62210.0
2026-07-03 20:00:00+00:00,62210.0,62492.62,62186.01,62438.01
2026-07-03 20:15:00+00:00,62438.01,62689.0,62393.34,62622.01
2026-07-03 20:30:00+00:00,62622.0,62907.77,62604.02,62710.65
2026-07-03 20:45:00+00:00,62710.65,62867.99,62684.0,62776.92
2026-07-03 21:00:00+00:00,62776.91,62979.86,62726.0,62756.0
2026-07-03 21:15:00+00:00,62756.01,62797.38,62612.35,62631.52
2026-07-03 21:30:00+00:00,62631.53,62638.82,62518.72,62611.99
2026-07-03 21:45:00+00:00,62612.0,62834.65,62611.99,62732.0
2026-07-03 22:00:00+00:00,62732.0,62748.01,62588.91,62629.99
2026-07-03 22:15:00+00:00,62630.0,62712.02,62624.0,62636.0
2026-07-03 22:30:00+00:00,62636.0,62636.01,62538.47,62615.75
2026-07-03 22:45:00+00:00,62615.76,62664.42,62578.0,62578.0
2026-07-03 23:00:00+00:00,62578.0,62600.0,62529.03,62562.07
2026-07-03 23:15:00+00:00,62562.06,62680.54,62560.46,62621.99
2026-07-03 23:30:00+00:00,62621.99,62707.67,62621.99,62680.0
2026-07-03 23:45:00+00:00,62680.0,62682.37,62551.43,62583.26
2026-07-04 00:00:00+00:00,62583.26,62946.0,62578.55,62827.73
2026-07-04 00:15:00+00:00,62827.72,62849.34,62748.19,62765.15
2026-07-04 00:30:00+00:00,62765.15,62810.17,62686.93,62713.99
2026-07-04 00:45:00+00:00,62713.99,62814.0,62710.0,62756.29
2026-07-04 01:00:00+00:00,62756.29,62756.29,62468.3,62510.17
2026-07-04 01:15:00+00:00,62510.17,62592.18,62404.25,62492.0
2026-07-04 01:30:00+00:00,62492.01,62544.34,62432.28,62445.96
2026-07-04 01:45:00+00:00,62445.97,62506.0,62423.99,62468.44
2026-07-04 02:00:00+00:00,62468.44,62569.66,62468.43,62522.01
2026-07-04 02:15:00+00:00,62522.0,62522.01,62453.27,62495.4
2026-07-04 02:30:00+00:00,62495.39,62500.0,62432.0,62493.99
2026-07-04 02:45:00+00:00,62493.99,62576.0,62478.0,62538.96
2026-07-04 03:00:00+00:00,62538.96,62580.0,62484.01,62561.73
2026-07-04 03:15:00+00:00,62561.73,62584.45,62544.88,62572.2
2026-07-04 03:30:00+00:00,62572.21,62750.0,62520.0,62714.47
2026-07-04 03:45:00+00:00,62714.48,62716.0,62624.09,62627.29
2026-07-04 04:00:00+00:00,62627.28,62704.0,62602.23,62655.69
2026-07-04 04:15:00+00:00,62655.69,62718.0,62590.06,62666.7
2026-07-04 04:30:00+00:00,62666.69,62749.97,62664.0,62692.46
2026-07-04 04:45:00+00:00,62692.47,62740.0,62641.04,62700.0
2026-07-04 05:00:00+00:00,62700.0,62700.01,62579.44,62579.44
2026-07-04 05:15:00+00:00,62579.45,62579.45,62476.0,62516.0
2026-07-04 05:30:00+00:00,62516.0,62575.01,62508.22,62568.01
2026-07-04 05:45:00+00:00,62568.01,62595.97,62441.29,62471.52
2026-07-04 06:00:00+00:00,62471.53,62559.43,62434.0,62434.01
2026-07-04 06:15:00+00:00,62434.01,62452.0,62328.24,62422.0
2026-07-04 06:30:00+00:00,62422.0,62521.84,62422.0,62460.0
2026-07-04 06:45:00+00:00,62460.01,62535.5,62460.0,62500.01
2026-07-04 07:00:00+00:00,62500.01,62565.62,62470.0,62551.98
2026-07-04 07:15:00+00:00,62551.98,62634.24,62529.98,62544.07
2026-07-04 07:30:00+00:00,62544.07,62569.41,62485.95,62504.38
2026-07-04 07:45:00+00:00,62504.39,62594.51,62494.0,62576.0
2026-07-04 08:00:00+00:00,62576.0,62581.86,62516.46,62551.25
2026-07-04 08:15:00+00:00,62551.24,62580.0,62520.0,62550.5
2026-07-04 08:30:00+00:00,62550.49,62674.47,62548.0,62597.42
2026-07-04 08:45:00+00:00,62597.41,62661.67,62553.08,62553.78
2026-07-04 09:00:00+00:00,62553.78,62583.99,62450.0,62512.0
2026-07-04 09:15:00+00:00,62512.01,62512.01,62458.0,62477.05
2026-07-04 09:30:00+00:00,62477.04,62486.0,62415.87,62445.82
2026-07-04 09:45:00+00:00,62445.82,62508.25,62445.82,62494.0
2026-07-04 10:00:00+00:00,62494.01,62494.01,62445.38,62468.01
2026-07-04 10:15:00+00:00,62468.0,62531.19,62454.21,62499.9
2026-07-04 10:30:00+00:00,62499.91,62499.91,62468.21,62484.0
2026-07-04 10:45:00+00:00,62483.99,62545.02,62471.88,62513.0
2026-07-04 11:00:00+00:00,62512.99,62525.01,62472.02,62525.0
2026-07-04 11:15:00+00:00,62525.0,62549.25,62456.24,62481.93
2026-07-04 11:30:00+00:00,62481.92,62563.84,62479.99,62495.95
2026-07-04 11:45:00+00:00,62495.96,62511.02,62466.41,62482.01
2026-07-04 12:00:00+00:00,62482.0,62580.01,62482.0,62569.01
2026-07-04 12:15:00+00:00,62569.01,62614.46,62548.0,62590.01
2026-07-04 12:30:00+00:00,62590.01,62648.0,62586.0,62621.99
2026-07-04 12:45:00+00:00,62621.99,62696.78,62588.0,62664.01
2026-07-04 13:00:00+00:00,62664.01,62664.01,62595.1,62609.99
2026-07-04 13:15:00+00:00,62610.0,62776.92,62610.0,62654.0
2026-07-04 13:30:00+00:00,62654.0,62654.0,62558.0,62584.0
2026-07-04 13:45:00+00:00,62584.0,62588.85,62542.0,62588.84
2026-07-04 14:00:00+00:00,62588.84,62688.0,62585.53,62661.74
2026-07-04 14:15:00+00:00,62661.74,62738.28,62638.0,62677.54
2026-07-04 14:30:00+00:00,62677.53,62692.0,62627.09,62686.68
2026-07-04 14:45:00+00:00,62686.69,62713.67,62656.0,62693.99
2026-07-04 15:00:00+00:00,62693.99,63075.46,62687.89,62825.75
2026-07-04 15:15:00+00:00,62825.75,62930.0,62760.01,62928.0
2026-07-04 15:30:00+00:00,62928.0,63006.0,62849.64,62920.0
2026-07-04 15:45:00+00:00,62920.0,63006.0,62867.3,62943.29
2026-07-04 16:00:00+00:00,62943.29,62964.0,62786.01,62786.01
2026-07-04 16:15:00+00:00,62786.01,62881.2,62786.0,62870.0
2026-07-04 16:30:00+00:00,62870.01,62945.73,62870.0,62912.01
2026-07-04 16:45:00+00:00,62912.01,62968.29,62866.0,62927.29
2026-07-04 17:00:00+00:00,62927.3,62946.3,62803.0,62861.99
2026-07-04 17:15:00+00:00,62862.0,62981.97,62858.0,62979.37
2026-07-04 17:30:00+00:00,62979.36,63194.0,62979.36,63175.99
2026-07-04 17:45:00+00:00,63175.99,63439.62,63154.0,63280.38
2026-07-04 18:00:00+00:00,63280.38,63342.0,63180.01,63328.01
2026-07-04 18:15:00+00:00,63328.01,63346.0,63144.58,63186.56
2026-07-04 18:30:00+00:00,63186.56,63186.56,63103.99,63114.27
2026-07-04 18:45:00+00:00,63114.28,63179.58,63092.02,63172.78
2026-07-04 19:00:00+00:00,63172.79,63241.96,63123.49,63170.0
2026-07-04 19:15:00+00:00,63169.99,63374.0,63169.99,63370.0
2026-07-04 19:30:00+00:00,63370.0,63461.99,63280.56,63365.5
2026-07-04 19:45:00+00:00,63365.5,63365.5,63280.06,63294.72
2026-07-04 20:00:00+00:00,63294.72,63392.0,63286.0,63338.45
2026-07-04 20:15:00+00:00,63338.44,63344.0,63155.37,63172.0
2026-07-04 20:30:00+00:00,63171.99,63320.0,63160.0,63289.32
2026-07-04 20:45:00+00:00,63289.32,63333.64,63228.84,63233.78
2026-07-04 21:00:00+00:00,63233.79,63372.0,63202.0,63354.74
2026-07-04 21:15:00+00:00,63354.74,63446.0,63350.36,63439.87
2026-07-04 21:30:00+00:00,63439.87,63448.0,63290.96,63290.96
2026-07-04 21:45:00+00:00,63290.97,63329.43,63270.21,63297.84
2026-07-04 22:00:00+00:00,63297.83,63310.0,63216.6,63246.0
2026-07-04 22:15:00+00:00,63245.99,63303.87,63200.0,63222.6
2026-07-04 22:30:00+00:00,63222.81,63242.01,63180.0,63214.0
2026-07-04 22:45:00+00:00,63214.0,63238.3,63160.0,63184.99
2026-07-04 23:00:00+00:00,63185.0,63234.0,62991.18,62999.96
2026-07-04 23:15:00+00:00,62999.96,63098.0,62927.98,63097.99
2026-07-04 23:30:00+00:00,63097.99,63225.8,63097.99,63209.94
2026-07-04 23:45:00+00:00,63209.94,63241.33,63144.0,63144.01
2026-07-05 00:00:00+00:00,63144.01,63144.01,63024.04,63059.99
2026-07-05 00:15:00+00:00,63060.0,63060.0,62978.75,63053.21
2026-07-05 00:30:00+00:00,63053.22,63124.0,62999.99,63089.96
2026-07-05 00:45:00+00:00,63089.96,63105.97,62888.86,62991.29
2026-07-05 01:00:00+00:00,62991.3,63043.15,62926.0,62994.0
2026-07-05 01:15:00+00:00,62994.01,62994.01,62838.0,62940.04
2026-07-05 01:30:00+00:00,62940.04,62940.04,62800.0,62870.0
2026-07-05 01:45:00+00:00,62870.0,62906.0,62838.3,62887.94
2026-07-05 02:00:00+00:00,62887.93,62926.0,62738.37,62740.0
2026-07-05 02:15:00+00:00,62740.01,62784.0,62651.37,62756.36
2026-07-05 02:30:00+00:00,62756.36,62792.0,62642.28,62642.29
2026-07-05 02:45:00+00:00,62642.29,62693.56,62596.08,62693.56
2026-07-05 03:00:00+00:00,62693.57,62788.0,62693.57,62768.79
2026-07-05 03:15:00+00:00,62768.78,62776.0,62658.0,62670.0
2026-07-05 03:30:00+00:00,62670.01,62775.48,62670.0,62736.0
2026-07-05 03:45:00+00:00,62736.01,62796.39,62732.0,62769.04
2026-07-05 04:00:00+00:00,62769.03,62819.66,62712.0,62794.0
2026-07-05 04:15:00+00:00,62794.0,62887.1,62792.0,62866.01
2026-07-05 04:30:00+00:00,62866.01,62952.93,62866.01,62944.91
2026-07-05 04:45:00+00:00,62944.91,62944.91,62815.99,62815.99
2026-07-05 05:00:00+00:00,62815.99,62815.99,62732.84,62750.57
2026-07-05 05:15:00+00:00,62750.57,62788.44,62746.0,62755.0
2026-07-05 05:30:00+00:00,62755.0,62810.0,62659.65,62672.83
2026-07-05 05:45:00+00:00,62672.82,62766.0,62672.82,62740.5
2026-07-05 06:00:00+00:00,62740.5,62740.5,62669.99,62715.0
2026-07-05 06:15:00+00:00,62715.0,62800.0,62712.02,62796.26
2026-07-05 06:30:00+00:00,62796.25,62819.91,62740.0,62753.64
2026-07-05 06:45:00+00:00,62753.64,62798.0,62741.5,62782.18
2026-07-05 07:00:00+00:00,62782.18,62798.0,62758.01,62758.02
2026-07-05 07:15:00+00:00,62758.01,62833.75,62718.31,62749.99
2026-07-05 07:30:00+00:00,62749.99,62974.14,62749.99,62924.38
2026-07-05 07:45:00+00:00,62924.38,63059.99,62898.58,63020.21
2026-07-05 08:00:00+00:00,63020.21,63104.0,62948.89,63014.01
2026-07-05 08:15:00+00:00,63014.01,63049.9,62919.99,62935.6
2026-07-05 08:30:00+00:00,62935.6,62990.18,62913.71,62938.0
2026-07-05 08:45:00+00:00,62938.01,62984.59,62900.0,62915.0
2026-07-05 09:00:00+00:00,62915.0,62930.16,62815.6,62871.52
2026-07-05 09:15:00+00:00,62871.52,62874.38,62733.96,62735.01
2026-07-05 09:30:00+00:00,62735.01,62780.61,62436.59,62528.0
2026-07-05 09:45:00+00:00,62528.0,62636.64,62510.11,62622.18
2026-07-05 10:00:00+00:00,62622.18,62731.66,62536.57,62688.51
2026-07-05 10:15:00+00:00,62688.51,62747.98,62631.22,62694.02
2026-07-05 10:30:00+00:00,62694.02,62735.66,62670.02,62692.25
2026-07-05 10:45:00+00:00,62692.26,62756.25,62684.11,62756.12
2026-07-05 11:00:00+00:00,62756.12,62812.0,62680.99,62706.0
2026-07-05 11:15:00+00:00,62706.0,62706.0,62600.03,62624.99
2026-07-05 11:30:00+00:00,62624.99,62719.99,62616.0,62710.0
2026-07-05 11:45:00+00:00,62710.0,62726.0,62638.24,62658.92
2026-07-05 12:00:00+00:00,62658.92,62658.92,62569.37,62620.0
2026-07-05 12:15:00+00:00,62620.0,62750.0,62620.0,62750.0
2026-07-05 12:30:00+00:00,62750.0,62772.0,62645.13,62710.1
2026-07-05 12:45:00+00:00,62710.1,62745.01,62710.0,62745.01
2026-07-05 13:00:00+00:00,62745.0,62818.0,62700.0,62738.0
2026-07-05 13:15:00+00:00,62738.0,62767.18,62644.12,62695.68
2026-07-05 13:30:00+00:00,62695.69,62760.65,62674.63,62753.55
2026-07-05 13:45:00+00:00,62753.55,62819.66,62753.55,62792.0
2026-07-05 14:00:00+00:00,62791.99,62818.37,62705.17,62750.0
2026-07-05 14:15:00+00:00,62750.0,62750.01,62672.04,62712.0
2026-07-05 14:30:00+00:00,62712.01,62784.0,62656.02,62742.24
2026-07-05 14:45:00+00:00,62742.24,62812.25,62714.01,62812.25
2026-07-05 15:00:00+00:00,62812.25,62943.59,62793.72,62807.88
2026-07-05 15:15:00+00:00,62807.87,62822.3,62736.83,62770.0
2026-07-05 15:30:00+00:00,62770.0,62908.0,62690.81,62704.01
2026-07-05 15:45:00+00:00,62704.0,62760.0,62679.76,62740.01
2026-07-05 16:00:00+00:00,62740.01,62772.86,62700.0,62707.7
2026-07-05 16:15:00+00:00,62707.7,62725.27,62603.74,62617.99
2026-07-05 16:30:00+00:00,62618.0,62669.69,62618.0,62631.28
2026-07-05 16:45:00+00:00,62631.28,62656.0,62590.02,62637.48
2026-07-05 17:00:00+00:00,62637.48,62738.0,62637.48,62722.74
2026-07-05 17:15:00+00:00,62722.74,62820.0,62686.0,62686.01
2026-07-05 17:30:00+00:00,62686.01,62710.0,62606.0,62606.01
2026-07-05 17:45:00+00:00,62606.01,62668.0,62594.38,62624.93
2026-07-05 18:00:00+00:00,62624.93,62688.0,62616.0,62659.86
2026-07-05 18:15:00+00:00,62659.86,62722.94,62659.85,62681.94
2026-07-05 18:30:00+00:00,62681.94,62771.22,62681.93,62770.47
2026-07-05 18:45:00+00:00,62770.48,62880.0,62738.0,62820.33
2026-07-05 19:00:00+00:00,62820.33,62870.0,62780.78,62840.81
2026-07-05 19:15:00+00:00,62840.81,62888.14,62714.98,62791.7
2026-07-05 19:30:00+00:00,62791.7,62832.0,62770.0,62804.25
2026-07-05 19:45:00+00:00,62804.25,62834.87,62762.46,62768.88
2026-07-05 20:00:00+00:00,62768.87,62836.01,62766.36,62816.64
2026-07-05 20:15:00+00:00,62816.63,62817.82,62700.0,62720.0
2026-07-05 20:30:00+00:00,62719.99,62742.0,62700.0,62741.99
2026-07-05 20:45:00+00:00,62742.0,62759.47,62730.6,62730.61
2026-07-05 21:00:00+00:00,62730.61,62771.72,62609.47,62738.29
2026-07-05 21:15:00+00:00,62738.28,62936.8,62720.0,62922.01
2026-07-05 21:30:00+00:00,62922.0,63045.99,62894.71,63024.0
2026-07-05 21:45:00+00:00,63023.99,63220.0,62948.0,63092.01
2026-07-05 22:00:00+00:00,63092.0,63220.0,63005.04,63220.0
2026-07-05 22:15:00+00:00,63219.99,63742.83,63190.0,63717.99
2026-07-05 22:30:00+00:00,63718.0,63964.48,63542.19,63559.19
2026-07-05 22:45:00+00:00,63559.2,63744.0,63559.19,63736.0
2026-07-05 23:00:00+00:00,63735.99,63989.54,63715.8,63978.0
2026-07-05 23:15:00+00:00,63978.0,63999.0,63679.64,63680.01
2026-07-05 23:30:00+00:00,63680.01,63739.71,63626.0,63703.49
2026-07-05 23:45:00+00:00,63703.48,63703.48,63577.36,63650.0
2026-07-06 00:00:00+00:00,63650.01,63713.47,63480.01,63594.0
2026-07-06 00:15:00+00:00,63594.0,63711.99,63415.04,63418.0
2026-07-06 00:30:00+00:00,63418.01,63653.44,63350.0,63604.0
2026-07-06 00:45:00+00:00,63604.0,63772.52,63604.0,63761.99
2026-07-06 01:00:00+00:00,63761.98,63854.0,63692.07,63806.0
2026-07-06 01:15:00+00:00,63805.99,63844.0,63606.0,63742.01
2026-07-06 01:30:00+00:00,63742.01,63920.0,63696.06,63724.38
2026-07-06 01:45:00+00:00,63724.38,63724.38,63550.0,63576.0
2026-07-06 02:00:00+00:00,63576.0,63669.45,63415.0,63455.72
2026-07-06 02:15:00+00:00,63455.72,63661.54,63444.0,63522.01
2026-07-06 02:30:00+00:00,63522.01,63630.0,63388.32,63391.99
2026-07-06 02:45:00+00:00,63392.0,63484.96,63373.13,63460.01
2026-07-06 03:00:00+00:00,63460.01,63495.14,63400.0,63414.64
2026-07-06 03:15:00+00:00,63414.63,63427.24,63203.0,63223.14
2026-07-06 03:30:00+00:00,63223.15,63321.6,63136.01,63207.08
2026-07-06 03:45:00+00:00,63207.07,63294.0,63190.0,63294.0
2026-07-06 04:00:00+00:00,63294.0,63386.84,63236.97,63345.01
2026-07-06 04:15:00+00:00,63345.0,63361.13,63187.98,63235.99
2026-07-06 04:30:00+00:00,63236.0,63402.77,63199.3,63314.0
2026-07-06 04:45:00+00:00,63314.0,63353.7,63232.79,63267.99
2026-07-06 05:00:00+00:00,63267.99,63268.0,63166.0,63208.78
2026-07-06 05:15:00+00:00,63208.77,63237.23,62996.14,63016.01
2026-07-06 05:30:00+00:00,63016.01,63156.21,62950.0,63100.0
2026-07-06 05:45:00+00:00,63100.0,63164.0,63082.92,63114.0
2026-07-06 06:00:00+00:00,63113.99,63146.0,63044.8,63121.27
2026-07-06 06:15:00+00:00,63121.27,63152.7,62999.85,63033.99
2026-07-06 06:30:00+00:00,63034.0,63072.0,62972.0,63072.0
2026-07-06 06:45:00+00:00,63072.0,63085.73,62975.98,62976.0
2026-07-06 07:00:00+00:00,62976.0,62985.89,62890.0,62960.0
2026-07-06 07:15:00+00:00,62960.0,63030.0,62952.0,62971.99
2026-07-06 07:30:00+00:00,62971.99,63115.91,62920.7,63103.42
2026-07-06 07:45:00+00:00,63103.41,63120.0,63068.0,63089.42
2026-07-06 08:00:00+00:00,63089.42,63244.0,63011.77,63060.0
2026-07-06 08:15:00+00:00,63060.0,63092.0,62988.0,63070.0
2026-07-06 08:30:00+00:00,63070.0,63070.0,62800.13,62911.15
2026-07-06 08:45:00+00:00,62911.15,62944.92,62885.3,62904.01
2026-07-06 09:00:00+00:00,62904.01,62914.0,62844.93,62864.55
2026-07-06 09:15:00+00:00,62864.55,62880.58,62742.0,62752.0
2026-07-06 09:30:00+00:00,62752.0,62764.0,62630.85,62688.01
2026-07-06 09:45:00+00:00,62688.0,62698.19,62632.01,62664.77
2026-07-06 10:00:00+00:00,62664.77,62844.0,62664.76,62840.01
2026-07-06 10:15:00+00:00,62840.01,62883.54,62836.75,62882.01
2026-07-06 10:30:00+00:00,62882.01,63030.0,62871.45,62921.68
2026-07-06 10:45:00+00:00,62921.67,62925.08,62806.78,62822.06
2026-07-06 11:00:00+00:00,62822.07,62885.15,62800.0,62807.68
2026-07-06 11:15:00+00:00,62807.69,62923.06,62783.46,62881.97
2026-07-06 11:30:00+00:00,62881.97,62998.3,62872.2,62968.01
2026-07-06 11:45:00+00:00,62968.0,63000.0,62483.83,62483.84
2026-07-06 12:00:00+00:00,62483.84,62487.98,61798.58,61985.63
2026-07-06 12:15:00+00:00,61985.64,62144.26,61906.9,62080.44
2026-07-06 12:30:00+00:00,62080.43,62184.0,61770.0,61803.77
2026-07-06 12:45:00+00:00,61803.76,61891.3,61668.2,61754.01
2026-07-06 13:00:00+00:00,61754.01,61819.12,61589.0,61640.02
2026-07-06 13:15:00+00:00,61640.01,61704.0,61428.57,61456.0
2026-07-06 13:30:00+00:00,61456.0,61645.86,61306.84,61645.86
2026-07-06 13:45:00+00:00,61645.85,62034.0,61618.25,61768.21
2026-07-06 14:00:00+00:00,61768.2,61989.0,61744.0,61931.57
2026-07-06 14:15:00+00:00,61931.56,62411.41,61712.54,62080.0
2026-07-06 14:30:00+00:00,62080.0,62213.46,61951.06,62048.0
2026-07-06 14:45:00+00:00,62048.0,62080.01,61888.0,62052.0
2026-07-06 15:00:00+00:00,62052.0,62580.62,62052.0,62484.01
2026-07-06 15:15:00+00:00,62484.0,62558.44,62304.61,62464.0
2026-07-06 15:30:00+00:00,62464.0,62947.35,62274.0,62912.31
2026-07-06 15:45:00+00:00,62912.31,63550.0,62805.68,63545.98
2026-07-06 16:00:00+00:00,63545.98,63863.0,63386.01,63749.23
2026-07-06 16:15:00+00:00,63749.22,63794.01,63404.43,63464.36
2026-07-06 16:30:00+00:00,63464.37,63804.62,63462.0,63740.0
2026-07-06 16:45:00+00:00,63739.99,63787.4,63665.64,63732.0
2026-07-06 17:00:00+00:00,63732.0,63935.01,63674.0,63852.23
2026-07-06 17:15:00+00:00,63852.23,63976.16,63824.32,63889.86
2026-07-06 17:30:00+00:00,63889.86,63944.0,63664.46,63708.0
2026-07-06 17:45:00+00:00,63708.0,63758.77,63570.16,63587.38
2026-07-06 18:00:00+00:00,63587.38,63751.91,63560.0,63695.88
2026-07-06 18:15:00+00:00,63695.87,63886.0,63614.25,63755.98
2026-07-06 18:30:00+00:00,63755.99,63850.0,63698.0,63801.35
2026-07-06 18:45:00+00:00,63801.34,63818.0,63690.77,63696.4
2026-07-06 19:00:00+00:00,63696.4,63767.44,63652.42,63748.01
2026-07-06 19:15:00+00:00,63748.0,63887.93,63738.0,63841.45
2026-07-06 19:30:00+00:00,63841.45,63852.63,63764.0,63842.0
2026-07-06 19:45:00+00:00,63842.0,63871.94,63708.03,63738.52
2026-07-06 20:00:00+00:00,63738.52,63749.52,63589.41,63602.06
2026-07-06 20:15:00+00:00,63602.07,63762.24,63602.07,63758.4
2026-07-06 20:30:00+00:00,63758.41,63886.39,63754.08,63832.0
2026-07-06 20:45:00+00:00,63831.99,63892.65,63777.15,63828.0
2026-07-06 21:00:00+00:00,63828.0,64700.0,63810.0,64305.91
2026-07-06 21:15:00+00:00,64305.91,64376.0,64198.07,64224.48
2026-07-06 21:30:00+00:00,64224.49,64312.68,64154.6,64223.41
2026-07-06 21:45:00+00:00,64223.41,64534.89,64170.3,64489.98
2026-07-06 22:00:00+00:00,64489.97,64500.0,64292.09,64365.99
2026-07-06 22:15:00+00:00,64365.99,64480.0,64200.01,64220.0
2026-07-06 22:30:00+00:00,64220.0,64229.76,64174.96,64205.96
2026-07-06 22:45:00+00:00,64205.97,64294.41,64151.01,64244.0
2026-07-06 23:00:00+00:00,64244.0,64340.76,64224.94,64269.53
2026-07-06 23:15:00+00:00,64269.53,64290.66,64090.01,64096.0
2026-07-06 23:30:00+00:00,64095.99,64178.0,64062.01,64067.99
2026-07-06 23:45:00+00:00,64067.99,64124.0,64017.78,64042.02
2026-07-07 00:00:00+00:00,64042.93,64099.0,64018.64,64024.99
2026-07-07 00:15:00+00:00,64024.99,64314.0,63997.5,64250.0
2026-07-07 00:30:00+00:00,64250.0,64257.77,64016.13,64081.98
2026-07-07 00:45:00+00:00,64081.99,64270.0,64081.98,64203.99
2026-07-07 01:00:00+00:00,64203.99,64204.0,63872.08,63972.0
2026-07-07 01:15:00+00:00,63972.01,64048.0,63918.39,63942.0
2026-07-07 01:30:00+00:00,63941.99,63974.0,63767.04,63946.0
2026-07-07 01:45:00+00:00,63945.99,64012.0,63824.0,63840.0
2026-07-07 02:00:00+00:00,63840.0,63908.0,63790.91,63828.0
2026-07-07 02:15:00+00:00,63828.0,63874.0,63561.93,63570.01
2026-07-07 02:30:00+00:00,63570.01,63600.0,63435.71,63596.82
2026-07-07 02:45:00+00:00,63596.82,63619.11,63288.01,63322.01
2026-07-07 03:00:00+00:00,63322.01,63414.0,63270.07,63330.86
2026-07-07 03:15:00+00:00,63330.86,63372.0,63237.43,63292.2
2026-07-07 03:30:00+00:00,63292.2,63352.0,63176.13,63208.84
2026-07-07 03:45:00+00:00,63208.84,63208.84,63150.0,63191.01
2026-07-07 04:00:00+00:00,63191.01,63270.06,63146.8,63198.01
2026-07-07 04:15:00+00:00,63198.02,63281.99,63167.99,63265.17
2026-07-07 04:30:00+00:00,63265.16,63288.33,63154.19,63154.19
2026-07-07 04:45:00+00:00,63154.19,63170.3,63064.0,63100.01
2026-07-07 05:00:00+00:00,63100.0,63118.0,62800.0,62819.99
2026-07-07 05:15:00+00:00,62820.0,63000.0,62814.01,62939.47
2026-07-07 05:30:00+00:00,62939.47,63195.99,62939.47,63168.03
2026-07-07 05:45:00+00:00,63168.03,63278.99,63124.2,63128.01
2026-07-07 06:00:00+00:00,63128.0,63230.0,62984.42,63039.99
2026-07-07 06:15:00+00:00,63040.0,63178.0,63040.0,63168.0
2026-07-07 06:30:00+00:00,63168.0,63293.35,63137.69,63263.99
2026-07-07 06:45:00+00:00,63263.99,63400.0,63242.0,63340.0
2026-07-07 07:00:00+00:00,63340.01,63445.7,63308.62,63396.01
2026-07-07 07:15:00+00:00,63396.0,63398.93,63231.16,63248.02
2026-07-07 07:30:00+00:00,63248.01,63278.0,63085.85,63151.77
2026-07-07 07:45:00+00:00,63151.78,63190.32,63072.1,63083.18
2026-07-07 08:00:00+00:00,63083.19,63184.0,63038.0,63122.01
2026-07-07 08:15:00+00:00,63122.0,63165.47,63060.96,63084.0
2026-07-07 08:30:00+00:00,63083.99,63117.05,62984.58,63102.0
2026-07-07 08:45:00+00:00,63102.0,63145.07,63029.2,63104.0
2026-07-07 09:00:00+00:00,63104.0,63258.25,63063.28,63250.69
2026-07-07 09:15:00+00:00,63250.68,63251.5,63168.3,63168.31
2026-07-07 09:30:00+00:00,63168.31,63300.0,63151.14,63294.23
2026-07-07 09:45:00+00:00,63294.23,63348.73,63234.7,63256.0
2026-07-07 10:00:00+00:00,63256.01,63461.63,63253.99,63364.01
2026-07-07 10:15:00+00:00,63364.0,63467.15,63309.28,63309.29
2026-07-07 10:30:00+00:00,63309.29,63310.0,63228.17,63280.0
2026-07-07 10:45:00+00:00,63280.0,63284.0,63238.76,63284.0
2026-07-07 11:00:00+00:00,63284.0,63284.0,63116.02,63156.71
2026-07-07 11:15:00+00:00,63156.71,63234.0,63126.0,63178.77
2026-07-07 11:30:00+00:00,63178.77,63265.95,63129.05,63262.36
2026-07-07 11:45:00+00:00,63262.35,63452.0,63262.35,63406.0
2026-07-07 12:00:00+00:00,63405.99,63872.0,63396.58,63814.0
2026-07-07 12:15:00+00:00,63813.99,63814.0,63644.0,63702.99
2026-07-07 12:30:00+00:00,63703.0,63707.22,63494.44,63612.01
2026-07-07 12:45:00+00:00,63612.0,63612.01,63454.47,63481.39
2026-07-07 13:00:00+00:00,63481.39,63482.5,63272.72,63337.45
2026-07-07 13:15:00+00:00,63337.45,63366.0,63084.17,63111.97
2026-07-07 13:30:00+00:00,63111.98,63251.5,63000.0,63171.75
2026-07-07 13:45:00+00:00,63171.75,63410.54,63010.01,63056.0
2026-07-07 14:00:00+00:00,63056.0,63263.43,62875.99,62978.01
2026-07-07 14:15:00+00:00,62978.01,63150.32,62924.0,63144.0
2026-07-07 14:30:00+00:00,63143.99,63239.26,62671.39,62937.99
2026-07-07 14:45:00+00:00,62938.0,63634.0,62938.0,63562.05
2026-07-07 15:00:00+00:00,63562.05,63624.0,63376.22,63516.01
2026-07-07 15:15:00+00:00,63516.01,63800.0,63497.23,63752.01
2026-07-07 15:30:00+00:00,63752.01,63992.0,63678.0,63840.0
2026-07-07 15:45:00+00:00,63840.0,64105.0,63840.0,63930.51
2026-07-07 16:00:00+00:00,63930.5,64043.64,63816.0,63870.01
2026-07-07 16:15:00+00:00,63870.01,64071.97,63810.0,64006.0
2026-07-07 16:30:00+00:00,64006.0,64088.45,63936.0,64053.89
2026-07-07 16:45:00+00:00,64053.88,64243.75,63971.72,63983.27
2026-07-07 17:00:00+00:00,63983.28,64133.18,63965.44,64014.96
2026-07-07 17:15:00+00:00,64014.97,64160.0,63896.21,64153.48
2026-07-07 17:30:00+00:00,64153.48,64232.0,64096.0,64231.99
2026-07-07 17:45:00+00:00,64231.99,64232.0,64124.27,64186.0
2026-07-07 18:00:00+00:00,64185.99,64188.0,63998.0,64021.85
2026-07-07 18:15:00+00:00,64021.85,64146.0,63970.58,63990.61
2026-07-07 18:30:00+00:00,63990.61,64086.0,63956.15,64086.0
2026-07-07 18:45:00+00:00,64086.0,64135.15,63672.01,63679.99
2026-07-07 19:00:00+00:00,63679.99,63768.16,63495.65,63532.9
2026-07-07 19:15:00+00:00,63532.9,63683.25,63379.69,63601.76
2026-07-07 19:30:00+00:00,63601.76,63810.0,63601.75,63798.01
2026-07-07 19:45:00+00:00,63798.0,63894.58,63780.0,63817.99
2026-07-07 20:00:00+00:00,63818.0,63901.75,63694.01,63778.08
2026-07-07 20:15:00+00:00,63778.08,63816.0,63708.0,63730.0
2026-07-07 20:30:00+00:00,63730.0,63742.0,63585.0,63673.99
2026-07-07 20:45:00+00:00,63673.99,63698.24,63617.99,63697.99
2026-07-07 21:00:00+00:00,63698.0,63866.0,63697.99,63786.01
2026-07-07 21:15:00+00:00,63786.0,63786.0,63393.3,63520.0
2026-07-07 21:30:00+00:00,63519.99,63526.7,63313.1,63402.22
2026-07-07 21:45:00+00:00,63402.22,63522.0,63372.0,63423.94
2026-07-07 22:00:00+00:00,63423.93,63468.0,63218.0,63453.99
2026-07-07 22:15:00+00:00,63454.0,63517.05,63389.64,63457.99
2026-07-07 22:30:00+00:00,63458.0,63660.0,63430.0,63616.01
2026-07-07 22:45:00+00:00,63616.0,63616.0,63495.05,63551.02
2026-07-07 23:00:00+00:00,63551.02,63666.87,63526.69,63638.0
2026-07-07 23:15:00+00:00,63638.0,63708.0,63620.0,63650.01
2026-07-07 23:30:00+00:00,63650.0,63658.82,63444.26,63446.0
2026-07-07 23:45:00+00:00,63446.0,63450.0,63320.0,63363.99
2026-07-08 00:00:00+00:00,63364.0,63509.71,63307.36,63494.01
2026-07-08 00:15:00+00:00,63494.0,63692.65,63414.15,63606.0
2026-07-08 00:30:00+00:00,63605.99,63761.99,63554.0,63711.99
2026-07-08 00:45:00+00:00,63711.99,63713.83,63586.01,63612.77
2026-07-08 01:00:00+00:00,63612.78,63649.5,63474.38,63634.98
2026-07-08 01:15:00+00:00,63634.97,63634.97,63425.36,63425.37
2026-07-08 01:30:00+00:00,63425.37,63451.99,62921.78,63156.01
2026-07-08 01:45:00+00:00,63156.01,63216.0,62972.0,63038.01
2026-07-08 02:00:00+00:00,63038.0,63038.0,62818.0,62888.0
2026-07-08 02:15:00+00:00,62888.01,62988.0,62814.0,62888.01
2026-07-08 02:30:00+00:00,62888.01,62972.0,62525.47,62972.0
2026-07-08 02:45:00+00:00,62971.99,63066.0,62889.41,62979.99
2026-07-08 03:00:00+00:00,62979.98,63094.0,62979.98,63071.14
2026-07-08 03:15:00+00:00,63071.14,63071.15,62970.66,63053.81
2026-07-08 03:30:00+00:00,63053.81,63053.81,62916.63,62952.58
2026-07-08 03:45:00+00:00,62952.58,62952.58,62700.18,62766.0
2026-07-08 04:00:00+00:00,62766.0,62856.0,62734.0,62799.28
2026-07-08 04:15:00+00:00,62799.28,62900.0,62799.28,62874.99
2026-07-08 04:30:00+00:00,62874.99,62901.49,62710.0,62741.06
2026-07-08 04:45:00+00:00,62741.07,62809.39,62676.0,62800.0
2026-07-08 05:00:00+00:00,62800.01,62876.95,62750.0,62801.71
2026-07-08 05:15:00+00:00,62801.72,62849.99,62716.0,62772.0
2026-07-08 05:30:00+00:00,62771.99,62781.88,62619.77,62619.78
2026-07-08 05:45:00+00:00,62619.78,62688.0,62558.0,62637.88
2026-07-08 06:00:00+00:00,62637.88,62646.01,62562.0,62634.01
2026-07-08 06:15:00+00:00,62634.01,62712.0,62483.73,62622.01
2026-07-08 06:30:00+00:00,62622.0,62633.16,62477.04,62543.1
2026-07-08 06:45:00+00:00,62543.1,62746.0,62532.0,62657.81
2026-07-08 07:00:00+00:00,62657.82,62752.0,62550.0,62747.35
2026-07-08 07:15:00+00:00,62747.36,62829.0,62673.68,62812.0
2026-07-08 07:30:00+00:00,62812.0,62885.55,62766.0,62826.0
2026-07-08 07:45:00+00:00,62825.99,62894.89,62803.3,62888.35
2026-07-08 08:00:00+00:00,62888.34,62941.46,62788.0,62830.0
2026-07-08 08:15:00+00:00,62830.0,62848.0,62084.0,62084.01
2026-07-08 08:30:00+00:00,62084.0,62158.26,61855.26,62048.25
2026-07-08 08:45:00+00:00,62048.26,62341.88,62000.0,62018.36
2026-07-08 09:00:00+00:00,62018.36,62114.0,61878.69,61883.73
2026-07-08 09:15:00+00:00,61883.74,61938.0,61743.83,61937.99
2026-07-08 09:30:00+00:00,61938.0,62190.01,61937.99,62145.99
2026-07-08 09:45:00+00:00,62145.99,62149.75,62048.3,62057.67
2026-07-08 10:00:00+00:00,62057.68,62094.0,61903.45,62004.63
2026-07-08 10:15:00+00:00,62004.63,62124.6,61982.7,62121.08
2026-07-08 10:30:00+00:00,62121.08,62171.42,62065.6,62140.52
2026-07-08 10:45:00+00:00,62140.51,62199.97,62101.0,62183.12
2026-07-08 11:00:00+00:00,62183.11,62189.12,62073.99,62116.0
2026-07-08 11:15:00+00:00,62116.01,62166.02,62055.63,62121.38
2026-07-08 11:30:00+00:00,62121.38,62392.04,62086.64,62336.01
2026-07-08 11:45:00+00:00,62336.0,62361.72,62234.0,62299.99
2026-07-08 12:00:00+00:00,62300.0,62451.08,62206.37,62320.01
2026-07-08 12:15:00+00:00,62320.0,62372.0,62228.93,62285.38
2026-07-08 12:30:00+00:00,62285.39,62302.0,62090.01,62095.79
2026-07-08 12:45:00+00:00,62095.8,62161.24,61953.58,61957.73
2026-07-08 13:00:00+00:00,61957.74,62000.0,61848.0,61925.21
2026-07-08 13:15:00+00:00,61925.2,61936.0,61754.0,61824.61
2026-07-08 13:30:00+00:00,61824.62,62090.0,61824.62,61962.0
2026-07-08 13:45:00+00:00,61962.0,61962.0,61632.23,61945.49
2026-07-08 14:00:00+00:00,61945.49,62161.65,61914.01,62045.62
2026-07-08 14:15:00+00:00,62045.61,62173.56,61829.13,62004.0
2026-07-08 14:30:00+00:00,62004.0,62038.0,61856.0,61908.99
2026-07-08 14:45:00+00:00,61908.98,62042.0,61712.0,61889.83
2026-07-08 15:00:00+00:00,61889.83,61922.0,61577.69,61608.14
2026-07-08 15:15:00+00:00,61608.14,61716.0,61544.56,61628.01
2026-07-08 15:30:00+00:00,61628.0,61798.72,61586.0,61621.83
2026-07-08 15:45:00+00:00,61621.83,61730.0,61595.75,61704.01
2026-07-08 16:00:00+00:00,61704.01,61894.0,61692.0,61833.3
2026-07-08 16:15:00+00:00,61833.3,61986.01,61788.0,61916.31
2026-07-08 16:30:00+00:00,61916.3,62090.0,61793.86,62058.01
2026-07-08 16:45:00+00:00,62058.0,62164.6,62012.58,62113.03
2026-07-08 17:00:00+00:00,62113.02,62149.73,62032.0,62065.3
2026-07-08 17:15:00+00:00,62065.3,62308.67,62050.0,62308.67
2026-07-08 17:30:00+00:00,62308.66,62394.32,62240.63,62262.85
2026-07-08 17:45:00+00:00,62262.84,62274.0,62056.53,62104.62
2026-07-08 18:00:00+00:00,62104.62,62307.62,62097.19,62290.4
2026-07-08 18:15:00+00:00,62290.39,62351.97,62192.72,62192.73
2026-07-08 18:30:00+00:00,62192.73,62192.73,62045.2,62096.0
2026-07-08 18:45:00+00:00,62095.99,62274.86,62080.0,62185.32
2026-07-08 19:00:00+00:00,62185.33,62268.0,62092.97,62092.97
2026-07-08 19:15:00+00:00,62092.97,62240.0,62068.0,62233.57
2026-07-08 19:30:00+00:00,62233.58,62282.0,62204.0,62282.0
2026-07-08 19:45:00+00:00,62281.99,62292.19,62121.57,62277.98
2026-07-08 20:00:00+00:00,62277.98,62306.54,62184.0,62257.56
2026-07-08 20:15:00+00:00,62257.56,62268.43,62146.73,62268.42
2026-07-08 20:30:00+00:00,62268.42,62270.0,62110.33,62194.0
2026-07-08 20:45:00+00:00,62194.0,62238.0,62082.8,62099.61
2026-07-08 21:00:00+00:00,62099.62,62143.83,61956.0,62000.0
2026-07-08 21:15:00+00:00,62000.0,62103.45,61980.58,62103.45
2026-07-08 21:30:00+00:00,62103.44,62151.99,62043.59,62093.36
2026-07-08 21:45:00+00:00,62095.06,62251.22,62078.0,62187.17
2026-07-08 22:00:00+00:00,62187.17,62350.63,62179.15,62208.98
2026-07-08 22:15:00+00:00,62208.99,62300.0,62178.0,62299.99
2026-07-08 22:30:00+00:00,62300.0,62335.66,62242.27,62325.06
2026-07-08 22:45:00+00:00,62325.05,62330.4,62257.01,62330.4
2026-07-08 23:00:00+00:00,62330.4,62346.6,62282.0,62324.59
2026-07-08 23:15:00+00:00,62324.59,62324.6,62210.0,62263.99
2026-07-08 23:30:00+00:00,62264.0,62266.0,62174.0,62259.7
2026-07-08 23:45:00+00:00,62259.69,62320.0,62229.29,62290.0
2026-07-09 00:00:00+00:00,62290.01,62309.88,62155.29,62241.69
2026-07-09 00:15:00+00:00,62241.69,62254.0,62116.0,62189.99
2026-07-09 00:30:00+00:00,62189.99,62283.71,62088.3,62201.99
2026-07-09 00:45:00+00:00,62201.99,62243.99,62058.51,62129.99
2026-07-09 01:00:00+00:00,62129.99,62642.0,62116.15,62405.94
2026-07-09 01:15:00+00:00,62405.95,62571.61,62362.23,62396.46
2026-07-09 01:30:00+00:00,62396.45,62411.99,62046.89,62112.0
2026-07-09 01:45:00+00:00,62112.0,62118.0,61837.1,61916.0
2026-07-09 02:00:00+00:00,61916.0,62086.0,61808.54,62083.02
2026-07-09 02:15:00+00:00,62083.02,62121.21,61958.0,62004.06
2026-07-09 02:30:00+00:00,62004.05,62030.68,61804.05,61814.37
2026-07-09 02:45:00+00:00,61814.14,61842.0,61705.29,61788.8
2026-07-09 03:00:00+00:00,61788.79,61864.33,61730.0,61856.22
2026-07-09 03:15:00+00:00,61856.23,61947.43,61735.52,61917.12
2026-07-09 03:30:00+00:00,61917.12,62062.99,61872.43,61987.01
2026-07-09 03:45:00+00:00,61987.0,62002.85,61910.05,61974.34
2026-07-09 04:00:00+00:00,61974.34,62088.0,61956.46,62032.0
2026-07-09 04:15:00+00:00,62032.01,62116.62,62012.01,62090.77
2026-07-09 04:30:00+00:00,62090.78,62300.0,62090.0,62299.99
2026-07-09 04:45:00+00:00,62299.99,62456.29,62276.01,62453.74
2026-07-09 05:00:00+00:00,62453.74,62624.61,62369.46,62500.0
2026-07-09 05:15:00+00:00,62499.99,62532.48,62270.79,62300.17
2026-07-09 05:30:00+00:00,62300.17,62404.0,62236.0,62373.99
2026-07-09 05:45:00+00:00,62373.99,62589.62,62354.34,62589.61
2026-07-09 06:00:00+00:00,62589.61,62770.54,62485.58,62528.01
2026-07-09 06:15:00+00:00,62528.0,62862.87,62496.0,62822.0
2026-07-09 06:30:00+00:00,62821.99,62859.39,62750.0,62853.99
2026-07-09 06:45:00+00:00,62853.99,62980.0,62821.85,62959.96
2026-07-09 07:00:00+00:00,62959.96,63178.0,62788.06,62943.28
2026-07-09 07:15:00+00:00,62943.29,63086.0,62842.73,62920.0
2026-07-09 07:30:00+00:00,62920.01,63050.0,62799.13,63043.42
2026-07-09 07:45:00+00:00,63043.42,63283.26,62963.26,63000.0
2026-07-09 08:00:00+00:00,62999.99,63022.0,62914.63,62953.98
2026-07-09 08:15:00+00:00,62953.99,63078.9,62930.0,63051.87
2026-07-09 08:30:00+00:00,63051.86,63100.1,62982.0,63040.0
2026-07-09 08:45:00+00:00,63040.01,63043.72,62855.63,62903.65
2026-07-09 09:00:00+00:00,62903.66,62941.3,62822.0,62873.7
2026-07-09 09:15:00+00:00,62873.7,62941.7,62834.04,62926.52
2026-07-09 09:30:00+00:00,62926.53,63002.0,62786.82,62804.0
2026-07-09 09:45:00+00:00,62804.0,62970.0,62797.99,62953.4
2026-07-09 10:00:00+00:00,62953.4,63056.98,62911.4,63010.0
2026-07-09 10:15:00+00:00,63009.99,63021.24,62876.0,62885.53
2026-07-09 10:30:00+00:00,62885.52,62950.91,62857.69,62910.0
2026-07-09 10:45:00+00:00,62910.0,62910.0,62688.0,62786.04
2026-07-09 11:00:00+00:00,62786.05,62830.0,62756.0,62804.01
2026-07-09 11:15:00+00:00,62804.0,62804.01,62662.0,62702.74
2026-07-09 11:30:00+00:00,62702.73,62730.0,62614.66,62661.3
2026-07-09 11:45:00+00:00,62661.3,62819.47,62614.68,62786.34
2026-07-09 12:00:00+00:00,62786.33,62874.0,62662.0,62782.01
2026-07-09 12:15:00+00:00,62782.0,62845.27,62579.11,62812.66
2026-07-09 12:30:00+00:00,62812.67,62952.0,62576.14,62612.64
2026-07-09 12:45:00+00:00,62612.64,62671.32,62465.39,62614.02
2026-07-09 13:00:00+00:00,62614.01,62935.51,62614.01,62876.01
2026-07-09 13:15:00+00:00,62876.0,62876.01,62694.0,62727.08
2026-07-09 13:30:00+00:00,62727.08,62970.48,62523.08,62970.47
2026-07-09 13:45:00+00:00,62970.48,63240.15,62818.0,63028.35
2026-07-09 14:00:00+00:00,63028.36,63144.79,62864.0,62932.01
2026-07-09 14:15:00+00:00,62932.0,62932.0,62666.66,62879.75
2026-07-09 14:30:00+00:00,62879.75,63000.0,62744.19,62918.37
2026-07-09 14:45:00+00:00,62918.37,63042.85,62818.0,63016.0
2026-07-09 15:00:00+00:00,63016.0,63208.0,62922.11,63097.53
2026-07-09 15:15:00+00:00,63097.52,63261.0,62941.56,62985.27
2026-07-09 15:30:00+00:00,62985.27,63086.95,62872.62,62979.59
2026-07-09 15:45:00+00:00,62979.58,63045.99,62811.1,62868.05
2026-07-09 16:00:00+00:00,62868.06,62996.0,62825.45,62858.98
2026-07-09 16:15:00+00:00,62858.97,62886.85,62559.59,62711.42
2026-07-09 16:30:00+00:00,62711.43,62791.14,62682.0,62726.53
2026-07-09 16:45:00+00:00,62726.53,62739.66,62608.15,62700.01
2026-07-09 17:00:00+00:00,62700.01,62800.0,62668.0,62700.47
2026-07-09 17:15:00+00:00,62700.47,62846.0,62697.53,62838.99
2026-07-09 17:30:00+00:00,62839.0,63050.0,62754.93,63028.0
2026-07-09 17:45:00+00:00,63027.99,63165.12,63014.37,63142.79
2026-07-09 18:00:00+00:00,63142.79,63500.0,63080.0,63390.85
2026-07-09 18:15:00+00:00,63390.85,63420.0,63247.72,63385.83
2026-07-09 18:30:00+00:00,63385.83,63421.35,63260.0,63318.72
2026-07-09 18:45:00+00:00,63318.73,63358.0,63188.0,63219.03
2026-07-09 19:00:00+00:00,63219.03,63276.81,63183.46,63207.37
2026-07-09 19:15:00+00:00,63207.37,63276.0,63118.45,63264.73
2026-07-09 19:30:00+00:00,63264.73,63374.44,63222.0,63364.0
2026-07-09 19:45:00+00:00,63364.0,63375.73,63228.02,63248.1
2026-07-09 20:00:00+00:00,63248.09,63282.0,63177.36,63200.43
2026-07-09 20:15:00+00:00,63200.43,63326.53,63194.0,63286.41
2026-07-09 20:30:00+00:00,63286.4,63330.85,63248.76,63317.26
2026-07-09 20:45:00+00:00,63317.27,63322.0,63248.0,63313.38
2026-07-09 21:00:00+00:00,63313.38,63397.94,63283.32,63324.03
2026-07-09 21:15:00+00:00,63324.03,63348.0,63246.08,63256.15
2026-07-09 21:30:00+00:00,63256.14,63277.06,63208.91,63228.58
2026-07-09 21:45:00+00:00,63228.58,63288.86,63226.59,63274.59
2026-07-09 22:00:00+00:00,63274.6,63342.0,63237.38,63253.49
2026-07-09 22:15:00+00:00,63253.49,63383.97,63253.49,63344.0
2026-07-09 22:30:00+00:00,63344.0,63418.0,63266.62,63360.6
2026-07-09 22:45:00+00:00,63360.61,63396.8,63218.77,63218.78
2026-07-09 23:00:00+00:00,63218.78,63252.0,63180.26,63183.36
2026-07-09 23:15:00+00:00,63183.37,63325.0,63060.91,63234.0
2026-07-09 23:30:00+00:00,63234.01,63299.98,63162.0,63290.22
2026-07-09 23:45:00+00:00,63290.23,63319.2,63230.0,63230.0
2026-07-10 00:00:00+00:00,63230.01,63255.49,63130.32,63223.0
2026-07-10 00:15:00+00:00,63223.0,63250.0,63072.01,63102.0
2026-07-10 00:30:00+00:00,63102.01,63168.0,62926.01,63049.8
2026-07-10 00:45:00+00:00,63049.8,63117.51,62994.97,63113.93
2026-07-10 01:00:00+00:00,63113.92,63128.72,62962.0,63126.98
2026-07-10 01:15:00+00:00,63126.99,63394.41,63126.98,63393.78
2026-07-10 01:30:00+00:00,63393.78,63460.1,63330.64,63394.0
2026-07-10 01:45:00+00:00,63394.01,63999.99,63384.0,63749.86
2026-07-10 02:00:00+00:00,63749.86,63892.49,63692.76,63871.04
2026-07-10 02:15:00+00:00,63871.05,63951.68,63810.0,63815.9
2026-07-10 02:30:00+00:00,63815.91,63920.0,63778.2,63872.18
2026-07-10 02:45:00+00:00,63872.17,64050.23,63842.01,63961.99
2026-07-10 03:00:00+00:00,63961.99,63986.79,63843.82,63928.37
2026-07-10 03:15:00+00:00,63928.36,63928.37,63843.82,63850.3
2026-07-10 03:30:00+00:00,63850.31,63937.0,63822.8,63934.0
2026-07-10 03:45:00+00:00,63934.0,64050.0,63910.01,63947.2
2026-07-10 04:00:00+00:00,63947.2,64030.91,63938.0,63974.0
2026-07-10 04:15:00+00:00,63974.01,64049.0,63892.49,63892.49
2026-07-10 04:30:00+00:00,63892.49,64156.0,63857.64,64100.0
2026-07-10 04:45:00+00:00,64100.0,64176.86,64037.7,64047.88
2026-07-10 05:00:00+00:00,64047.89,64047.89,63956.33,63984.4
2026-07-10 05:15:00+00:00,63984.39,64016.79,63944.05,63979.72
2026-07-10 05:30:00+00:00,63979.73,64200.0,63962.02,64179.37
2026-07-10 05:45:00+00:00,64179.37,64185.3,64084.21,64115.99
2026-07-10 06:00:00+00:00,64116.0,64162.0,64032.0,64033.28
2026-07-10 06:15:00+00:00,64033.28,64042.0,63866.0,63906.0
2026-07-10 06:30:00+00:00,63906.01,63947.5,63866.44,63887.62
2026-07-10 06:45:00+00:00,63887.62,63926.51,63836.0,63854.71
2026-07-10 07:00:00+00:00,63854.71,63916.0,63802.02,63916.0
2026-07-10 07:15:00+00:00,63915.99,64011.9,63864.2,63964.87
2026-07-10 07:30:00+00:00,63964.88,63964.88,63905.63,63948.28
2026-07-10 07:45:00+00:00,63948.28,63999.0,63920.19,63963.0
2026-07-10 08:00:00+00:00,63963.0,64035.2,63962.99,64024.0
2026-07-10 08:15:00+00:00,64023.99,64392.0,64023.99,64331.99
2026-07-10 08:30:00+00:00,64331.99,64367.96,64174.01,64200.0
2026-07-10 08:45:00+00:00,64200.01,64287.16,64140.74,64246.01
2026-07-10 09:00:00+00:00,64246.0,64270.62,64102.0,64216.73
2026-07-10 09:15:00+00:00,64216.73,64421.94,64210.0,64417.05
2026-07-10 09:30:00+00:00,64417.06,64480.01,64357.79,64466.12
2026-07-10 09:45:00+00:00,64466.11,64478.42,64382.03,64385.09
2026-07-10 10:00:00+00:00,64385.09,64406.0,64274.47,64294.64
2026-07-10 10:15:00+00:00,64294.65,64438.76,64282.69,64437.49
2026-07-10 10:30:00+00:00,64437.48,64494.84,64370.0,64476.0
2026-07-10 10:45:00+00:00,64476.0,64491.89,64407.8,64407.8
2026-07-10 11:00:00+00:00,64407.8,64479.61,64396.97,64449.54
2026-07-10 11:15:00+00:00,64449.54,64467.99,64364.0,64427.01
2026-07-10 11:30:00+00:00,64427.02,64427.02,64341.83,64395.61
2026-07-10 11:45:00+00:00,64395.62,64480.0,64387.99,64425.18
2026-07-10 12:00:00+00:00,64425.18,64608.0,63999.0,64542.48
2026-07-10 12:15:00+00:00,64542.48,64542.49,64372.0,64500.84
2026-07-10 12:30:00+00:00,64500.84,64525.29,64356.0,64369.99
2026-07-10 12:45:00+00:00,64369.99,64390.09,64265.59,64286.64
2026-07-10 13:00:00+00:00,64286.65,64343.11,64244.9,64244.9
2026-07-10 13:15:00+00:00,64244.91,64274.06,64156.56,64161.86
2026-07-10 13:30:00+00:00,64161.86,64442.0,64152.84,64381.15
2026-07-10 13:45:00+00:00,64381.16,64692.83,64374.73,64484.0
2026-07-10 14:00:00+00:00,64484.0,64516.0,64194.29,64210.0
2026-07-10 14:15:00+00:00,64210.0,64254.9,63960.87,64135.77
2026-07-10 14:30:00+00:00,64135.77,64322.0,63793.43,64099.55
2026-07-10 14:45:00+00:00,64099.56,64144.0,63896.31,63914.87
2026-07-10 15:00:00+00:00,63914.88,64079.62,63898.0,63990.0
2026-07-10 15:15:00+00:00,63990.01,64210.0,63990.0,64143.31
2026-07-10 15:30:00+00:00,64143.3,64169.07,63944.0,63955.84
2026-07-10 15:45:00+00:00,63955.84,64040.0,63936.0,64040.0
2026-07-10 16:00:00+00:00,64039.99,64087.23,63956.66,64056.02
2026-07-10 16:15:00+00:00,64056.01,64155.19,63988.67,64012.04
2026-07-10 16:30:00+00:00,64012.03,64036.0,63826.57,63937.91
2026-07-10 16:45:00+00:00,63937.92,64220.0,63914.0,64140.01
2026-07-10 17:00:00+00:00,64140.0,64158.58,63942.45,63960.0
2026-07-10 17:15:00+00:00,63960.01,64017.03,63864.95,63978.0
2026-07-10 17:30:00+00:00,63978.0,63978.01,63852.38,63881.99
2026-07-10 17:45:00+00:00,63882.0,63936.76,63821.88,63823.99
2026-07-10 18:00:00+00:00,63824.0,64003.99,63823.99,63890.18
2026-07-10 18:15:00+00:00,63890.18,63982.41,63848.24,63924.57
2026-07-10 18:30:00+00:00,63924.57,63940.0,63858.7,63883.99
2026-07-10 18:45:00+00:00,63883.99,63884.0,63732.66,63810.0
2026-07-10 19:00:00+00:00,63809.99,63900.0,63784.0,63882.05
2026-07-10 19:15:00+00:00,63882.04,63922.38,63780.0,63861.09
2026-07-10 19:30:00+00:00,63861.1,64077.56,63851.01,63986.01
2026-07-10 19:45:00+00:00,63986.0,64020.0,63889.99,63917.88
2026-07-10 20:00:00+00:00,63917.88,63920.0,63819.72,63819.72
2026-07-10 20:15:00+00:00,63819.73,63946.36,63656.0,63732.25
2026-07-10 20:30:00+00:00,63732.26,63904.0,63719.3,63883.84
2026-07-10 20:45:00+00:00,63883.85,63883.85,63840.89,63841.25
2026-07-10 21:00:00+00:00,63841.25,63985.51,63835.05,63947.99
2026-07-10 21:15:00+00:00,63948.0,64018.0,63936.0,64010.15
2026-07-10 21:30:00+00:00,64010.14,64099.56,63989.36,64039.89
2026-07-10 21:45:00+00:00,64039.88,64040.0,63989.05,64011.99
2026-07-10 22:00:00+00:00,64012.0,64054.75,63981.37,64051.83
2026-07-10 22:15:00+00:00,64051.82,64138.99,64018.0,64132.07
2026-07-10 22:30:00+00:00,64132.08,64160.0,64119.23,64123.97
2026-07-10 22:45:00+00:00,64123.97,64169.39,64074.7,64112.29
2026-07-10 23:00:00+00:00,64112.3,64120.0,64024.0,64120.0
2026-07-10 23:15:00+00:00,64120.0,64203.09,64115.84,64190.0
2026-07-10 23:30:00+00:00,64190.0,64222.61,64165.0,64222.0
2026-07-10 23:45:00+00:00,64222.0,64222.01,64118.91,64161.72
2026-07-11 00:00:00+00:00,64161.72,64168.49,64059.27,64068.76
2026-07-11 00:15:00+00:00,64068.77,64130.76,64028.43,64109.54
2026-07-11 00:30:00+00:00,64109.55,64147.27,64050.0,64147.27
2026-07-11 00:45:00+00:00,64147.27,64147.27,64090.0,64124.0
2026-07-11 01:00:00+00:00,64123.99,64162.0,64100.0,64138.0
2026-07-11 01:15:00+00:00,64137.99,64310.0,64128.76,64228.82
2026-07-11 01:30:00+00:00,64228.82,64269.01,64006.0,64060.0
2026-07-11 01:45:00+00:00,64060.01,64109.08,64004.01,64012.95
2026-07-11 02:00:00+00:00,64012.95,64058.0,63984.07,64006.98
2026-07-11 02:15:00+00:00,64006.98,64070.2,64004.15,64032.55
2026-07-11 02:30:00+00:00,64032.55,64145.81,64027.53,64145.57
2026-07-11 02:45:00+00:00,64145.56,64166.0,64136.22,64158.04
2026-07-11 03:00:00+00:00,64158.04,64188.01,64115.66,64188.01
2026-07-11 03:15:00+00:00,64188.0,64195.04,64068.0,64116.44
2026-07-11 03:30:00+00:00,64116.44,64184.24,64116.43,64159.1
2026-07-11 03:45:00+00:00,64159.11,64190.0,64150.42,64150.42
2026-07-11 04:00:00+00:00,64150.42,64150.43,64087.45,64119.35
2026-07-11 04:15:00+00:00,64119.35,64169.99,64080.26,64140.45
2026-07-11 04:30:00+00:00,64140.44,64213.55,64136.2,64154.43
2026-07-11 04:45:00+00:00,64154.44,64170.0,64120.0,64152.0
2026-07-11 05:00:00+00:00,64152.0,64198.12,64121.07,64164.04
2026-07-11 05:15:00+00:00,64164.04,64200.01,64140.0,64200.0
2026-07-11 05:30:00+00:00,64200.0,64221.99,64158.0,64200.01
2026-07-11 05:45:00+00:00,64200.01,64200.01,64140.4,64176.01
2026-07-11 06:00:00+00:00,64176.0,64210.0,64124.0,64174.99
2026-07-11 06:15:00+00:00,64175.0,64278.0,64174.99,64228.71
2026-07-11 06:30:00+00:00,64228.72,64265.74,64218.25,64218.25
2026-07-11 06:45:00+00:00,64218.26,64237.59,64200.27,64219.1
2026-07-11 07:00:00+00:00,64219.09,64227.58,64176.0,64218.0
2026-07-11 07:15:00+00:00,64218.01,64256.55,64194.0,64204.99
2026-07-11 07:30:00+00:00,64205.0,64232.0,64174.6,64174.61
2026-07-11 07:45:00+00:00,64174.61,64177.91,64152.0,64162.18
2026-07-11 08:00:00+00:00,64162.18,64250.0,64153.87,64230.77
2026-07-11 08:15:00+00:00,64230.77,64274.81,64229.2,64250.56
2026-07-11 08:30:00+00:00,64250.57,64300.0,64242.8,64286.86
2026-07-11 08:45:00+00:00,64286.87,64286.87,64235.62,64265.98
2026-07-11 09:00:00+00:00,64265.98,64275.81,64217.78,64217.79
2026-07-11 09:15:00+00:00,64217.79,64270.21,64217.78,64270.19
2026-07-11 09:30:00+00:00,64270.19,64300.0,64189.18,64189.18
2026-07-11 09:45:00+00:00,64189.19,64189.19,64159.7,64167.34
2026-07-11 10:00:00+00:00,64167.35,64204.02,64157.96,64204.01
2026-07-11 10:15:00+00:00,64204.02,64204.02,64152.65,64184.01
2026-07-11 10:30:00+00:00,64184.0,64186.58,64129.99,64130.0
2026-07-11 10:45:00+00:00,64130.0,64196.0,64129.99,64196.0
2026-07-11 11:00:00+00:00,64196.0,64215.32,64178.0,64210.0
2026-07-11 11:15:00+00:00,64210.0,64212.01,64167.99,64175.85
2026-07-11 11:30:00+00:00,64175.84,64213.57,64169.99,64185.0
2026-07-11 11:45:00+00:00,64185.0,64198.0,64179.96,64198.0
2026-07-11 12:00:00+00:00,64197.99,64225.99,64158.11,64214.25
2026-07-11 12:15:00+00:00,64214.26,64228.0,64172.62,64181.72
2026-07-11 12:30:00+00:00,64181.72,64181.72,64130.65,64141.99
2026-07-11 12:45:00+00:00,64141.99,64198.0,64141.99,64195.49
2026-07-11 13:00:00+00:00,64195.48,64203.89,64169.78,64186.43
2026-07-11 13:15:00+00:00,64186.44,64213.78,64159.99,64190.7
2026-07-11 13:30:00+00:00,64190.71,64266.0,64190.7,64239.93
2026-07-11 13:45:00+00:00,64239.94,64265.66,64234.0,64235.66
2026-07-11 14:00:00+00:00,64235.67,64276.21,64235.66,64264.01
2026-07-11 14:15:00+00:00,64264.0,64450.0,64264.0,64380.9
2026-07-11 14:30:00+00:00,64380.91,64504.11,64380.9,64419.78
2026-07-11 14:45:00+00:00,64419.79,64431.86,64350.0,64350.07
2026-07-11 15:00:00+00:00,64350.07,64484.01,64347.91,64463.99
2026-07-11 15:15:00+00:00,64463.99,64474.59,64410.14,64429.83
2026-07-11 15:30:00+00:00,64429.83,64450.0,63896.18,64094.69
2026-07-11 15:45:00+00:00,64094.7,64191.04,64008.0,64175.75
2026-07-11 16:00:00+00:00,64175.75,64214.0,64084.0,64186.68
2026-07-11 16:15:00+00:00,64186.68,64230.96,64148.84,64220.0
2026-07-11 16:30:00+00:00,64220.01,64273.63,64114.74,64146.0
2026-07-11 16:45:00+00:00,64145.99,64180.01,64102.2,64180.01
2026-07-11 17:00:00+00:00,64180.0,64224.0,64164.08,64206.67
2026-07-11 17:15:00+00:00,64206.67,64300.0,64192.0,64300.0
2026-07-11 17:30:00+00:00,64299.99,64402.0,64299.99,64359.51
2026-07-11 17:45:00+00:00,64359.52,64388.82,64312.82,64315.53
2026-07-11 18:00:00+00:00,64315.53,64342.3,64288.91,64304.99
2026-07-11 18:15:00+00:00,64305.0,64395.17,64304.99,64341.3
2026-07-11 18:30:00+00:00,64341.31,64360.01,64330.0,64353.29
2026-07-11 18:45:00+00:00,64353.29,64353.3,64294.0,64327.99
2026-07-11 19:00:00+00:00,64327.99,64328.0,64298.97,64323.19
2026-07-11 19:15:00+00:00,64323.19,64338.0,64233.69,64233.69
2026-07-11 19:30:00+00:00,64233.69,64285.9,64233.23,64270.63
2026-07-11 19:45:00+00:00,64270.63,64290.0,64260.95,64286.0
2026-07-11 20:00:00+00:00,64286.0,64350.0,64285.99,64324.61
2026-07-11 20:15:00+00:00,64324.62,64360.0,64324.62,64350.0
2026-07-11 20:30:00+00:00,64350.0,64463.83,64346.0,64415.05
2026-07-11 20:45:00+00:00,64415.05,64425.87,64382.04,64382.45
2026-07-11 21:00:00+00:00,64382.44,64427.56,64354.45,64354.45
2026-07-11 21:15:00+00:00,64354.45,64396.0,64353.13,64367.22
2026-07-11 21:30:00+00:00,64367.21,64372.95,64342.0,64350.0
2026-07-11 21:45:00+00:00,64350.0,64380.0,64338.09,64355.99
2026-07-11 22:00:00+00:00,64355.99,64424.03,64330.0,64357.17
2026-07-11 22:15:00+00:00,64357.17,64364.65,64203.08,64251.3
2026-07-11 22:30:00+00:00,64251.29,64302.0,64167.33,64211.57
2026-07-11 22:45:00+00:00,64211.57,64222.0,64144.47,64203.08
2026-07-11 23:00:00+00:00,64203.09,64246.0,64083.82,64139.1
2026-07-11 23:15:00+00:00,64139.09,64181.3,63821.42,63932.8
2026-07-11 23:30:00+00:00,63932.8,63959.87,63820.0,63955.36
2026-07-11 23:45:00+00:00,63955.36,64018.85,63819.0,63819.0
2026-07-12 00:00:00+00:00,63819.01,63909.92,63781.81,63782.0
2026-07-12 00:15:00+00:00,63781.99,63906.0,63766.0,63829.87
2026-07-12 00:30:00+00:00,63829.87,63864.03,63702.16,63796.01
2026-07-12 00:45:00+00:00,63796.0,63874.27,63762.0,63828.47
2026-07-12 01:00:00+00:00,63828.48,64045.18,63812.0,63918.75
2026-07-12 01:15:00+00:00,63918.75,64002.0,63896.0,63947.96
2026-07-12 01:30:00+00:00,63947.95,64172.66,63929.69,64156.01
2026-07-12 01:45:00+00:00,64156.0,64165.03,64096.0,64133.61
2026-07-12 02:00:00+00:00,64133.61,64133.62,64029.51,64053.2
2026-07-12 02:15:00+00:00,64053.2,64131.97,64042.56,64110.77
2026-07-12 02:30:00+00:00,64110.77,64120.0,64071.4,64080.26
2026-07-12 02:45:00+00:00,64080.27,64121.87,64060.0,64070.39
2026-07-12 03:00:00+00:00,64070.4,64124.0,64035.68,64089.21
2026-07-12 03:15:00+00:00,64089.22,64161.9,64089.21,64135.76
2026-07-12 03:30:00+00:00,64135.77,64216.0,64135.77,64174.29
2026-07-12 03:45:00+00:00,64174.29,64223.74,64155.25,64223.73
2026-07-12 04:00:00+00:00,64223.73,64245.87,64170.11,64175.92
2026-07-12 04:15:00+00:00,64175.91,64215.63,64069.99,64070.0
2026-07-12 04:30:00+00:00,64070.0,64070.0,63943.68,64025.17
2026-07-12 04:45:00+00:00,64025.17,64025.18,63963.26,63999.93
2026-07-12 05:00:00+00:00,63999.94,64024.48,63980.93,63991.23
2026-07-12 05:15:00+00:00,63991.22,63991.23,63911.28,63912.33
2026-07-12 05:30:00+00:00,63912.34,63981.21,63900.0,63965.99
2026-07-12 05:45:00+00:00,63965.99,63997.27,63959.93,63959.93
2026-07-12 06:00:00+00:00,63959.93,63962.85,63732.0,63752.0
2026-07-12 06:15:00+00:00,63751.99,63786.21,63640.83,63668.51
2026-07-12 06:30:00+00:00,63668.51,63787.2,63640.83,63773.83
2026-07-12 06:45:00+00:00,63773.83,63822.59,63722.0,63762.46
2026-07-12 07:00:00+00:00,63762.47,63824.01,63740.12,63824.0
2026-07-12 07:15:00+00:00,63823.99,63882.27,63803.02,63865.46
2026-07-12 07:30:00+00:00,63865.46,63891.63,63850.55,63870.01
2026-07-12 07:45:00+00:00,63870.02,63908.39,63846.84,63885.27
2026-07-12 08:00:00+00:00,63885.28,64100.32,63884.2,64051.52
2026-07-12 08:15:00+00:00,64051.53,64096.12,64000.0,64000.01
2026-07-12 08:30:00+00:00,64000.0,64015.39,64000.0,64015.38
2026-07-12 08:45:00+00:00,64015.39,64015.39,63930.0,63983.18
2026-07-12 09:00:00+00:00,63983.18,63991.57,63890.0,63890.0
2026-07-12 09:15:00+00:00,63890.0,63890.01,63764.0,63828.14
2026-07-12 09:30:00+00:00,63828.14,64062.17,63828.14,64007.91
2026-07-12 09:45:00+00:00,64007.92,64021.99,63953.76,63961.61
2026-07-12 10:00:00+00:00,63961.6,63961.6,63896.99,63928.84
2026-07-12 10:15:00+00:00,63928.82,63939.05,63884.01,63884.01
2026-07-12 10:30:00+00:00,63884.01,63910.06,63848.98,63873.99
2026-07-12 10:45:00+00:00,63874.0,63893.87,63843.4,63865.76
2026-07-12 11:00:00+00:00,63865.76,63915.0,63826.01,63848.01
2026-07-12 11:15:00+00:00,63848.0,63911.42,63848.0,63911.42
2026-07-12 11:30:00+00:00,63911.41,64030.0,63911.41,64003.75
2026-07-12 11:45:00+00:00,64003.75,64028.31,63989.42,64018.01
2026-07-12 12:00:00+00:00,64018.0,64135.0,63970.55,64103.5
2026-07-12 12:15:00+00:00,64103.5,64124.84,64024.46,64054.13
2026-07-12 12:30:00+00:00,64054.14,64070.0,64000.0,64028.28
2026-07-12 12:45:00+00:00,64028.27,64050.0,63986.14,64026.0
2026-07-12 13:00:00+00:00,64026.01,64050.0,64004.0,64034.99
2026-07-12 13:15:00+00:00,64035.0,64097.99,64009.7,64043.5
2026-07-12 13:30:00+00:00,64043.49,64086.5,64034.0,64040.01
2026-07-12 13:45:00+00:00,64040.0,64042.84,63987.4,64023.14
2026-07-12 14:00:00+00:00,64023.13,64035.0,63958.71,63975.01
2026-07-12 14:15:00+00:00,63975.01,63998.11,63960.0,63997.93
2026-07-12 14:30:00+00:00,63997.92,64082.0,63997.92,64070.22
2026-07-12 14:45:00+00:00,64070.22,64290.11,64070.0,64203.08
2026-07-12 15:00:00+00:00,64203.08,64262.15,64149.97,64190.92
2026-07-12 15:15:00+00:00,64190.91,64241.51,64136.0,64223.36
2026-07-12 15:30:00+00:00,64223.36,64248.0,64117.97,64152.9
2026-07-12 15:45:00+00:00,64152.9,64213.77,64134.93,64176.0
2026-07-12 16:00:00+00:00,64176.0,64209.64,64042.0,64061.23
2026-07-12 16:15:00+00:00,64061.22,64177.41,64061.22,64176.77
2026-07-12 16:30:00+00:00,64176.77,64180.0,64108.0,64119.51
2026-07-12 16:45:00+00:00,64119.51,64177.71,64110.51,64177.7
2026-07-12 17:00:00+00:00,64177.7,64177.71,64136.43,64140.8
2026-07-12 17:15:00+00:00,64140.8,64164.7,64132.0,64132.78
2026-07-12 17:30:00+00:00,64132.77,64177.74,64115.63,64162.12
2026-07-12 17:45:00+00:00,64162.12,64164.35,64029.12,64078.0
2026-07-12 18:00:00+00:00,64078.0,64106.57,64026.86,64038.88
2026-07-12 18:15:00+00:00,64038.89,64091.08,64018.69,64066.0
2026-07-12 18:30:00+00:00,64066.0,64133.09,64066.0,64129.99
2026-07-12 18:45:00+00:00,64130.0,64150.0,64118.9,64147.99
2026-07-12 19:00:00+00:00,64148.0,64232.56,64147.99,64178.04
2026-07-12 19:15:00+00:00,64178.04,64213.18,64178.03,64206.29
2026-07-12 19:30:00+00:00,64206.3,64206.3,64147.3,64158.75
2026-07-12 19:45:00+00:00,64158.75,64270.0,64158.75,64228.59
2026-07-12 20:00:00+00:00,64228.59,64254.0,64182.25,64191.73
2026-07-12 20:15:00+00:00,64191.73,64209.13,64178.03,64203.26
2026-07-12 20:30:00+00:00,64203.27,64219.63,64178.03,64213.92
2026-07-12 20:45:00+00:00,64213.92,64230.0,64192.0,64198.89
2026-07-12 21:00:00+00:00,64198.9,64232.02,64198.82,64208.05
2026-07-12 21:15:00+00:00,64208.05,64208.06,64086.0,64106.0
2026-07-12 21:30:00+00:00,64106.0,64106.01,64022.66,64053.25
2026-07-12 21:45:00+00:00,64053.24,64053.24,63891.84,63920.4
2026-07-12 22:00:00+00:00,63920.4,63920.4,63686.12,63792.01
2026-07-12 22:15:00+00:00,63792.01,63835.0,63668.0,63826.0
2026-07-12 22:30:00+00:00,63825.99,63869.56,63766.61,63780.0
2026-07-12 22:45:00+00:00,63780.0,63923.99,63704.4,63886.87
2026-07-12 23:00:00+00:00,63886.86,63914.85,63739.33,63824.99
2026-07-12 23:15:00+00:00,63825.0,63849.42,63787.23,63826.99
2026-07-12 23:30:00+00:00,63826.98,63862.0,63750.0,63812.0
2026-07-12 23:45:00+00:00,63812.0,63824.0,63726.62,63780.0
2026-07-13 00:00:00+00:00,63780.0,64295.0,63725.37,64295.0
2026-07-13 00:15:00+00:00,64295.0,64425.0,64174.39,64181.65
2026-07-13 00:30:00+00:00,64181.65,64204.0,63568.0,63786.0
2026-07-13 00:45:00+00:00,63786.0,64117.64,63780.0,64072.01
2026-07-13 01:00:00+00:00,64072.0,64072.01,63659.73,63856.05
2026-07-13 01:15:00+00:00,63856.04,63991.54,63664.51,63720.0
2026-07-13 01:30:00+00:00,63720.0,63768.38,63542.33,63693.97
2026-07-13 01:45:00+00:00,63693.98,63698.0,63376.53,63412.01
2026-07-13 02:00:00+00:00,63412.01,63450.0,63237.26,63412.12
2026-07-13 02:15:00+00:00,63412.12,63541.94,63365.08,63468.25
2026-07-13 02:30:00+00:00,63468.24,63496.5,63394.13,63468.01
2026-07-13 02:45:00+00:00,63468.01,63469.53,63343.29,63375.99
2026-07-13 03:00:00+00:00,63376.0,63382.95,62892.65,63024.66
2026-07-13 03:15:00+00:00,63024.67,63123.77,62808.0,63072.01
2026-07-13 03:30:00+00:00,63072.0,63072.0,62741.04,62821.52
2026-07-13 03:45:00+00:00,62821.53,62870.0,62788.0,62806.41
2026-07-13 04:00:00+00:00,62806.41,62869.02,62688.6,62817.97
2026-07-13 04:15:00+00:00,62817.96,62911.94,62817.96,62874.97
2026-07-13 04:30:00+00:00,62874.97,62874.97,62620.13,62718.0
2026-07-13 04:45:00+00:00,62718.0,62782.0,62662.0,62672.0
2026-07-13 05:00:00+00:00,62672.0,62905.68,62500.76,62809.59
2026-07-13 05:15:00+00:00,62809.6,62836.0,62614.46,62636.0
2026-07-13 05:30:00+00:00,62636.0,62820.3,62563.56,62804.16
2026-07-13 05:45:00+00:00,62804.15,62826.95,62763.97,62799.0
2026-07-13 06:00:00+00:00,62799.01,62864.16,62731.5,62746.27
2026-07-13 06:15:00+00:00,62746.27,62843.92,62710.45,62843.91
2026-07-13 06:30:00+00:00,62843.92,62870.91,62767.2,62840.8
2026-07-13 06:45:00+00:00,62840.8,62880.0,62790.83,62797.55
2026-07-13 07:00:00+00:00,62797.55,62876.33,62753.69,62808.09
2026-07-13 07:15:00+00:00,62808.1,63024.12,62790.53,62964.01
2026-07-13 07:30:00+00:00,62964.0,63064.07,62916.0,62978.55
2026-07-13 07:45:00+00:00,62978.55,63070.01,62959.32,62985.52
2026-07-13 08:00:00+00:00,62985.53,63105.28,62935.92,63038.64
2026-07-13 08:15:00+00:00,63038.63,63120.03,62982.0,63100.0
2026-07-13 08:30:00+00:00,63100.01,63127.87,63000.73,63127.86
2026-07-13 08:45:00+00:00,63127.86,63302.88,63122.21,63206.97
2026-07-13 09:00:00+00:00,63206.98,63210.0,63138.75,63155.26
2026-07-13 09:15:00+00:00,63155.26,63155.27,63098.59,63131.0
2026-07-13 09:30:00+00:00,63131.0,63134.01,63090.67,63109.32
2026-07-13 09:45:00+00:00,63109.33,63127.01,63086.12,63100.02
2026-07-13 10:00:00+00:00,63100.02,63115.79,63080.0,63085.82
2026-07-13 10:15:00+00:00,63085.81,63157.85,63068.11,63100.0
2026-07-13 10:30:00+00:00,63100.0,63121.94,62884.29,62932.45
2026-07-13 10:45:00+00:00,62932.45,62975.54,62862.28,62867.89
2026-07-13 11:00:00+00:00,62867.9,63135.55,62867.9,63083.52
2026-07-13 11:15:00+00:00,63083.51,63100.68,62992.21,63028.32
2026-07-13 11:30:00+00:00,63028.31,63028.31,62956.52,62962.08
2026-07-13 11:45:00+00:00,62962.08,62964.0,62893.69,62901.99
2026-07-13 12:00:00+00:00,62901.99,62990.04,62807.14,62842.37
2026-07-13 12:15:00+00:00,62842.37,62882.0,62720.79,62747.08
2026-07-13 12:30:00+00:00,62747.09,62783.93,62576.47,62614.01
2026-07-13 12:45:00+00:00,62614.01,62662.49,62570.0,62625.15
2026-07-13 13:00:00+00:00,62625.15,62660.0,62518.0,62518.01
2026-07-13 13:15:00+00:00,62518.0,62589.88,62374.01,62531.02
2026-07-13 13:30:00+00:00,62531.01,62766.37,62256.0,62332.01
2026-07-13 13:45:00+00:00,62332.0,62401.29,62164.0,62318.0
2026-07-13 14:00:00+00:00,62318.01,62418.37,62256.64,62415.99
2026-07-13 14:15:00+00:00,62416.0,62654.0,62101.0,62556.01
2026-07-13 14:30:00+00:00,62556.0,62678.39,62460.03,62619.14
2026-07-13 14:45:00+00:00,62619.14,62794.97,62584.0,62791.85
2026-07-13 15:00:00+00:00,62791.85,62863.48,62683.16,62794.01
2026-07-13 15:15:00+00:00,62794.0,62983.83,62787.2,62814.0
2026-07-13 15:30:00+00:00,62814.01,62853.44,62568.0,62650.9
2026-07-13 15:45:00+00:00,62650.91,62684.97,62559.58,62618.01
2026-07-13 16:00:00+00:00,62618.0,62629.35,62525.28,62537.23
2026-07-13 16:15:00+00:00,62537.22,62537.23,62275.77,62347.93
2026-07-13 16:30:00+00:00,62347.92,62389.67,62212.0,62366.49
2026-07-13 16:45:00+00:00,62366.49,62420.0,62249.99,62276.0
2026-07-13 17:00:00+00:00,62276.01,62370.0,62252.7,62318.85
2026-07-13 17:15:00+00:00,62318.85,62318.85,62176.46,62182.0
2026-07-13 17:30:00+00:00,62182.0,62224.0,61981.0,62102.0
2026-07-13 17:45:00+00:00,62102.01,62184.56,61900.0,61904.99
2026-07-13 18:00:00+00:00,61904.99,62056.35,61877.76,61927.99
2026-07-13 18:15:00+00:00,61928.0,62007.97,61824.97,61948.0
2026-07-13 18:30:00+00:00,61948.0,62000.0,61904.02,61999.99
2026-07-13 18:45:00+00:00,62000.0,62100.0,61980.0,62020.0
2026-07-13 19:00:00+00:00,62020.0,62087.17,61990.0,62073.04
2026-07-13 19:15:00+00:00,62073.03,62110.0,61999.41,62014.0
2026-07-13 19:30:00+00:00,62014.0,62173.91,62013.99,62173.9
2026-07-13 19:45:00+00:00,62173.91,62292.84,62134.0,62288.23
2026-07-13 20:00:00+00:00,62288.23,62324.74,62206.0,62221.98
2026-07-13 20:15:00+00:00,62221.98,62221.99,62084.0,62217.67
2026-07-13 20:30:00+00:00,62217.66,62266.0,62182.48,62182.48
2026-07-13 20:45:00+00:00,62182.49,62211.0,62050.71,62210.99
2026-07-13 21:00:00+00:00,62211.0,62216.35,62050.0,62108.0
2026-07-13 21:15:00+00:00,62108.0,62152.49,61992.0,62025.99
2026-07-13 21:30:00+00:00,62025.99,62067.11,61897.45,61976.0
2026-07-13 21:45:00+00:00,61976.0,62123.34,61923.87,62065.06
2026-07-13 22:00:00+00:00,62065.05,62208.0,62052.02,62177.6
2026-07-13 22:15:00+00:00,62177.6,62224.0,62135.69,62156.0
2026-07-13 22:30:00+00:00,62156.0,62180.01,62026.0,62061.55
2026-07-13 22:45:00+00:00,62061.55,62070.76,61911.31,61924.0
2026-07-13 23:00:00+00:00,61924.0,62079.09,61882.88,62060.47
2026-07-13 23:15:00+00:00,62060.46,62240.0,62054.24,62164.77
2026-07-13 23:30:00+00:00,62164.77,62213.98,62101.61,62122.04
2026-07-13 23:45:00+00:00,62122.04,62347.46,62106.0,62334.52
2026-07-14 00:00:00+00:00,62334.52,62484.0,62272.2,62436.61
2026-07-14 00:15:00+00:00,62436.62,62436.62,62316.0,62372.76
2026-07-14 00:30:00+00:00,62372.76,62452.0,62289.9,62309.35
2026-07-14 00:45:00+00:00,62309.35,62666.66,62309.35,62549.54
2026-07-14 01:00:00+00:00,62549.55,62574.0,62460.03,62495.35
2026-07-14 01:15:00+00:00,62495.34,62640.0,62492.0,62525.74
2026-07-14 01:30:00+00:00,62525.75,62568.0,62468.78,62494.11
2026-07-14 01:45:00+00:00,62494.12,62555.48,62477.0,62540.42
2026-07-14 02:00:00+00:00,62540.41,62616.0,62491.24,62504.0
2026-07-14 02:15:00+00:00,62503.99,62522.0,62329.98,62384.0
2026-07-14 02:30:00+00:00,62384.0,62600.01,62384.0,62593.19
2026-07-14 02:45:00+00:00,62593.18,62645.0,62526.21,62544.0
2026-07-14 03:00:00+00:00,62544.0,62604.0,62369.12,62393.89
2026-07-14 03:15:00+00:00,62393.9,62469.47,62314.0,62469.47
2026-07-14 03:30:00+00:00,62469.48,62548.71,62438.47,62470.01
2026-07-14 03:45:00+00:00,62470.01,62572.89,62466.0,62572.89
2026-07-14 04:00:00+00:00,62572.88,62657.75,62539.71,62564.49
2026-07-14 04:15:00+00:00,62564.49,62656.0,62548.46,62645.04
2026-07-14 04:30:00+00:00,62645.04,62768.95,62645.03,62708.69
2026-07-14 04:45:00+00:00,62708.7,62766.86,62697.36,62745.23
2026-07-14 05:00:00+00:00,62745.24,62862.0,62706.0,62824.16
2026-07-14 05:15:00+00:00,62824.15,62872.0,62760.75,62842.01
2026-07-14 05:30:00+00:00,62842.01,62871.67,62716.79,62753.96
2026-07-14 05:45:00+00:00,62753.97,62753.97,62697.69,62737.0
2026-07-14 06:00:00+00:00,62737.0,62737.01,62647.99,62647.99
2026-07-14 06:15:00+00:00,62648.0,62708.11,62647.99,62688.81
2026-07-14 06:30:00+00:00,62688.82,62772.48,62623.41,62690.0
2026-07-14 06:45:00+00:00,62690.0,62700.0,62566.01,62624.05
2026-07-14 07:00:00+00:00,62624.06,62652.0,62556.01,62600.0
2026-07-14 07:15:00+00:00,62600.0,62655.99,62572.0,62636.71
2026-07-14 07:30:00+00:00,62636.72,62652.0,62564.18,62575.99
2026-07-14 07:45:00+00:00,62576.0,62590.02,62516.93,62560.92
2026-07-14 08:00:00+00:00,62560.92,62583.6,62500.0,62547.99
2026-07-14 08:15:00+00:00,62547.99,62672.2,62547.99,62664.01
2026-07-14 08:30:00+00:00,62664.0,62807.94,62631.75,62780.97
2026-07-14 08:45:00+00:00,62780.96,62790.09,62686.0,62713.85
2026-07-14 09:00:00+00:00,62713.85,62742.0,62668.32,62699.27
2026-07-14 09:15:00+00:00,62699.27,62730.69,62652.64,62674.27
2026-07-14 09:30:00+00:00,62674.27,62678.23,62538.0,62564.18
2026-07-14 09:45:00+00:00,62564.18,62649.15,62534.29,62629.55
2026-07-14 10:00:00+00:00,62629.56,62732.01,62625.06,62718.0
2026-07-14 10:15:00+00:00,62717.99,62734.33,62668.32,62668.32
2026-07-14 10:30:00+00:00,62668.32,62808.0,62609.47,62807.99
2026-07-14 10:45:00+00:00,62807.99,62908.8,62789.01,62800.0
2026-07-14 11:00:00+00:00,62800.01,62804.01,62713.6,62792.09
2026-07-14 11:15:00+00:00,62792.09,62876.63,62762.45,62865.76
2026-07-14 11:30:00+00:00,62865.76,62923.06,62815.27,62862.0
2026-07-14 11:45:00+00:00,62862.01,62883.79,62840.0,62844.99
2026-07-14 12:00:00+00:00,62844.99,62868.0,62780.84,62852.75
2026-07-14 12:15:00+00:00,62852.75,63108.0,62818.26,62957.97
2026-07-14 12:30:00+00:00,62957.96,63672.52,62949.69,63554.22
2026-07-14 12:45:00+00:00,63554.21,63989.54,63554.21,63960.0
2026-07-14 13:00:00+00:00,63959.99,63976.0,63757.7,63792.75
2026-07-14 13:15:00+00:00,63792.76,64181.99,63792.75,63958.68
2026-07-14 13:30:00+00:00,63958.68,63980.15,63722.0,63788.8
2026-07-14 13:45:00+00:00,63788.79,63920.86,63699.03,63840.01
2026-07-14 14:00:00+00:00,63840.01,63876.0,63580.99,63872.21
2026-07-14 14:15:00+00:00,63872.2,63928.89,63778.0,63915.06
2026-07-14 14:30:00+00:00,63915.07,64088.88,63858.26,64025.99
2026-07-14 14:45:00+00:00,64026.0,64346.49,63928.0,64305.02
2026-07-14 15:00:00+00:00,64305.01,64420.0,64194.64,64208.9
2026-07-14 15:15:00+00:00,64208.89,64554.05,64196.0,64499.08
2026-07-14 15:30:00+00:00,64499.08,64966.43,64495.7,64781.78
2026-07-14 15:45:00+00:00,64781.77,64861.98,64589.95,64743.99
2026-07-14 16:00:00+00:00,64744.0,64896.86,64606.0,64734.0
2026-07-14 16:15:00+00:00,64734.0,64885.05,64674.0,64822.87
2026-07-14 16:30:00+00:00,64822.86,64893.92,64783.23,64783.23
2026-07-14 16:45:00+00:00,64783.23,64853.94,64714.28,64730.0
2026-07-14 17:00:00+00:00,64730.01,64730.01,64231.77,64601.24
2026-07-14 17:15:00+00:00,64601.24,64666.05,64389.52,64522.65
2026-07-14 17:30:00+00:00,64522.65,64525.99,64430.0,64520.2
2026-07-14 17:45:00+00:00,64520.19,64700.0,64489.99,64621.43
2026-07-14 18:00:00+00:00,64621.43,64626.0,64489.66,64489.67
2026-07-14 18:15:00+00:00,64489.67,64556.43,64479.34,64518.14
2026-07-14 18:30:00+00:00,64518.15,64635.99,64477.23,64578.72
2026-07-14 18:45:00+00:00,64578.72,64648.88,64545.81,64571.98
2026-07-14 19:00:00+00:00,64571.99,64640.0,64548.0,64622.0
2026-07-14 19:15:00+00:00,64622.01,64704.0,64533.08,64562.01
2026-07-14 19:30:00+00:00,64562.0,64562.0,64487.38,64542.0
2026-07-14 19:45:00+00:00,64541.99,64661.89,64541.99,64569.59
2026-07-14 20:00:00+00:00,64569.59,64590.0,64460.01,64460.01
2026-07-14 20:15:00+00:00,64460.02,64508.0,64445.44,64448.01
2026-07-14 20:30:00+00:00,64448.0,64491.98,64419.99,64487.42
2026-07-14 20:45:00+00:00,64487.41,64599.0,64458.1,64572.02
2026-07-14 21:00:00+00:00,64572.02,64615.02,64526.0,64615.02
2026-07-14 21:15:00+00:00,64615.02,64679.03,64615.01,64662.01
2026-07-14 21:30:00+00:00,64662.0,64893.92,64662.0,64737.19
2026-07-14 21:45:00+00:00,64737.2,64770.0,64632.0,64676.9
2026-07-14 22:00:00+00:00,64676.89,64676.9,64516.0,64538.0
2026-07-14 22:15:00+00:00,64538.0,65100.0,64538.0,64930.0
2026-07-14 22:30:00+00:00,64930.0,65030.0,64909.44,64917.21
2026-07-14 22:45:00+00:00,64917.22,64978.0,64860.88,64860.89
2026-07-14 23:00:00+00:00,64860.89,65048.0,64782.0,65020.0
2026-07-14 23:15:00+00:00,65020.0,65020.01,64890.0,64917.69
2026-07-14 23:30:00+00:00,64917.69,65013.74,64905.09,65003.99
2026-07-14 23:45:00+00:00,65003.99,65044.12,64988.75,65043.98
2026-07-15 00:00:00+00:00,65043.99,65065.01,64916.72,64922.0
2026-07-15 00:15:00+00:00,64922.0,64935.99,64835.62,64890.01
2026-07-15 00:30:00+00:00,64890.01,64890.01,64765.12,64781.78
2026-07-15 00:45:00+00:00,64781.78,64845.87,64781.78,64824.58
2026-07-15 01:00:00+00:00,64824.57,64834.0,64722.0,64746.01
2026-07-15 01:15:00+00:00,64746.01,64853.08,64697.97,64830.61
2026-07-15 01:30:00+00:00,64830.61,64844.0,64655.57,64719.4
2026-07-15 01:45:00+00:00,64719.39,64719.4,64644.48,64674.35
2026-07-15 02:00:00+00:00,64674.35,64755.99,64646.31,64710.0
2026-07-15 02:15:00+00:00,64709.99,64710.0,64517.56,64517.58
2026-07-15 02:30:00+00:00,64517.58,64562.49,64488.0,64562.0
2026-07-15 02:45:00+00:00,64562.0,64563.59,64490.86,64490.87
2026-07-15 03:00:00+00:00,64490.87,64664.0,64490.86,64630.4
2026-07-15 03:15:00+00:00,64630.39,64630.4,64580.0,64615.18
2026-07-15 03:30:00+00:00,64615.18,64769.01,64608.0,64701.08
2026-07-15 03:45:00+00:00,64701.08,64840.0,64674.05,64792.01
2026-07-15 04:00:00+00:00,64792.0,64885.99,64764.37,64826.01
2026-07-15 04:15:00+00:00,64826.0,64848.0,64762.0,64762.0
2026-07-15 04:30:00+00:00,64762.01,64830.0,64714.0,64805.57
2026-07-15 04:45:00+00:00,64805.57,64867.85,64730.92,64746.01
2026-07-15 05:00:00+00:00,64746.01,64815.99,64602.5,64621.99
2026-07-15 05:15:00+00:00,64622.0,64696.0,64621.99,64649.99
2026-07-15 05:30:00+00:00,64649.99,64751.83,64644.85,64704.58
2026-07-15 05:45:00+00:00,64704.58,64964.96,64695.88,64944.06
2026-07-15 06:00:00+00:00,64944.06,65061.77,64878.0,65044.01
2026-07-15 06:15:00+00:00,65044.0,65046.07,64937.41,64985.13
2026-07-15 06:30:00+00:00,64985.13,65277.37,64972.0,65038.0
2026-07-15 06:45:00+00:00,65038.0,65071.76,64814.0,64814.0
2026-07-15 07:00:00+00:00,64814.01,64876.0,64746.03,64868.02
2026-07-15 07:15:00+00:00,64868.02,64875.41,64485.0,64529.73
2026-07-15 07:30:00+00:00,64529.74,64640.0,64512.0,64610.01
2026-07-15 07:45:00+00:00,64610.0,64617.29,64549.33,64549.34
2026-07-15 08:00:00+00:00,64549.33,64680.47,64549.33,64587.99
2026-07-15 08:15:00+00:00,64588.0,64653.75,64574.0,64647.14
2026-07-15 08:30:00+00:00,64647.14,64742.0,64614.0,64738.07
2026-07-15 08:45:00+00:00,64738.07,64797.02,64728.0,64768.01
2026-07-15 09:00:00+00:00,64768.0,64852.97,64760.0,64839.99
2026-07-15 09:15:00+00:00,64839.99,64917.94,64833.11,64833.11
2026-07-15 09:30:00+00:00,64833.11,64833.12,64699.5,64716.19
2026-07-15 09:45:00+00:00,64716.2,64732.62,64653.18,64671.83
2026-07-15 10:00:00+00:00,64671.84,64855.56,64642.0,64796.0
2026-07-15 10:15:00+00:00,64796.0,64798.0,64618.02,64636.18
2026-07-15 10:30:00+00:00,64636.17,64692.65,64614.0,64666.01
2026-07-15 10:45:00+00:00,64666.0,64680.0,64632.26,64663.0
2026-07-15 11:00:00+00:00,64663.0,64767.37,64616.11,64729.86
2026-07-15 11:15:00+00:00,64729.85,64738.44,64622.05,64641.18
2026-07-15 11:30:00+00:00,64641.18,64721.93,64641.17,64697.12
2026-07-15 11:45:00+00:00,64697.12,64755.28,64684.98,64732.15
2026-07-15 12:00:00+00:00,64732.15,64742.0,64626.73,64732.57
2026-07-15 12:15:00+00:00,64732.57,64768.17,64606.0,64688.52
2026-07-15 12:30:00+00:00,64688.51,64984.0,64682.74,64787.99
2026-07-15 12:45:00+00:00,64788.0,65249.9,64786.0,65164.0
2026-07-15 13:00:00+00:00,65164.0,65438.85,65156.0,65380.31
2026-07-15 13:15:00+00:00,65380.31,65577.0,65281.13,65312.72
2026-07-15 13:30:00+00:00,65312.72,65518.0,65250.0,65280.0
2026-07-15 13:45:00+00:00,65279.99,65279.99,64888.0,65117.99
2026-07-15 14:00:00+00:00,65118.0,65399.81,65072.0,65292.48
2026-07-15 14:15:00+00:00,65292.49,65422.89,65070.0,65326.0
2026-07-15 14:30:00+00:00,65326.01,65517.05,65298.06,65370.0
2026-07-15 14:45:00+00:00,65370.0,65496.4,65322.6,65399.81
2026-07-15 15:00:00+00:00,65399.8,65491.68,65261.71,65399.51
2026-07-15 15:15:00+00:00,65399.51,65436.0,65294.0,65405.71
2026-07-15 15:30:00+00:00,65405.7,65565.0,65338.0,65488.0
2026-07-15 15:45:00+00:00,65487.99,65600.0,65369.87,65427.61
2026-07-15 16:00:00+00:00,65427.6,65470.0,65048.09,65089.22
2026-07-15 16:15:00+00:00,65089.22,65185.91,65040.29,65166.22
2026-07-15 16:30:00+00:00,65166.22,65182.91,64784.83,64940.33
2026-07-15 16:45:00+00:00,64940.33,65136.08,64930.04,65120.79
2026-07-15 17:00:00+00:00,65120.8,65160.0,65015.24,65030.03
2026-07-15 17:15:00+00:00,65030.03,65076.44,64980.02,65045.69
2026-07-15 17:30:00+00:00,65045.7,65120.0,64972.95,65042.14
2026-07-15 17:45:00+00:00,65042.13,65194.72,64980.89,65056.1
2026-07-15 18:00:00+00:00,65056.1,65143.57,64965.24,65126.55
2026-07-15 18:15:00+00:00,65126.56,65126.56,64999.99,65058.06
2026-07-15 18:30:00+00:00,65058.07,65114.0,64971.36,64975.02
2026-07-15 18:45:00+00:00,64975.01,65016.23,64847.42,64860.0
2026-07-15 19:00:00+00:00,64860.0,64950.26,64855.5,64936.42
2026-07-15 19:15:00+00:00,64936.42,64936.42,64738.49,64858.0
2026-07-15 19:30:00+00:00,64858.01,64988.76,64846.0,64988.76
2026-07-15 19:45:00+00:00,64988.75,65000.0,64892.88,64977.34
2026-07-15 20:00:00+00:00,64977.34,64988.0,64899.0,64948.01
2026-07-15 20:15:00+00:00,64948.01,65022.0,64946.87,65009.92
2026-07-15 20:30:00+00:00,65009.91,65055.39,64990.87,64998.0
2026-07-15 20:45:00+00:00,64998.01,64998.01,64968.0,64968.01
2026-07-15 21:00:00+00:00,64968.02,65018.74,64843.74,64899.0
2026-07-15 21:15:00+00:00,64898.99,64932.88,64860.52,64870.88
2026-07-15 21:30:00+00:00,64870.87,64880.55,64789.89,64812.01
2026-07-15 21:45:00+00:00,64812.0,64835.0,64790.95,64834.31
2026-07-15 22:00:00+00:00,64834.31,64880.0,64793.08,64804.56
2026-07-15 22:15:00+00:00,64804.56,64896.66,64772.0,64896.66
2026-07-15 22:30:00+00:00,64896.66,64952.94,64859.99,64880.0
2026-07-15 22:45:00+00:00,64879.99,64982.47,64864.0,64866.93
2026-07-15 23:00:00+00:00,64866.93,64938.0,64866.92,64914.03
2026-07-15 23:15:00+00:00,64914.02,64934.0,64843.56,64843.57
2026-07-15 23:30:00+00:00,64843.57,64862.0,64708.0,64735.99
2026-07-15 23:45:00+00:00,64735.99,64819.99,64691.89,64756.28
2026-07-16 00:00:00+00:00,64756.28,64845.5,64747.69,64823.99
2026-07-16 00:15:00+00:00,64823.99,64842.51,64565.98,64565.98
2026-07-16 00:30:00+00:00,64565.99,64600.0,64500.0,64519.99
2026-07-16 00:45:00+00:00,64520.0,64650.0,64512.84,64584.07
2026-07-16 01:00:00+00:00,64584.07,64658.0,64555.01,64604.01
2026-07-16 01:15:00+00:00,64604.01,64604.01,64392.01,64559.25
2026-07-16 01:30:00+00:00,64559.26,64730.0,64559.25,64612.0
2026-07-16 01:45:00+00:00,64612.0,64830.0,64599.99,64730.01
2026-07-16 02:00:00+00:00,64730.0,64735.09,64636.36,64655.99
2026-07-16 02:15:00+00:00,64655.99,64689.3,64594.22,64669.99
2026-07-16 02:30:00+00:00,64670.0,64687.11,64580.63,64592.0
2026-07-16 02:45:00+00:00,64592.0,64664.75,64574.02,64642.01
2026-07-16 03:00:00+00:00,64642.0,64718.43,64602.0,64700.87
2026-07-16 03:15:00+00:00,64700.86,64700.87,64586.71,64686.0
2026-07-16 03:30:00+00:00,64686.0,64745.55,64660.36,64666.88
2026-07-16 03:45:00+00:00,64666.87,64666.88,64555.0,64619.95
2026-07-16 04:00:00+00:00,64619.96,64666.23,64589.03,64653.75
2026-07-16 04:15:00+00:00,64653.75,64658.0,64544.04,64650.0
2026-07-16 04:30:00+00:00,64650.0,64692.0,64592.41,64616.0
2026-07-16 04:45:00+00:00,64615.99,64650.06,64581.16,64650.05
2026-07-16 05:00:00+00:00,64650.05,64770.0,64592.67,64770.0
2026-07-16 05:15:00+00:00,64770.0,64950.88,64757.97,64931.99
2026-07-16 05:30:00+00:00,64931.99,64997.52,64860.0,64911.4
2026-07-16 05:45:00+00:00,64911.39,64940.75,64877.76,64917.99
2026-07-16 06:00:00+00:00,64917.99,64978.0,64844.09,64862.0
2026-07-16 06:15:00+00:00,64862.0,64892.0,64808.0,64823.48
2026-07-16 06:30:00+00:00,64823.47,64828.0,64630.01,64729.16
2026-07-16 06:45:00+00:00,64729.16,64794.0,64700.0,64777.32
2026-07-16 07:00:00+00:00,64777.33,64777.33,64650.5,64656.0
2026-07-16 07:15:00+00:00,64656.0,64656.0,64500.01,64500.01
2026-07-16 07:30:00+00:00,64500.01,64502.54,64200.0,64234.24
2026-07-16 07:45:00+00:00,64234.24,64286.83,64086.12,64238.0
2026-07-16 08:00:00+00:00,64238.0,64271.9,63928.81,63943.99
2026-07-16 08:15:00+00:00,63944.0,64171.91,63888.0,64160.51
2026-07-16 08:30:00+00:00,64160.52,64380.0,64134.0,64143.91
2026-07-16 08:45:00+00:00,64143.91,64222.98,64064.79,64126.85
2026-07-16 09:00:00+00:00,64126.86,64186.83,64102.1,64112.01
2026-07-16 09:15:00+00:00,64112.02,64146.0,64028.0,64032.87
2026-07-16 09:30:00+00:00,64032.86,64126.6,64019.02,64109.77
2026-07-16 09:45:00+00:00,64109.76,64130.0,64032.05,64090.0
2026-07-16 10:00:00+00:00,64090.0,64185.0,64077.75,64145.49
2026-07-16 10:15:00+00:00,64145.5,64229.25,64126.68,64224.57
2026-07-16 10:30:00+00:00,64224.56,64269.42,64188.01,64194.53
2026-07-16 10:45:00+00:00,64194.53,64229.0,64171.68,64221.34
2026-07-16 11:00:00+00:00,64221.34,64228.94,64116.0,64170.01
2026-07-16 11:15:00+00:00,64170.01,64259.91,64101.0,64185.02
2026-07-16 11:30:00+00:00,64185.02,64267.87,64154.0,64263.16
2026-07-16 11:45:00+00:00,64263.16,64269.42,64101.01,64256.53
2026-07-16 12:00:00+00:00,64256.52,64256.52,64142.21,64164.0
2026-07-16 12:15:00+00:00,64164.0,64184.24,64086.01,64184.23
2026-07-16 12:30:00+00:00,64184.24,64211.85,63872.0,63888.0
2026-07-16 12:45:00+00:00,63888.0,64049.53,63838.28,63966.01
2026-07-16 13:00:00+00:00,63966.01,64108.96,63961.14,64085.22
2026-07-16 13:15:00+00:00,64085.22,64249.99,64054.04,64249.99
2026-07-16 13:30:00+00:00,64249.99,64480.0,64155.73,64157.22
2026-07-16 13:45:00+00:00,64157.22,64393.2,64111.09,64376.0
2026-07-16 14:00:00+00:00,64375.99,64709.99,64332.57,64635.43
2026-07-16 14:15:00+00:00,64635.44,64863.07,64571.99,64766.02
2026-07-16 14:30:00+00:00,64766.01,64836.0,64660.0,64741.08
2026-07-16 14:45:00+00:00,64741.09,64744.0,64375.21,64543.51
2026-07-16 15:00:00+00:00,64543.51,64580.24,64320.0,64359.98
2026-07-16 15:15:00+00:00,64359.99,64896.0,64340.0,64824.97
2026-07-16 15:30:00+00:00,64824.97,64838.5,64677.41,64728.16
2026-07-16 15:45:00+00:00,64728.15,64825.71,64624.0,64704.73
2026-07-16 16:00:00+00:00,64704.73,64712.0,64480.0,64512.01
2026-07-16 16:15:00+00:00,64512.01,64577.71,64398.0,64546.0
2026-07-16 16:30:00+00:00,64546.0,64658.38,64373.47,64380.0
2026-07-16 16:45:00+00:00,64380.01,64536.0,64333.33,64484.0
2026-07-16 17:00:00+00:00,64484.01,64484.01,64166.0,64166.02
2026-07-16 17:15:00+00:00,64166.02,64235.38,64092.57,64218.38
2026-07-16 17:30:00+00:00,64218.37,64282.6,64126.17,64146.0
2026-07-16 17:45:00+00:00,64145.99,64155.99,63984.09,64069.03
2026-07-16 18:00:00+00:00,64069.04,64221.38,64052.14,64192.32
2026-07-16 18:15:00+00:00,64192.31,64330.0,64158.0,64220.88
2026-07-16 18:30:00+00:00,64220.87,64230.38,64097.03,64151.98
2026-07-16 18:45:00+00:00,64151.98,64326.0,64142.0,64246.01
2026-07-16 19:00:00+00:00,64246.01,64301.99,64218.0,64221.99
2026-07-16 19:15:00+00:00,64222.0,64281.36,64162.16,64261.52
2026-07-16 19:30:00+00:00,64261.52,64282.6,64194.09,64204.02
2026-07-16 19:45:00+00:00,64204.01,64278.0,64152.0,64271.84
2026-07-16 20:00:00+00:00,64271.85,64276.0,64184.0,64186.0
2026-07-16 20:15:00+00:00,64186.0,64243.65,64158.0,64182.01
2026-07-16 20:30:00+00:00,64182.0,64203.82,64130.77,64145.99
2026-07-16 20:45:00+00:00,64145.99,64162.0,64108.0,64114.27
2026-07-16 21:00:00+00:00,64114.25,64201.99,64101.18,64180.65
2026-07-16 21:15:00+00:00,64180.64,64205.92,64160.0,64168.33
2026-07-16 21:30:00+00:00,64168.33,64253.25,64152.63,64214.0
2026-07-16 21:45:00+00:00,64214.0,64216.4,64140.66,64161.99
2026-07-16 22:00:00+00:00,64162.0,64240.12,64154.86,64205.75
2026-07-16 22:15:00+00:00,64205.75,64206.42,64016.0,64019.99
2026-07-16 22:30:00+00:00,64020.0,64175.31,64019.99,64084.57
2026-07-16 22:45:00+00:00,64084.56,64084.57,63950.01,63968.0
2026-07-16 23:00:00+00:00,63968.01,64010.58,63905.72,63922.8
2026-07-16 23:15:00+00:00,63922.79,63922.79,63754.0,63812.85
2026-07-16 23:30:00+00:00,63812.84,63847.6,63748.74,63840.01
2026-07-16 23:45:00+00:00,63840.0,63906.0,63800.0,63830.2
2026-07-17 00:00:00+00:00,63830.2,63850.0,63750.0,63790.57
2026-07-17 00:15:00+00:00,63790.57,63912.0,63764.7,63800.0
2026-07-17 00:30:00+00:00,63800.0,63802.0,63612.62,63786.69
2026-07-17 00:45:00+00:00,63786.68,63886.0,63786.68,63886.0
2026-07-17 01:00:00+00:00,63886.0,64067.69,63872.06,63992.01
2026-07-17 01:15:00+00:00,63992.01,64016.0,63828.0,63970.61
2026-07-17 01:30:00+00:00,63970.61,63980.0,63730.0,63730.01
2026-07-17 01:45:00+00:00,63730.01,63730.01,63476.0,63546.24
2026-07-17 02:00:00+00:00,63546.25,63628.78,63430.4,63618.29
2026-07-17 02:15:00+00:00,63618.28,63657.99,63502.0,63542.0
2026-07-17 02:30:00+00:00,63542.0,63578.3,63413.0,63456.24
2026-07-17 02:45:00+00:00,63456.24,63496.0,63380.28,63482.0
2026-07-17 03:00:00+00:00,63482.0,63691.45,63482.0,63624.0
2026-07-17 03:15:00+00:00,63624.0,63720.0,63622.0,63678.93
2026-07-17 03:30:00+00:00,63678.94,63699.6,63608.0,63618.0
2026-07-17 03:45:00+00:00,63617.99,63628.0,63532.0,63570.0
2026-07-17 04:00:00+00:00,63570.0,63570.0,63489.14,63496.44
2026-07-17 04:15:00+00:00,63496.45,63534.88,63320.0,63383.5
2026-07-17 04:30:00+00:00,63383.51,63489.89,63333.59,63478.01
2026-07-17 04:45:00+00:00,63478.0,63576.0,63474.99,63486.01
2026-07-17 05:00:00+00:00,63486.01,63486.01,63358.67,63434.04
2026-07-17 05:15:00+00:00,63434.05,63436.35,63190.84,63206.68
2026-07-17 05:30:00+00:00,63206.68,63226.0,62968.82,62971.99
2026-07-17 05:45:00+00:00,62972.0,62981.42,62804.3,62839.76
2026-07-17 06:00:00+00:00,62839.77,62998.52,62765.94,62826.8
2026-07-17 06:15:00+00:00,62826.81,62944.0,62710.0,62931.23
2026-07-17 06:30:00+00:00,62931.23,62962.0,62867.73,62876.89
2026-07-17 06:45:00+00:00,62876.89,62948.0,62853.91,62948.0
2026-07-17 07:00:00+00:00,62948.0,62948.0,62869.9,62904.91
2026-07-17 07:15:00+00:00,62904.92,62939.3,62800.0,62935.03
2026-07-17 07:30:00+00:00,62935.02,62983.99,62875.56,62929.99
2026-07-17 07:45:00+00:00,62930.0,62958.74,62823.07,62828.11
2026-07-17 08:00:00+00:00,62828.11,62892.0,62767.28,62892.0
2026-07-17 08:15:00+00:00,62891.99,62896.15,62740.92,62804.0
2026-07-17 08:30:00+00:00,62804.01,62804.01,62666.0,62788.0
2026-07-17 08:45:00+00:00,62788.0,62939.04,62787.99,62888.0
2026-07-17 09:00:00+00:00,62888.01,62967.8,62852.89,62965.47
2026-07-17 09:15:00+00:00,62965.46,62980.0,62863.15,62953.39
2026-07-17 09:30:00+00:00,62953.38,63067.84,62930.0,63062.0
2026-07-17 09:45:00+00:00,63061.99,63069.06,62968.27,62989.46
2026-07-17 10:00:00+00:00,62989.47,63138.78,62989.47,63098.0
2026-07-17 10:15:00+00:00,63097.99,63129.78,63050.0,63098.01
2026-07-17 10:30:00+00:00,63098.0,63191.3,63082.0,63191.29
2026-07-17 10:45:00+00:00,63191.29,63201.91,63165.16,63179.92
2026-07-17 11:00:00+00:00,63179.91,63212.89,63076.51,63088.06
2026-07-17 11:15:00+00:00,63088.05,63136.25,63063.67,63136.24
2026-07-17 11:30:00+00:00,63136.24,63313.33,63106.0,63302.0
2026-07-17 11:45:00+00:00,63302.0,63361.7,63261.7,63298.01
2026-07-17 12:00:00+00:00,63298.0,63348.0,63236.0,63250.0
2026-07-17 12:15:00+00:00,63249.99,63300.0,63162.02,63193.58
2026-07-17 12:30:00+00:00,63193.58,63200.0,63078.0,63118.75
2026-07-17 12:45:00+00:00,63118.74,63169.04,63069.09,63099.75
2026-07-17 13:00:00+00:00,63099.75,63105.04,62770.0,62817.37
2026-07-17 13:15:00+00:00,62817.38,62960.0,62810.0,62853.99
2026-07-17 13:30:00+00:00,62854.0,62941.89,62538.15,62568.18
2026-07-17 13:45:00+00:00,62568.17,63180.0,62537.56,63153.99
2026-07-17 14:00:00+00:00,63154.0,63518.0,63147.67,63389.99
2026-07-17 14:15:00+00:00,63390.0,63490.0,63195.04,63242.68
2026-07-17 14:30:00+00:00,63242.69,63355.99,63081.27,63279.12
2026-07-17 14:45:00+00:00,63279.13,63298.0,63051.77,63174.0
2026-07-17 15:00:00+00:00,63174.01,63186.0,62856.16,62917.3
2026-07-17 15:15:00+00:00,62917.31,63268.53,62907.98,63268.52
2026-07-17 15:30:00+00:00,63268.52,63302.86,63115.07,63212.34
2026-07-17 15:45:00+00:00,63212.34,63452.0,63146.97,63452.0
2026-07-17 16:00:00+00:00,63452.0,63562.01,63342.0,63461.99
2026-07-17 16:15:00+00:00,63462.0,63543.96,63312.01,63480.0
2026-07-17 16:30:00+00:00,63480.0,63536.0,63376.0,63527.98
2026-07-17 16:45:00+00:00,63527.99,63706.75,63486.07,63594.0
2026-07-17 17:00:00+00:00,63594.0,64153.52,63594.0,63962.0
2026-07-17 17:15:00+00:00,63962.0,64126.0,63908.26,64024.0
2026-07-17 17:30:00+00:00,64024.0,64108.0,63980.0,64029.99
2026-07-17 17:45:00+00:00,64029.99,64228.27,64000.0,64049.86
2026-07-17 18:00:00+00:00,64049.85,64113.4,63968.13,64092.0
2026-07-17 18:15:00+00:00,64092.0,64092.0,63894.0,63961.2
2026-07-17 18:30:00+00:00,63961.2,64151.42,63952.0,64151.41
2026-07-17 18:45:00+00:00,64151.41,64387.99,64148.83,64259.73
2026-07-17 19:00:00+00:00,64259.73,64259.73,64054.0,64076.0
2026-07-17 19:15:00+00:00,64076.0,64094.0,63981.2,64088.0
2026-07-17 19:30:00+00:00,64087.99,64182.91,64070.0,64182.91
2026-07-17 19:45:00+00:00,64182.9,64210.01,64142.0,64160.8
2026-07-17 20:00:00+00:00,64160.8,64160.8,64001.55,64006.55
2026-07-17 20:15:00+00:00,64006.55,64069.99,63982.8,64034.99
2026-07-17 20:30:00+00:00,64034.99,64111.16,63958.19,64111.16
2026-07-17 20:45:00+00:00,64111.99,64192.57,64040.0,64120.0
2026-07-17 21:00:00+00:00,64120.01,64185.1,64117.51,64164.01
2026-07-17 21:15:00+00:00,64164.0,64216.61,64125.35,64142.59
2026-07-17 21:30:00+00:00,64142.59,64146.24,64075.0,64097.61
2026-07-17 21:45:00+00:00,64097.6,64110.01,64064.0,64110.0
2026-07-17 22:00:00+00:00,64110.01,64147.0,64054.68,64077.57
2026-07-17 22:15:00+00:00,64077.56,64077.56,63964.0,63966.57
2026-07-17 22:30:00+00:00,63966.57,63971.91,63903.63,63947.09
2026-07-17 22:45:00+00:00,63947.09,63994.11,63945.0,63986.0
2026-07-17 23:00:00+00:00,63986.01,63986.01,63884.35,63899.96
2026-07-17 23:15:00+00:00,63899.95,63965.5,63894.06,63965.49
2026-07-17 23:30:00+00:00,63965.5,64011.08,63965.49,63976.0
2026-07-17 23:45:00+00:00,63976.0,63996.0,63930.0,63931.67
2026-07-18 00:00:00+00:00,63931.67,63970.0,63895.33,63968.0
2026-07-18 00:15:00+00:00,63968.01,64012.39,63961.69,63993.6
2026-07-18 00:30:00+00:00,63993.61,63993.61,63902.23,63927.13
2026-07-18 00:45:00+00:00,63927.14,63952.38,63895.56,63910.04
2026-07-18 01:00:00+00:00,63910.05,63924.95,63886.65,63921.94
2026-07-18 01:15:00+00:00,63921.93,64000.0,63921.93,63999.99
2026-07-18 01:30:00+00:00,64000.0,64000.0,63917.21,63953.28
2026-07-18 01:45:00+00:00,63953.27,63985.53,63942.01,63952.98
2026-07-18 02:00:00+00:00,63952.97,63970.0,63930.54,63970.0
2026-07-18 02:15:00+00:00,63969.99,64009.49,63969.99,63999.39
2026-07-18 02:30:00+00:00,63999.39,64032.6,63954.58,63968.5
2026-07-18 02:45:00+00:00,63968.51,63980.01,63950.0,63967.61
2026-07-18 03:00:00+00:00,63967.61,63990.61,63947.37,63989.31
2026-07-18 03:15:00+00:00,63989.3,63992.0,63945.66,63952.01
2026-07-18 03:30:00+00:00,63952.01,63964.01,63931.99,63931.99
2026-07-18 03:45:00+00:00,63932.0,64017.85,63928.15,64017.84
2026-07-18 04:00:00+00:00,64017.84,64017.85,63982.0,63998.37
2026-07-18 04:15:00+00:00,63998.38,64003.01,63954.99,63986.0
2026-07-18 04:30:00+00:00,63985.99,63986.0,63947.09,63947.1
2026-07-18 04:45:00+00:00,63947.09,63974.01,63947.09,63967.99
2026-07-18 05:00:00+00:00,63968.0,63977.4,63926.39,63926.39
2026-07-18 05:15:00+00:00,63926.39,63977.89,63926.39,63967.95
2026-07-18 05:30:00+00:00,63967.96,63997.07,63961.06,63969.99
2026-07-18 05:45:00+00:00,63970.0,63998.0,63942.65,63967.95
2026-07-18 06:00:00+00:00,63967.95,63970.0,63954.75,63965.43
2026-07-18 06:15:00+00:00,63965.43,64005.99,63965.43,63988.44
2026-07-18 06:30:00+00:00,63988.44,63988.45,63950.0,63974.01
2026-07-18 06:45:00+00:00,63974.01,63984.0,63974.0,63979.67
2026-07-18 07:00:00+00:00,63979.67,64018.58,63974.94,64000.55
2026-07-18 07:15:00+00:00,64000.54,64026.03,64000.54,64026.03
2026-07-18 07:30:00+00:00,64026.03,64026.03,64003.18,64025.58
2026-07-18 07:45:00+00:00,64025.59,64025.59,64002.75,64002.75
2026-07-18 08:00:00+00:00,64002.75,64018.0,63960.0,63979.99
2026-07-18 08:15:00+00:00,63979.99,64013.73,63979.61,64013.05
2026-07-18 08:30:00+00:00,64013.04,64019.64,63983.72,63983.72
2026-07-18 08:45:00+00:00,63983.72,64006.01,63983.72,64006.01
2026-07-18 09:00:00+00:00,64006.01,64006.01,63967.36,63974.56
2026-07-18 09:15:00+00:00,63974.55,63974.56,63887.73,63941.84
2026-07-18 09:30:00+00:00,63941.84,63970.01,63941.84,63970.0
2026-07-18 09:45:00+00:00,63970.0,63987.77,63970.0,63987.76
2026-07-18 10:00:00+00:00,63987.77,63999.79,63982.34,63995.0
2026-07-18 10:15:00+00:00,63995.01,64022.55,63995.0,64011.4
2026-07-18 10:30:00+00:00,64011.4,64026.39,64004.0,64004.01
2026-07-18 10:45:00+00:00,64004.01,64022.25,64004.0,64016.43
2026-07-18 11:00:00+00:00,64016.43,64024.0,64010.99,64020.03
2026-07-18 11:15:00+00:00,64020.03,64030.09,64014.99,64015.0
2026-07-18 11:30:00+00:00,64014.99,64031.01,64014.99,64025.0
2026-07-18 11:45:00+00:00,64025.01,64097.22,64019.96,64069.89
2026-07-18 12:00:00+00:00,64069.89,64225.35,64069.89,64138.0
2026-07-18 12:15:00+00:00,64138.0,64147.99,64057.27,64100.0
2026-07-18 12:30:00+00:00,64100.0,64204.0,64071.89,64188.34
2026-07-18 12:45:00+00:00,64188.34,64274.47,64188.34,64218.0
2026-07-18 13:00:00+00:00,64218.01,64218.01,63982.76,64012.74
2026-07-18 13:15:00+00:00,64012.74,64060.73,63963.0,64054.18
2026-07-18 13:30:00+00:00,64054.17,64099.64,64028.31,64055.99
2026-07-18 13:45:00+00:00,64056.0,64106.0,64042.0,64106.0
2026-07-18 14:00:00+00:00,64105.99,64172.0,64101.42,64163.02
2026-07-18 14:15:00+00:00,64163.02,64172.0,64124.73,64171.91
2026-07-18 14:30:00+00:00,64171.9,64195.01,64156.0,64177.07
2026-07-18 14:45:00+00:00,64177.08,64180.0,64115.91,64126.0
2026-07-18 15:00:00+00:00,64126.0,64135.58,64082.16,64095.38
2026-07-18 15:15:00+00:00,64095.37,64132.0,64080.0,64080.01
2026-07-18 15:30:00+00:00,64080.0,64086.0,64045.88,64045.89
2026-07-18 15:45:00+00:00,64045.88,64163.99,64037.45,64123.12
2026-07-18 16:00:00+00:00,64123.13,64157.63,64091.48,64147.03
2026-07-18 16:15:00+00:00,64147.04,64151.71,64114.11,64151.71
2026-07-18 16:30:00+00:00,64151.71,64169.15,64135.0,64143.91
2026-07-18 16:45:00+00:00,64143.92,64314.0,64124.85,64303.47
2026-07-18 17:00:00+00:00,64303.48,64323.97,64280.22,64323.97
2026-07-18 17:15:00+00:00,64323.96,64449.83,64286.58,64299.88
2026-07-18 17:30:00+00:00,64299.88,64460.28,64294.9,64450.0
2026-07-18 17:45:00+00:00,64450.0,64492.0,64409.43,64480.29
2026-07-18 18:00:00+00:00,64480.28,64491.31,64462.0,64471.93
2026-07-18 18:15:00+00:00,64471.93,64669.5,64464.0,64576.15
2026-07-18 18:30:00+00:00,64576.16,64577.95,64475.57,64475.58
2026-07-18 18:45:00+00:00,64475.58,64534.0,64475.57,64512.41
2026-07-18 19:00:00+00:00,64512.41,64554.98,64512.41,64541.5
2026-07-18 19:15:00+00:00,64541.5,64597.9,64482.0,64482.01
2026-07-18 19:30:00+00:00,64482.0,64535.0,64482.0,64520.84
2026-07-18 19:45:00+00:00,64520.84,64570.0,64520.84,64552.79
2026-07-18 20:00:00+00:00,64552.8,64639.4,64528.69,64618.01
2026-07-18 20:15:00+00:00,64618.01,64739.64,64618.01,64648.06
2026-07-18 20:30:00+00:00,64648.06,64648.07,64590.0,64606.68
2026-07-18 20:45:00+00:00,64606.68,64713.67,64562.02,64693.01
2026-07-18 21:00:00+00:00,64693.02,64759.99,64646.04,64759.99
2026-07-18 21:15:00+00:00,64759.99,64846.83,64725.02,64725.02
2026-07-18 21:30:00+00:00,64725.02,64725.02,64636.24,64647.22
2026-07-18 21:45:00+00:00,64647.22,64808.0,64614.36,64731.72
2026-07-18 22:00:00+00:00,64731.73,64865.0,64724.67,64800.26
2026-07-18 22:15:00+00:00,64800.26,64833.57,64738.0,64738.01
2026-07-18 22:30:00+00:00,64738.02,64785.51,64712.29,64775.86
2026-07-18 22:45:00+00:00,64775.87,64853.21,64752.0,64805.05
2026-07-18 23:00:00+00:00,64805.04,64818.89,64709.28,64733.52
2026-07-18 23:15:00+00:00,64733.51,64838.89,64733.51,64828.61
2026-07-18 23:30:00+00:00,64828.6,64839.88,64799.2,64827.39
2026-07-18 23:45:00+00:00,64827.4,64843.3,64807.3,64834.22
2026-07-19 00:00:00+00:00,64834.21,64855.19,64815.0,64844.35
2026-07-19 00:15:00+00:00,64844.36,64906.4,64788.03,64790.63
2026-07-19 00:30:00+00:00,64790.64,64810.65,64771.48,64777.26
2026-07-19 00:45:00+00:00,64777.26,64805.0,64769.47,64792.08
2026-07-19 01:00:00+00:00,64792.08,64792.09,64775.39,64778.56
2026-07-19 01:15:00+00:00,64778.57,64782.17,64770.75,64776.96
2026-07-19 01:30:00+00:00,64776.95,64776.96,64769.93,64769.93
2026-07-19 01:45:00+00:00,64769.93,64782.19,64765.99,64765.99
2026-07-19 02:00:00+00:00,64766.0,64967.25,64700.84,64892.08
2026-07-19 02:15:00+00:00,64892.08,64920.0,64799.96,64822.26
2026-07-19 02:30:00+00:00,64822.25,64950.0,64822.25,64835.76
2026-07-19 02:45:00+00:00,64835.77,64862.39,64822.24,64826.01
2026-07-19 03:00:00+00:00,64826.01,64842.92,64725.57,64731.9
2026-07-19 03:15:00+00:00,64731.91,64731.91,64620.44,64662.63
2026-07-19 03:30:00+00:00,64662.64,64689.33,64648.1,64661.99
2026-07-19 03:45:00+00:00,64661.99,64706.18,64661.99,64706.18
2026-07-19 04:00:00+00:00,64706.18,64706.18,64610.89,64644.06
2026-07-19 04:15:00+00:00,64644.05,64715.53,64644.05,64713.88
2026-07-19 04:30:00+00:00,64713.88,64795.43,64694.72,64762.01
2026-07-19 04:45:00+00:00,64762.0,64782.06,64714.54,64720.17
2026-07-19 05:00:00+00:00,64720.17,64794.0,64720.17,64794.0
2026-07-19 05:15:00+00:00,64794.0,64815.65,64714.0,64714.01
2026-07-19 05:30:00+00:00,64714.0,64714.01,64676.0,64699.99
2026-07-19 05:45:00+00:00,64699.99,64746.71,64699.99,64724.01
2026-07-19 06:00:00+00:00,64724.0,64724.01,64694.66,64721.49
2026-07-19 06:15:00+00:00,64721.5,64759.33,64721.49,64730.01
2026-07-19 06:30:00+00:00,64730.01,64758.83,64716.57,64729.05
2026-07-19 06:45:00+00:00,64729.05,64731.4,64704.98,64711.69
2026-07-19 07:00:00+00:00,64711.69,64718.0,64690.0,64693.88
2026-07-19 07:15:00+00:00,64693.87,64718.0,64691.28,64717.99
2026-07-19 07:30:00+00:00,64717.99,64784.0,64711.1,64768.23
2026-07-19 07:45:00+00:00,64768.23,64768.23,64675.0,64711.05
2026-07-19 08:00:00+00:00,64711.04,64726.52,64670.65,64705.15
2026-07-19 08:15:00+00:00,64705.15,64705.16,64631.54,64670.0
2026-07-19 08:30:00+00:00,64670.01,64674.71,64640.0,64658.07
2026-07-19 08:45:00+00:00,64658.07,64743.0,64658.06,64707.49
2026-07-19 09:00:00+00:00,64707.48,64725.74,64645.2,64645.21
2026-07-19 09:15:00+00:00,64645.2,64645.21,64550.0,64578.0
2026-07-19 09:30:00+00:00,64577.99,64602.61,64501.0,64520.29
2026-07-19 09:45:00+00:00,64520.3,64543.16,64500.0,64509.99
2026-07-19 10:00:00+00:00,64510.0,64591.46,64482.0,64575.57
2026-07-19 10:15:00+00:00,64575.56,64627.09,64575.56,64627.08
2026-07-19 10:30:00+00:00,64627.08,64679.5,64616.0,64671.74
2026-07-19 10:45:00+00:00,64671.73,64700.0,64574.0,64595.0
2026-07-19 11:00:00+00:00,64595.0,64635.0,64520.0,64583.18
2026-07-19 11:15:00+00:00,64583.17,64636.28,64536.63,64549.99
2026-07-19 11:30:00+00:00,64550.0,64558.6,64508.63,64528.0
2026-07-19 11:45:00+00:00,64528.0,64541.38,64445.0,64467.64
2026-07-19 12:00:00+00:00,64467.65,64467.65,64348.07,64348.08
2026-07-19 12:15:00+00:00,64348.08,64451.84,64285.24,64315.0
2026-07-19 12:30:00+00:00,64314.99,64442.42,64311.29,64416.4
2026-07-19 12:45:00+00:00,64416.39,64466.56,64355.0,64441.15
2026-07-19 13:00:00+00:00,64441.16,64464.98,64348.0,64356.16
2026-07-19 13:15:00+00:00,64356.16,64423.89,64307.72,64412.0
2026-07-19 13:30:00+00:00,64412.0,64475.0,64406.73,64422.78
2026-07-19 13:45:00+00:00,64422.78,64516.33,64413.37,64483.31
2026-07-19 14:00:00+00:00,64483.32,64554.0,64477.0,64544.29
2026-07-19 14:15:00+00:00,64544.28,64551.95,64425.24,64470.0
2026-07-19 14:30:00+00:00,64470.0,64549.3,64455.0,64528.22
2026-07-19 14:45:00+00:00,64528.22,64663.04,64520.0,64593.07
2026-07-19 15:00:00+00:00,64593.07,64620.0,64512.99,64581.7
2026-07-19 15:15:00+00:00,64581.7,64596.26,64505.21,64510.71
2026-07-19 15:30:00+00:00,64510.71,64588.47,64500.0,64568.39
2026-07-19 15:45:00+00:00,64568.39,64589.76,64542.0,64585.32
2026-07-19 16:00:00+00:00,64585.33,64644.0,64505.21,64555.06
2026-07-19 16:15:00+00:00,64555.05,64632.36,64518.0,64611.77
2026-07-19 16:30:00+00:00,64611.78,64611.78,64531.15,64601.98
2026-07-19 16:45:00+00:00,64601.99,64610.0,64519.18,64538.72
2026-07-19 17:00:00+00:00,64538.72,64702.44,64406.3,64702.44
2026-07-19 17:15:00+00:00,64702.43,64752.0,64610.94,64649.65
2026-07-19 17:30:00+00:00,64649.64,64725.52,64610.0,64622.48
2026-07-19 17:45:00+00:00,64622.48,64622.48,64538.0,64547.86
2026-07-19 18:00:00+00:00,64547.86,64554.0,64280.0,64476.86
2026-07-19 18:15:00+00:00,64476.86,64488.0,64400.0,64400.0
2026-07-19 18:30:00+00:00,64400.01,64444.66,64345.09,64427.99
2026-07-19 18:45:00+00:00,64428.0,64443.0,64364.88,64419.99
2026-07-19 19:00:00+00:00,64420.0,64462.0,64352.0,64448.33
2026-07-19 19:15:00+00:00,64448.32,64467.82,64417.18,64437.97
2026-07-19 19:30:00+00:00,64437.98,64456.63,64410.51,64415.22
2026-07-19 19:45:00+00:00,64415.22,64462.58,64390.86,64462.58
2026-07-19 20:00:00+00:00,64462.58,64560.0,64462.57,64505.17
2026-07-19 20:15:00+00:00,64505.17,64524.87,64474.0,64494.0
2026-07-19 20:30:00+00:00,64494.01,64531.46,64482.0,64499.12
2026-07-19 20:45:00+00:00,64499.13,64536.0,64480.94,64535.99
2026-07-19 21:00:00+00:00,64536.0,64562.55,64485.27,64538.97
2026-07-19 21:15:00+00:00,64538.98,64538.98,64462.22,64472.0
2026-07-19 21:30:00+00:00,64472.0,64472.0,64350.0,64352.95
2026-07-19 21:45:00+00:00,64352.95,64429.99,64350.25,64415.75
2026-07-19 22:00:00+00:00,64415.75,64683.32,64347.89,64662.73
2026-07-19 22:15:00+00:00,64662.72,64900.0,64662.72,64760.01
2026-07-19 22:30:00+00:00,64760.0,64817.35,64683.01,64807.43
2026-07-19 22:45:00+00:00,64807.44,64809.6,64668.06,64674.67
2026-07-19 23:00:00+00:00,64674.66,64713.3,64572.0,64696.01
2026-07-19 23:15:00+00:00,64696.01,64712.0,64642.0,64674.0
2026-07-19 23:30:00+00:00,64673.99,64766.0,64644.3,64748.11
2026-07-19 23:45:00+00:00,64748.11,64772.0,64656.51,64722.54
2026-07-20 00:00:00+00:00,64722.55,65057.08,64572.0,65020.0
2026-07-20 00:15:00+00:00,65020.0,65107.99,64804.76,64876.01
2026-07-20 00:30:00+00:00,64876.01,64938.0,64790.01,64822.24
2026-07-20 00:45:00+00:00,64822.24,64822.24,64416.0,64553.84
2026-07-20 01:00:00+00:00,64553.85,65029.4,64510.0,64808.0
2026-07-20 01:15:00+00:00,64808.01,64946.0,64690.0,64850.42
2026-07-20 01:30:00+00:00,64850.43,64931.34,64704.41,64763.99
2026-07-20 01:45:00+00:00,64763.99,64775.36,64506.0,64628.01
2026-07-20 02:00:00+00:00,64628.01,64950.88,64624.0,64826.01
2026-07-20 02:15:00+00:00,64826.01,64830.0,64585.0,64674.01
2026-07-20 02:30:00+00:00,64674.0,64886.0,64660.0,64836.0
2026-07-20 02:45:00+00:00,64836.0,64964.0,64827.19,64827.2
2026-07-20 03:00:00+00:00,64827.19,64881.29,64776.0,64843.96
2026-07-20 03:15:00+00:00,64843.96,64887.98,64644.01,64688.01
2026-07-20 03:30:00+00:00,64688.0,64902.63,64666.0,64902.63
2026-07-20 03:45:00+00:00,64902.63,64914.93,64785.1,64869.8
2026-07-20 04:00:00+00:00,64869.79,64869.99,64698.26,64705.37
2026-07-20 04:15:00+00:00,64705.38,64778.0,64640.0,64759.41
2026-07-20 04:30:00+00:00,64759.4,64814.0,64704.01,64733.98
2026-07-20 04:45:00+00:00,64733.54,64733.54,64540.0,64540.01
2026-07-20 05:00:00+00:00,64540.0,64562.0,64082.7,64244.0
2026-07-20 05:15:00+00:00,64244.0,64388.0,64094.01,64183.21
2026-07-20 05:30:00+00:00,64183.21,64260.04,64108.0,64211.65
2026-07-20 05:45:00+00:00,64211.65,64211.66,64099.46,64128.0
2026-07-20 06:00:00+00:00,64128.01,64200.0,64082.49,64193.57
2026-07-20 06:15:00+00:00,64193.58,64220.0,64100.0,64136.01
2026-07-20 06:30:00+00:00,64136.0,64153.71,63766.66,63826.0
2026-07-20 06:45:00+00:00,63826.01,63942.81,63765.83,63917.98
2026-07-20 07:00:00+00:00,63917.99,64008.08,63916.08,63975.34
2026-07-20 07:15:00+00:00,63975.34,64161.04,63896.0,64130.72
2026-07-20 07:30:00+00:00,64130.71,64213.17,64092.0,64213.16
2026-07-20 07:45:00+00:00,64213.16,64315.96,64188.26,64280.01
2026-07-20 08:00:00+00:00,64280.01,64356.0,64242.01,64294.39
2026-07-20 08:15:00+00:00,64294.39,64354.0,64242.01,64250.01
2026-07-20 08:30:00+00:00,64250.01,64282.0,63100.0,63922.37
2026-07-20 08:45:00+00:00,63922.38,64108.03,63922.37,64049.99
2026-07-20 09:00:00+00:00,64050.0,64108.0,64012.8,64105.1
2026-07-20 09:15:00+00:00,64105.1,64200.0,64088.0,64200.0
2026-07-20 09:30:00+00:00,64200.0,64256.3,64188.17,64236.84
2026-07-20 09:45:00+00:00,64236.84,64276.0,64199.5,64199.5
2026-07-20 10:00:00+00:00,64199.51,64283.74,64162.0,64281.99
2026-07-20 10:15:00+00:00,64281.98,64415.42,64253.52,64353.87
2026-07-20 10:30:00+00:00,64353.86,64353.87,64252.0,64324.73
2026-07-20 10:45:00+00:00,64324.73,64351.77,64286.89,64301.18
2026-07-20 11:00:00+00:00,64301.18,64446.65,64273.33,64384.56
2026-07-20 11:15:00+00:00,64384.55,64403.8,64320.54,64355.28
2026-07-20 11:30:00+00:00,64355.27,64933.32,64346.44,64834.98
2026-07-20 11:45:00+00:00,64834.97,65068.0,64834.97,65002.01
2026-07-20 12:00:00+00:00,65002.0,65002.83,64716.57,64750.0
2026-07-20 12:15:00+00:00,64749.99,64806.0,64670.01,64699.81
2026-07-20 12:30:00+00:00,64699.82,64748.3,64599.95,64599.97
2026-07-20 12:45:00+00:00,64599.97,64738.93,64599.89,64640.0
2026-07-20 13:00:00+00:00,64640.0,64753.77,64621.79,64692.38
2026-07-20 13:15:00+00:00,64692.38,64720.21,64530.0,64554.75
2026-07-20 13:30:00+00:00,64554.75,64763.67,64502.0,64650.66
2026-07-20 13:45:00+00:00,64650.67,64761.62,64208.0,64344.01
2026-07-20 14:00:00+00:00,64344.01,64495.99,64288.0,64322.0
2026-07-20 14:15:00+00:00,64322.0,64468.0,64077.76,64466.46
2026-07-20 14:30:00+00:00,64466.45,64542.0,64346.24,64432.01
2026-07-20 14:45:00+00:00,64432.0,64575.37,64303.92,64416.01
2026-07-20 15:00:00+00:00,64416.01,64988.0,64398.15,64968.0
2026-07-20 15:15:00+00:00,64967.99,65017.49,64880.77,64948.27
2026-07-20 15:30:00+00:00,64948.27,65288.9,64802.41,65240.81
2026-07-20 15:45:00+00:00,65240.81,65666.8,65240.81,65598.75
2026-07-20 16:00:00+00:00,65598.75,65637.7,65418.59,65557.99
2026-07-20 16:15:00+00:00,65557.99,65563.23,65378.0,65444.69
2026-07-20 16:30:00+00:00,65444.69,65554.37,65336.0,65375.99
2026-07-20 16:45:00+00:00,65376.0,65515.07,65371.6,65508.5
2026-07-20 17:00:00+00:00,65508.5,65557.87,65450.0,65506.01
2026-07-20 17:15:00+00:00,65506.02,65516.0,65438.0,65504.0
2026-07-20 17:30:00+00:00,65503.99,65508.0,65342.52,65354.0
2026-07-20 17:45:00+00:00,65354.0,65646.55,65353.99,65587.98
2026-07-20 18:00:00+00:00,65587.99,65799.0,65566.3,65753.05
2026-07-20 18:15:00+00:00,65753.04,65770.0,65577.05,65592.0
2026-07-20 18:30:00+00:00,65592.01,65592.01,65348.73,65348.74
2026-07-20 18:45:00+00:00,65348.74,65348.74,65204.0,65240.01
2026-07-20 19:00:00+00:00,65240.01,65274.58,65102.0,65104.0
2026-07-20 19:15:00+00:00,65103.99,65196.0,65072.2,65156.24
2026-07-20 19:30:00+00:00,65156.24,65169.58,65041.05,65109.96
2026-07-20 19:45:00+00:00,65109.97,65182.48,65068.06,65142.0
2026-07-20 20:00:00+00:00,65142.0,65227.79,65061.92,65219.99
2026-07-20 20:15:00+00:00,65219.99,65328.41,65191.91,65291.42
2026-07-20 20:30:00+00:00,65291.41,65438.0,65280.0,65305.85
2026-07-20 20:45:00+00:00,65305.86,65387.3,65305.86,65367.58
2026-07-20 21:00:00+00:00,65367.57,65367.58,65286.78,65326.0
2026-07-20 21:15:00+00:00,65326.01,65354.0,65302.67,65308.56
2026-07-20 21:30:00+00:00,65308.57,65445.27,65308.56,65353.09
2026-07-20 21:45:00+00:00,65353.1,65374.45,65272.32,65286.02
2026-07-20 22:00:00+00:00,65286.02,65286.02,65141.22,65200.01
2026-07-20 22:15:00+00:00,65200.01,65253.71,65152.33,65214.07
2026-07-20 22:30:00+00:00,65214.08,65230.0,65092.66,65127.99
2026-07-20 22:45:00+00:00,65128.0,65145.93,65116.99,65141.99
2026-07-20 23:00:00+00:00,65142.0,65220.0,65128.17,65161.16
2026-07-20 23:15:00+00:00,65161.16,65260.0,65161.15,65240.75
2026-07-20 23:30:00+00:00,65240.74,65255.55,65196.9,65219.9
2026-07-20 23:45:00+00:00,65219.91,65272.21,65152.31,65255.51
2026-07-21 00:00:00+00:00,65255.51,65255.51,65154.95,65186.01
2026-07-21 00:15:00+00:00,65186.0,65450.07,65148.75,65354.01
2026-07-21 00:30:00+00:00,65354.0,65547.69,65352.0,65496.0
2026-07-21 00:45:00+00:00,65496.0,65585.0,65490.72,65568.01
2026-07-21 01:00:00+00:00,65568.0,65658.78,65480.0,65548.0
2026-07-21 01:15:00+00:00,65548.0,65548.0,65434.0,65444.61
2026-07-21 01:30:00+00:00,65444.6,65476.5,65326.06,65342.01
2026-07-21 01:45:00+00:00,65342.01,65342.01,65232.65,65235.55
2026-07-21 02:00:00+00:00,65235.56,65413.63,65235.55,65291.4
2026-07-21 02:15:00+00:00,65291.4,65322.0,65176.2,65269.99
2026-07-21 02:30:00+00:00,65270.0,65370.58,65269.99,65349.99
2026-07-21 02:45:00+00:00,65349.99,65500.0,65313.22,65414.01
2026-07-21 03:00:00+00:00,65414.01,65541.35,65411.74,65486.0
2026-07-21 03:15:00+00:00,65485.99,65532.0,65434.44,65488.0
2026-07-21 03:30:00+00:00,65488.0,65537.72,65445.72,65533.01
2026-07-21 03:45:00+00:00,65533.01,65593.11,65452.79,65566.78
2026-07-21 04:00:00+00:00,65566.77,65742.58,65532.91,65607.23
2026-07-21 04:15:00+00:00,65607.23,65670.98,65512.0,65514.01
2026-07-21 04:30:00+00:00,65514.02,65573.0,65500.0,65544.65
2026-07-21 04:45:00+00:00,65544.65,65552.5,65471.69,65522.01
2026-07-21 05:00:00+00:00,65522.0,65562.0,65485.55,65553.0
2026-07-21 05:15:00+00:00,65553.0,65654.62,65500.63,65594.99
2026-07-21 05:30:00+00:00,65595.0,65680.86,65562.0,65646.74
2026-07-21 05:45:00+00:00,65646.75,65933.24,65612.17,65751.56
2026-07-21 06:00:00+00:00,65751.56,65827.2,65634.0,65731.13
2026-07-21 06:15:00+00:00,65731.13,65842.0,65658.37,65820.01
2026-07-21 06:30:00+00:00,65820.01,65991.05,65810.0,65963.0
2026-07-21 06:45:00+00:00,65963.0,65974.0,65879.99,65913.0
2026-07-21 07:00:00+00:00,65913.0,65949.98,65866.0,65931.92
2026-07-21 07:15:00+00:00,65931.92,66008.0,65894.36,65961.99
2026-07-21 07:30:00+00:00,65962.0,66149.62,65950.0,66039.57
2026-07-21 07:45:00+00:00,66039.57,66245.64,66026.4,66186.86
2026-07-21 08:00:00+00:00,66186.86,66289.0,66129.19,66282.21
2026-07-21 08:15:00+00:00,66282.22,66350.0,66200.0,66215.99
2026-07-21 08:30:00+00:00,66215.99,66354.0,66188.0,66307.72
2026-07-21 08:45:00+00:00,66307.72,66331.3,66210.0,66226.44
2026-07-21 09:00:00+00:00,66226.43,66234.0,66144.0,66213.48
2026-07-21 09:15:00+00:00,66213.48,66246.42,66191.51,66240.02
2026-07-21 09:30:00+00:00,66240.01,66340.0,66228.6,66306.79
2026-07-21 09:45:00+00:00,66306.78,66350.0,66270.0,66291.99
2026-07-21 10:00:00+00:00,66292.0,66401.1,66269.1,66360.01
2026-07-21 10:15:00+00:00,66360.02,66420.59,66313.96,66420.0
2026-07-21 10:30:00+00:00,66420.0,66420.65,66328.0,66355.88
2026-07-21 10:45:00+00:00,66355.87,66362.0,66176.55,66180.0
2026-07-21 11:00:00+00:00,66180.0,66256.22,66147.82,66232.12
2026-07-21 11:15:00+00:00,66232.11,66255.99,66184.0,66233.99
2026-07-21 11:30:00+00:00,66233.99,66344.0,66218.78,66333.99
2026-07-21 11:45:00+00:00,66334.0,66350.0,66320.0,66345.59
2026-07-21 12:00:00+00:00,66345.59,66450.0,66255.73,66405.74
2026-07-21 12:15:00+00:00,66405.74,66497.91,66341.15,66465.01
2026-07-21 12:30:00+00:00,66465.01,66640.0,66426.01,66516.17
2026-07-21 12:45:00+00:00,66516.17,66581.99,66484.0,66558.82
2026-07-21 13:00:00+00:00,66558.81,66629.37,66514.59,66622.0
2026-07-21 13:15:00+00:00,66621.99,66662.67,66418.0,66440.01
2026-07-21 13:30:00+00:00,66440.02,66550.0,66315.62,66367.99
2026-07-21 13:45:00+00:00,66367.99,66810.97,66344.0,66786.0
2026-07-21 14:00:00+00:00,66786.0,66956.15,66740.43,66944.4
2026-07-21 14:15:00+00:00,66944.4,66944.41,66648.27,66740.0
2026-07-21 14:30:00+00:00,66740.0,66884.88,66658.64,66849.77
2026-07-21 14:45:00+00:00,66849.77,66928.49,66809.98,66842.3
2026-07-21 15:00:00+00:00,66842.29,66842.3,66653.05,66682.59
2026-07-21 15:15:00+00:00,66682.6,66746.68,66619.33,66619.33
2026-07-21 15:30:00+00:00,66619.33,66712.0,66517.52,66614.85
2026-07-21 15:45:00+00:00,66614.84,66723.27,66591.99,66676.54
2026-07-21 16:00:00+00:00,66676.53,66764.0,66588.0,66614.55
2026-07-21 16:15:00+00:00,66614.56,66614.56,66525.42,66531.62
2026-07-21 16:30:00+00:00,66531.62,66650.24,66500.0,66552.57
2026-07-21 16:45:00+00:00,66552.58,66609.61,66462.32,66542.01
2026-07-21 17:00:00+00:00,66542.01,66567.59,66436.46,66461.98
2026-07-21 17:15:00+00:00,66461.99,66494.66,66401.21,66448.96
2026-07-21 17:30:00+00:00,66448.97,66505.99,66400.0,66500.55
2026-07-21 17:45:00+00:00,66500.56,66503.6,66052.63,66207.95
2026-07-21 18:00:00+00:00,66207.96,66329.79,66102.79,66292.0
2026-07-21 18:15:00+00:00,66292.0,66306.76,66181.86,66240.88
2026-07-21 18:30:00+00:00,66240.87,66305.2,66098.71,66282.52
2026-07-21 18:45:00+00:00,66282.51,66358.0,66272.0,66319.95
2026-07-21 19:00:00+00:00,66319.96,66375.95,66264.12,66297.99
2026-07-21 19:15:00+00:00,66297.99,66419.99,66288.33,66402.98
2026-07-21 19:30:00+00:00,66402.98,66492.52,66386.92,66460.39
2026-07-21 19:45:00+00:00,66460.4,66502.8,66417.0,66444.76
2026-07-21 20:00:00+00:00,66444.76,66480.0,66359.3,66420.17
2026-07-21 20:15:00+00:00,66420.16,66420.16,66366.0,66391.15
2026-07-21 20:30:00+00:00,66391.15,66496.0,66391.14,66456.0
2026-07-21 20:45:00+00:00,66455.99,66466.64,66406.57,66406.57
2026-07-21 21:00:00+00:00,66406.58,66408.26,66308.0,66402.73
2026-07-21 21:15:00+00:00,66402.72,66402.73,66322.0,66324.01
2026-07-21 21:30:00+00:00,66324.0,66361.04,66290.0,66346.0
2026-07-21 21:45:00+00:00,66346.01,66395.55,66336.0,66385.0
2026-07-21 22:00:00+00:00,66385.0,66388.35,66303.07,66312.55
2026-07-21 22:15:00+00:00,66312.55,66318.0,66204.0,66279.19
2026-07-21 22:30:00+00:00,66279.18,66345.28,66258.74,66310.7
2026-07-21 22:45:00+00:00,66310.7,66316.25,66236.95,66304.02
2026-07-21 23:00:00+00:00,66304.02,66304.02,66228.55,66277.33
2026-07-21 23:15:00+00:00,66277.34,66400.0,66277.33,66397.99
2026-07-21 23:30:00+00:00,66398.0,66454.94,66382.0,66426.03
2026-07-21 23:45:00+00:00,66426.02,66576.0,66423.91,66556.16
2026-07-22 00:00:00+00:00,66556.15,66684.47,66525.54,66684.46
2026-07-22 00:15:00+00:00,66684.47,66727.11,66582.9,66665.02
2026-07-22 00:30:00+00:00,66665.02,66734.72,66630.0,66704.71
2026-07-22 00:45:00+00:00,66704.71,66739.89,66612.0,66620.97
2026-07-22 01:00:00+00:00,66620.97,66661.79,66485.37,66493.99
2026-07-22 01:15:00+00:00,66493.98,66500.01,66329.78,66350.0
2026-07-22 01:30:00+00:00,66350.0,66424.0,66282.65,66367.99
2026-07-22 01:45:00+00:00,66367.99,66511.36,66360.0,66433.3
2026-07-22 02:00:00+00:00,66433.29,66489.09,66369.33,66466.0
2026-07-22 02:15:00+00:00,66466.0,66532.26,66406.22,66406.23
2026-07-22 02:30:00+00:00,66406.22,66406.23,66300.56,66366.85
2026-07-22 02:45:00+00:00,66366.85,66388.0,66298.0,66314.12
2026-07-22 03:00:00+00:00,66314.12,66371.27,66176.0,66181.96
2026-07-22 03:15:00+00:00,66181.97,66316.93,66181.97,66270.13
2026-07-22 03:30:00+00:00,66270.13,66326.76,66216.2,66280.33
2026-07-22 03:45:00+00:00,66280.33,66367.2,66179.9,66210.0
2026-07-22 04:00:00+00:00,66209.99,66350.41,66198.0,66337.98
2026-07-22 04:15:00+00:00,66337.98,66408.79,66316.24,66364.01
2026-07-22 04:30:00+00:00,66364.01,66424.0,66318.56,66418.92
2026-07-22 04:45:00+00:00,66418.93,66418.93,66338.0,66381.05
2026-07-22 05:00:00+00:00,66381.05,66381.05,66248.36,66274.0
2026-07-22 05:15:00+00:00,66273.99,66274.0,66040.8,66069.99
2026-07-22 05:30:00+00:00,66069.99,66126.0,65974.16,65984.0
2026-07-22 05:45:00+00:00,65984.0,66029.14,65944.51,65974.9
2026-07-22 06:00:00+00:00,65974.9,66026.93,65875.0,65983.99
2026-07-22 06:15:00+00:00,65984.0,65984.0,65831.18,65858.26
2026-07-22 06:30:00+00:00,65858.25,65992.0,65830.94,65956.35
2026-07-22 06:45:00+00:00,65956.35,65967.72,65900.0,65934.33
2026-07-22 07:00:00+00:00,65934.34,65968.9,65888.0,65905.32
2026-07-22 07:15:00+00:00,65905.33,65944.02,65845.12,65905.95
2026-07-22 07:30:00+00:00,65905.95,65916.0,65701.0,65785.81
2026-07-22 07:45:00+00:00,65785.8,65860.6,65780.0,65843.48
2026-07-22 08:00:00+00:00,65843.48,66072.0,65843.47,66032.81
2026-07-22 08:15:00+00:00,66032.82,66164.57,66006.0,66019.96
2026-07-22 08:30:00+00:00,66019.96,66079.88,65928.0,65928.01
2026-07-22 08:45:00+00:00,65928.0,66003.28,65928.0,65987.96
2026-07-22 09:00:00+00:00,65987.97,66073.52,65969.76,66009.25
2026-07-22 09:15:00+00:00,66009.25,66082.5,65994.57,66028.0
2026-07-22 09:30:00+00:00,66028.0,66028.01,65856.0,65890.01
2026-07-22 09:45:00+00:00,65890.0,65955.49,65850.0,65928.0
2026-07-22 10:00:00+00:00,65928.01,65957.15,65898.0,65927.99
2026-07-22 10:15:00+00:00,65928.0,65981.13,65919.5,65969.58
2026-07-22 10:30:00+00:00,65969.58,66012.0,65952.88,65985.84
2026-07-22 10:45:00+00:00,65985.84,66116.36,65985.83,66046.02
2026-07-22 11:00:00+00:00,66046.01,66079.99,66014.01,66017.21
2026-07-22 11:15:00+00:00,66017.2,66092.59,65981.29,66049.99
2026-07-22 11:30:00+00:00,66049.99,66064.0,65909.16,65918.11
2026-07-22 11:45:00+00:00,65918.11,66050.74,65909.17,66013.36
2026-07-22 12:00:00+00:00,66013.36,66013.37,65870.77,65905.99
2026-07-22 12:15:00+00:00,65905.99,65930.0,65849.95,65886.96
2026-07-22 12:30:00+00:00,65886.97,65908.21,65755.58,65777.25
2026-07-22 12:45:00+00:00,65777.25,65818.12,65553.67,65636.01
2026-07-22 13:00:00+00:00,65636.01,65684.57,65587.33,65649.72
2026-07-22 13:15:00+00:00,65649.72,65649.72,65559.66,65621.16
2026-07-22 13:30:00+00:00,65621.17,65920.71,65601.61,65888.01
2026-07-22 13:45:00+00:00,65888.0,65982.28,65812.89,65951.39
2026-07-22 14:00:00+00:00,65951.38,66204.98,65896.75,65902.63
2026-07-22 14:15:00+00:00,65902.63,65902.63,65592.0,65624.0
2026-07-22 14:30:00+00:00,65624.01,65873.99,65588.0,65672.02
2026-07-22 14:45:00+00:00,65672.01,65799.99,65651.0,65793.98
2026-07-22 15:00:00+00:00,65793.98,65968.0,65793.98,65944.0
2026-07-22 15:15:00+00:00,65944.0,66125.0,65886.0,66076.0
2026-07-22 15:30:00+00:00,66076.01,66118.0,65955.13,66009.4
2026-07-22 15:45:00+00:00,66009.41,66066.0,65946.0,66047.39
2026-07-22 16:00:00+00:00,66047.38,66152.0,65996.0,66127.32
2026-07-22 16:15:00+00:00,66127.33,66127.33,65911.6,66026.1
2026-07-22 16:30:00+00:00,66026.09,66384.0,66010.0,66283.99
2026-07-22 16:45:00+00:00,66284.0,66292.0,66154.28,66229.01
2026-07-22 17:00:00+00:00,66229.01,66275.29,66168.0,66168.03
2026-07-22 17:15:00+00:00,66168.02,66168.03,65944.0,65992.96
2026-07-22 17:30:00+00:00,65992.97,66179.17,65982.01,66176.0
2026-07-22 17:45:00+00:00,66175.99,66234.51,66011.22,66024.03
2026-07-22 18:00:00+00:00,66024.02,66075.91,65976.0,65988.0
2026-07-22 18:15:00+00:00,65988.0,66046.0,65838.43,65885.52
2026-07-22 18:30:00+00:00,65885.53,65885.53,65726.08,65774.0
2026-07-22 18:45:00+00:00,65773.99,65928.56,65767.12,65895.46
2026-07-22 19:00:00+00:00,65895.46,65920.0,65691.93,65759.98
2026-07-22 19:15:00+00:00,65759.99,65924.86,65745.91,65898.01
2026-07-22 19:30:00+00:00,65898.01,65946.0,65868.0,65868.0
2026-07-22 19:45:00+00:00,65868.01,65958.56,65850.0,65923.19
2026-07-22 20:00:00+00:00,65923.19,65954.0,65791.79,65930.7
2026-07-22 20:15:00+00:00,65930.71,65986.0,65887.84,65938.72
2026-07-22 20:30:00+00:00,65938.71,65950.04,65908.0,65950.04
2026-07-22 20:45:00+00:00,65950.03,65950.04,65896.0,65919.68
2026-07-22 21:00:00+00:00,65919.67,65940.01,65910.0,65940.01
2026-07-22 21:15:00+00:00,65940.01,65949.62,65892.64,65913.45
2026-07-22 21:30:00+00:00,65913.46,66127.33,65913.45,66122.12
2026-07-22 21:45:00+00:00,66122.12,66133.98,66037.47,66072.47
2026-07-22 22:00:00+00:00,66072.48,66080.94,65974.23,66006.01
2026-07-22 22:15:00+00:00,66006.02,66030.0,65932.0,66026.09
2026-07-22 22:30:00+00:00,66026.1,66026.1,65934.51,65962.0
2026-07-22 22:45:00+00:00,65962.0,66056.88,65950.0,66044.17
2026-07-22 23:00:00+00:00,66044.17,66076.92,65864.0,65891.99
2026-07-22 23:15:00+00:00,65892.0,65997.13,65844.3,65974.94
2026-07-22 23:30:00+00:00,65974.94,65995.04,65950.01,65985.21
2026-07-22 23:45:00+00:00,65985.22,66138.24,65979.13,66114.49
2026-07-23 00:00:00+00:00,66114.5,66250.0,66060.39,66187.89
2026-07-23 00:15:00+00:00,66187.88,66313.14,66156.0,66253.58
2026-07-23 00:30:00+00:00,66253.58,66272.47,66143.17,66143.17
2026-07-23 00:45:00+00:00,66143.17,66199.77,66054.58,66058.19
2026-07-23 01:00:00+00:00,66058.2,66208.0,66025.0,66042.0
2026-07-23 01:15:00+00:00,66042.0,66042.0,65898.27,65930.0
2026-07-23 01:30:00+00:00,65930.01,65942.0,65751.0,65790.01
2026-07-23 01:45:00+00:00,65790.01,65868.41,65781.35,65830.0
2026-07-23 02:00:00+00:00,65830.0,65840.01,65736.01,65736.01
2026-07-23 02:15:00+00:00,65736.0,65763.66,65653.23,65746.01
2026-07-23 02:30:00+00:00,65746.0,65829.12,65723.52,65780.0
2026-07-23 02:45:00+00:00,65780.0,65843.25,65762.03,65805.34
2026-07-23 03:00:00+00:00,65805.35,65816.0,65593.96,65633.99
2026-07-23 03:15:00+00:00,65633.99,65688.0,65585.11,65641.69
2026-07-23 03:30:00+00:00,65641.7,65705.3,65630.0,65691.79
2026-07-23 03:45:00+00:00,65691.79,65691.79,65645.24,65662.53
2026-07-23 04:00:00+00:00,65662.53,65672.0,65590.12,65672.0
2026-07-23 04:15:00+00:00,65672.0,65738.99,65638.23,65694.99
2026-07-23 04:30:00+00:00,65694.99,65699.82,65617.07,65631.93
2026-07-23 04:45:00+00:00,65631.93,65677.13,65594.61,65616.48
2026-07-23 05:00:00+00:00,65616.49,65646.0,65570.12,65642.63
2026-07-23 05:15:00+00:00,65642.63,65724.0,65605.09,65724.0
2026-07-23 05:30:00+00:00,65724.0,65797.93,65707.69,65738.72
2026-07-23 05:45:00+00:00,65738.72,65763.99,65650.0,65691.01
2026-07-23 06:00:00+00:00,65691.01,65721.99,65628.24,65671.84
2026-07-23 06:15:00+00:00,65671.83,65751.25,65625.2,65751.25
2026-07-23 06:30:00+00:00,65751.24,65787.99,65711.07,65774.34
2026-07-23 06:45:00+00:00,65774.34,65821.17,65772.6,65790.0
2026-07-23 07:00:00+00:00,65790.0,65790.0,65351.02,65455.92
2026-07-23 07:15:00+00:00,65455.93,65488.0,65409.12,65436.85
2026-07-23 07:30:00+00:00,65436.85,65463.82,65389.54,65399.39
2026-07-23 07:45:00+00:00,65399.39,65460.6,65372.12,65442.13
2026-07-23 08:00:00+00:00,65442.12,65566.0,65419.75,65538.01
2026-07-23 08:15:00+00:00,65538.0,65605.34,65510.41,65595.06
2026-07-23 08:30:00+00:00,65595.05,65665.99,65595.05,65635.86
2026-07-23 08:45:00+00:00,65635.86,65661.06,65600.0,65633.0
2026-07-23 09:00:00+00:00,65632.99,65741.09,65608.18,65678.83
2026-07-23 09:15:00+00:00,65678.84,65757.99,65668.35,65709.0
2026-07-23 09:30:00+00:00,65709.0,65741.34,65691.37,65731.61
2026-07-23 09:45:00+00:00,65731.6,65732.0,65622.31,65638.92
2026-07-23 10:00:00+00:00,65638.92,65721.56,65589.69,65721.56
2026-07-23 10:15:00+00:00,65721.56,65764.0,65679.77,65763.99
2026-07-23 10:30:00+00:00,65764.0,65789.14,65746.0,65781.99
2026-07-23 10:45:00+00:00,65782.0,65792.09,65722.43,65740.0
2026-07-23 11:00:00+00:00,65740.0,65740.01,65662.6,65713.21
2026-07-23 11:15:00+00:00,65713.22,65719.45,65626.0,65626.08
2026-07-23 11:30:00+00:00,65626.08,65639.41,65550.06,65557.14
2026-07-23 11:45:00+00:00,65557.15,65632.04,65540.93,65555.21
2026-07-23 12:00:00+00:00,65555.21,65589.41,65470.03,65513.39
2026-07-23 12:15:00+00:00,65513.4,65515.94,65378.19,65422.03
2026-07-23 12:30:00+00:00,65422.03,65422.03,65094.24,65115.99
2026-07-23 12:45:00+00:00,65116.0,65264.21,64988.05,65167.04
2026-07-23 13:00:00+00:00,65167.05,65221.29,65012.0,65040.34
2026-07-23 13:15:00+00:00,65040.33,65099.78,64947.95,65019.33
2026-07-23 13:30:00+00:00,65019.33,65200.0,64963.69,65092.0
2026-07-23 13:45:00+00:00,65092.0,65152.0,64863.62,64880.0
2026-07-23 14:00:00+00:00,64880.0,65081.64,64822.13,65049.99
2026-07-23 14:15:00+00:00,65050.0,65216.24,65016.0,65150.1
2026-07-23 14:30:00+00:00,65150.09,65209.5,65019.44,65029.94
2026-07-23 14:45:00+00:00,65029.93,65029.94,64847.31,64909.99
2026-07-23 15:00:00+00:00,64910.0,64922.63,64728.0,64772.01
2026-07-23 15:15:00+00:00,64772.01,64956.89,64764.0,64870.01
2026-07-23 15:30:00+00:00,64870.0,64984.0,64825.05,64909.24
2026-07-23 15:45:00+00:00,64909.23,65023.68,64868.06,64958.36
2026-07-23 16:00:00+00:00,64958.37,64961.15,64797.28,64871.97
2026-07-23 16:15:00+00:00,64871.97,64884.27,64754.0,64818.94
2026-07-23 16:30:00+00:00,64818.94,64818.94,64704.57,64748.34
2026-07-23 16:45:00+00:00,64748.33,64838.0,64731.78,64756.84
2026-07-23 17:00:00+00:00,64756.84,64819.71,64733.59,64777.4
2026-07-23 17:15:00+00:00,64777.4,64876.69,64744.9,64849.99
2026-07-23 17:30:00+00:00,64849.99,64900.0,64803.31,64834.0
2026-07-23 17:45:00+00:00,64833.99,64875.67,64650.0,64681.27
2026-07-23 18:00:00+00:00,64681.26,64778.38,64680.0,64742.0
2026-07-23 18:15:00+00:00,64742.01,64825.95,64707.89,64811.31
2026-07-23 18:30:00+00:00,64811.31,64879.7,64784.08,64818.9
2026-07-23 18:45:00+00:00,64818.9,64948.05,64818.89,64869.12
2026-07-23 19:00:00+00:00,64869.13,64934.75,64760.0,64812.06
2026-07-23 19:15:00+00:00,64812.05,64907.15,64794.29,64896.44
2026-07-23 19:30:00+00:00,64896.44,64930.0,64734.74,64760.0
2026-07-23 19:45:00+00:00,64760.01,64873.73,64686.56,64846.94
2026-07-23 20:00:00+00:00,64846.93,65059.05,64834.52,65054.11
2026-07-23 20:15:00+00:00,65054.11,65217.93,65050.5,65168.0
2026-07-23 20:30:00+00:00,65167.99,65174.0,65108.0,65124.3
2026-07-23 20:45:00+00:00,65124.3,65168.0,65109.99,65147.5
2026-07-23 21:00:00+00:00,65147.5,65210.35,65014.13,65050.0
2026-07-23 21:15:00+00:00,65049.99,65144.0,65014.0,65116.0
2026-07-23 21:30:00+00:00,65116.01,65116.01,65060.0,65102.0
2026-07-23 21:45:00+00:00,65102.0,65169.82,65101.07,65169.81
2026-07-23 22:00:00+00:00,65169.82,65220.91,65083.18,65100.0
2026-07-23 22:15:00+00:00,65100.0,65199.84,65013.94,65143.48
2026-07-23 22:30:00+00:00,65143.47,65227.99,65143.47,65210.05
2026-07-23 22:45:00+00:00,65210.04,65210.05,65138.0,65195.43
2026-07-23 23:00:00+00:00,65195.43,65218.75,65154.11,65200.0
2026-07-23 23:15:00+00:00,65200.0,65235.43,65142.03,65176.14
2026-07-23 23:30:00+00:00,65176.15,65209.34,65144.54,65172.07
2026-07-23 23:45:00+00:00,65172.08,65185.62,65052.01,65098.97
2026-07-24 00:00:00+00:00,65098.98,65113.86,64894.84,64934.67
2026-07-24 00:15:00+00:00,64934.68,64990.68,64881.53,64881.54
2026-07-24 00:30:00+00:00,64881.54,64913.7,64762.18,64856.0
2026-07-24 00:45:00+00:00,64856.0,64974.0,64852.0,64973.99
2026-07-24 01:00:00+00:00,64974.0,65125.52,64944.37,65045.41
2026-07-24 01:15:00+00:00,65045.4,65116.54,64996.0,65018.57
2026-07-24 01:30:00+00:00,65018.56,65168.0,65018.56,65100.2
2026-07-24 01:45:00+00:00,65100.2,65130.15,65064.0,65086.0
2026-07-24 02:00:00+00:00,65086.0,65187.57,65064.0,65170.01
2026-07-24 02:15:00+00:00,65170.0,65173.94,65080.47,65163.01
2026-07-24 02:30:00+00:00,65163.0,65163.01,64925.45,65059.98
2026-07-24 02:45:00+00:00,65059.98,65116.99,64942.0,65116.99
2026-07-24 03:00:00+00:00,65116.99,65319.79,65078.0,65316.86
2026-07-24 03:15:00+00:00,65316.85,65400.0,65305.54,65324.21
2026-07-24 03:30:00+00:00,65324.21,65415.26,65278.0,65411.98
2026-07-24 03:45:00+00:00,65411.98,65464.35,65391.39,65456.7
2026-07-24 04:00:00+00:00,65456.7,65469.86,65388.7,65392.0
2026-07-24 04:15:00+00:00,65392.0,65443.29,65333.97,65418.01
2026-07-24 04:30:00+00:00,65418.0,65418.0,65304.01,65332.88
2026-07-24 04:45:00+00:00,65332.88,65354.01,65272.26,65318.0
2026-07-24 05:00:00+00:00,65318.01,65394.0,65248.0,65351.66
2026-07-24 05:15:00+00:00,65351.66,65375.62,65322.74,65334.3
2026-07-24 05:30:00+00:00,65334.3,65334.3,65264.83,65309.1
2026-07-24 05:45:00+00:00,65309.09,65332.81,65284.4,65325.0
2026-07-24 06:00:00+00:00,65325.01,65380.45,65278.07,65380.45
2026-07-24 06:15:00+00:00,65380.44,65499.0,65362.07,65468.0
2026-07-24 06:30:00+00:00,65468.0,65519.93,65381.76,65459.45
2026-07-24 06:45:00+00:00,65459.44,65483.9,65431.15,65472.0
2026-07-24 07:00:00+00:00,65472.0,65772.0,65471.99,65765.0
2026-07-24 07:15:00+00:00,65764.99,65808.59,65616.1,65641.31
2026-07-24 07:30:00+00:00,65641.31,65696.99,65320.69,65369.2
2026-07-24 07:45:00+00:00,65369.2,65506.4,65361.22,65499.95
2026-07-24 08:00:00+00:00,65499.94,65508.17,65425.98,65438.95
2026-07-24 08:15:00+00:00,65438.96,65478.2,65312.0,65390.01
2026-07-24 08:30:00+00:00,65390.01,65451.99,65390.0,65445.35
2026-07-24 08:45:00+00:00,65445.36,65449.25,65302.18,65302.18
2026-07-24 09:00:00+00:00,65302.18,65314.66,65045.34,65045.34
2026-07-24 09:15:00+00:00,65045.34,65069.87,64952.38,64965.43
2026-07-24 09:30:00+00:00,64965.43,65096.0,64960.67,65080.01
2026-07-24 09:45:00+00:00,65080.0,65136.0,65074.0,65113.13
2026-07-24 10:00:00+00:00,65113.13,65157.99,65000.0,65001.88
2026-07-24 10:15:00+00:00,65001.89,65025.0,64968.56,65014.0
2026-07-24 10:30:00+00:00,65013.99,65050.0,65000.0,65022.21
2026-07-24 10:45:00+00:00,65022.2,65039.37,64906.85,64950.0
2026-07-24 11:00:00+00:00,64950.01,65024.86,64920.0,65000.01
2026-07-24 11:15:00+00:00,65000.0,65069.05,65000.0,65035.94
2026-07-24 11:30:00+00:00,65035.95,65052.0,64944.0,64946.31
2026-07-24 11:45:00+00:00,64946.32,65099.99,64857.14,65083.43
2026-07-24 12:00:00+00:00,65083.42,65101.99,64987.84,65072.63
2026-07-24 12:15:00+00:00,65072.63,65133.99,65022.87,65026.63
2026-07-24 12:30:00+00:00,65026.64,65058.56,64927.52,64927.52
2026-07-24 12:45:00+00:00,64927.53,64954.95,64766.0,64780.01
2026-07-24 13:00:00+00:00,64780.0,64802.0,64360.91,64375.34
2026-07-24 13:15:00+00:00,64375.34,64542.0,64350.04,64381.99
2026-07-24 13:30:00+00:00,64381.99,64412.95,64210.1,64411.99
2026-07-24 13:45:00+00:00,64411.99,64442.0,63920.01,64155.46
2026-07-24 14:00:00+00:00,64155.47,64198.3,63973.38,63977.84
2026-07-24 14:15:00+00:00,63977.83,63991.55,63739.75,63860.33
2026-07-24 14:30:00+00:00,63860.34,63885.33,63794.42,63832.01
2026-07-24 14:45:00+00:00,63832.0,64055.12,63743.62,64055.12
2026-07-24 15:00:00+00:00,64055.11,64144.9,63858.0,64142.01
2026-07-24 15:15:00+00:00,64142.01,64193.36,63963.99,64128.56
2026-07-24 15:30:00+00:00,64128.55,64333.33,64057.72,64170.09
2026-07-24 15:45:00+00:00,64170.08,64216.02,64038.86,64093.85
2026-07-24 16:00:00+00:00,64093.86,64200.0,64020.86,64138.0
2026-07-24 16:15:00+00:00,64138.0,64170.0,64086.0,64092.36
2026-07-24 16:30:00+00:00,64092.36,64092.36,63942.43,63942.44
2026-07-24 16:45:00+00:00,63942.43,64009.81,63881.46,63958.0
2026-07-24 17:00:00+00:00,63958.01,64009.81,63905.51,63962.84
2026-07-24 17:15:00+00:00,63962.85,64144.0,63949.61,64098.06
2026-07-24 17:30:00+00:00,64098.06,64195.46,64094.0,64171.49
2026-07-24 17:45:00+00:00,64171.49,64202.91,64132.38,64180.0
2026-07-24 18:00:00+00:00,64180.0,64211.11,64149.99,64209.32
2026-07-24 18:15:00+00:00,64209.33,64209.33,64129.75,64142.31
2026-07-24 18:30:00+00:00,64142.31,64182.55,64131.71,64173.49
2026-07-24 18:45:00+00:00,64173.49,64290.1,64165.63,64272.0
2026-07-24 19:00:00+00:00,64272.01,64292.44,64141.18,64144.75
2026-07-24 19:15:00+00:00,64144.75,64217.87,64144.75,64201.69
2026-07-24 19:30:00+00:00,64201.69,64274.0,64197.19,64252.0
2026-07-24 19:45:00+00:00,64252.0,64264.0,64176.0,64225.32
2026-07-24 20:00:00+00:00,64225.32,64288.02,64194.96,64210.97
2026-07-24 20:15:00+00:00,64210.97,64266.47,64195.68,64238.47
2026-07-24 20:30:00+00:00,64238.46,64238.47,64128.89,64182.0
2026-07-24 20:45:00+00:00,64182.0,64193.21,64136.0,64170.23
2026-07-24 21:00:00+00:00,64170.24,64222.15,64138.0,64156.99
2026-07-24 21:15:00+00:00,64157.0,64258.73,64146.99,64180.0
2026-07-24 21:30:00+00:00,64180.0,64208.78,64135.99,64174.0
2026-07-24 21:45:00+00:00,64174.0,64184.38,64122.29,64155.0
2026-07-24 22:00:00+00:00,64155.0,64173.99,64121.86,64160.01
2026-07-24 22:15:00+00:00,64160.01,64196.99,64150.0,64167.13
2026-07-24 22:30:00+00:00,64167.14,64216.27,64162.35,64179.99
2026-07-24 22:45:00+00:00,64180.0,64191.0,64167.62,64169.01
2026-07-24 23:00:00+00:00,64169.01,64180.91,64149.99,64149.99
2026-07-24 23:15:00+00:00,64150.0,64176.39,64139.01,64176.39
2026-07-24 23:30:00+00:00,64176.39,64187.4,64139.21,64179.95
2026-07-24 23:45:00+00:00,64179.96,64179.96,64134.71,64139.99
2026-07-25 00:00:00+00:00,64140.0,64179.03,64134.99,64135.0
2026-07-25 00:15:00+00:00,64135.0,64165.12,64129.99,64149.8
2026-07-25 00:30:00+00:00,64149.8,64163.88,64080.66,64102.95
2026-07-25 00:45:00+00:00,64102.94,64102.94,64033.18,64073.61
2026-07-25 01:00:00+00:00,64073.61,64160.0,64008.77,64022.67
2026-07-25 01:15:00+00:00,64022.68,64081.22,64006.55,64056.01
2026-07-25 01:30:00+00:00,64056.0,64129.59,64038.0,64129.58
2026-07-25 01:45:00+00:00,64129.59,64147.19,64068.0,64068.01
2026-07-25 02:00:00+00:00,64068.0,64099.99,64062.79,64086.01
2026-07-25 02:15:00+00:00,64086.0,64086.0,64033.97,64060.0
2026-07-25 02:30:00+00:00,64059.99,64060.0,64024.41,64053.75
2026-07-25 02:45:00+00:00,64053.75,64054.15,64017.87,64052.0
2026-07-25 03:00:00+00:00,64052.01,64074.36,64016.65,64034.0
2026-07-25 03:15:00+00:00,64033.99,64103.67,64033.99,64080.0
2026-07-25 03:30:00+00:00,64080.0,64105.61,64068.0,64093.21
2026-07-25 03:45:00+00:00,64093.21,64096.15,64047.44,64085.36
2026-07-25 04:00:00+00:00,64085.36,64129.62,64085.36,64129.61
2026-07-25 04:15:00+00:00,64129.62,64134.0,64098.2,64104.98
2026-07-25 04:30:00+00:00,64104.98,64190.13,64085.15,64190.01
2026-07-25 04:45:00+00:00,64190.0,64205.67,64150.05,64181.46
2026-07-25 05:00:00+00:00,64181.45,64199.76,64149.37,64149.99
2026-07-25 05:15:00+00:00,64150.0,64155.51,64139.99,64150.56
2026-07-25 05:30:00+00:00,64150.55,64150.56,64021.76,64036.89
2026-07-25 05:45:00+00:00,64036.9,64046.01,63980.01,64024.0
2026-07-25 06:00:00+00:00,64024.0,64054.64,64009.99,64054.63
2026-07-25 06:15:00+00:00,64054.64,64063.37,63979.99,64012.0
2026-07-25 06:30:00+00:00,64012.0,64027.64,63967.72,63991.43
2026-07-25 06:45:00+00:00,63991.42,64010.0,63964.57,64010.0
2026-07-25 07:00:00+00:00,64010.0,64028.66,64009.99,64021.07
2026-07-25 07:15:00+00:00,64021.07,64038.0,64000.0,64025.26
2026-07-25 07:30:00+00:00,64025.26,64038.52,64003.23,64030.75
2026-07-25 07:45:00+00:00,64030.75,64038.0,64003.19,64003.2
2026-07-25 08:00:00+00:00,64003.2,64010.01,63919.91,63961.68
2026-07-25 08:15:00+00:00,63961.68,63996.96,63961.67,63996.95
2026-07-25 08:30:00+00:00,63996.95,64005.4,63954.0,63957.27
2026-07-25 08:45:00+00:00,63957.28,63961.13,63810.0,63876.06
2026-07-25 09:00:00+00:00,63876.07,63918.0,63830.0,63873.17
2026-07-25 09:15:00+00:00,63873.18,63942.0,63873.18,63941.99
2026-07-25 09:30:00+00:00,63941.99,63955.04,63925.3,63937.73
2026-07-25 09:45:00+00:00,63937.73,64024.72,63937.73,63999.99
2026-07-25 10:00:00+00:00,64000.0,64043.74,64000.0,64043.74
2026-07-25 10:15:00+00:00,64043.74,64050.15,64022.26,64036.38
2026-07-25 10:30:00+00:00,64036.37,64036.37,63996.0,64030.06
2026-07-25 10:45:00+00:00,64030.07,64070.0,64020.0,64070.0
2026-07-25 11:00:00+00:00,64069.99,64094.77,64047.09,64073.2
2026-07-25 11:15:00+00:00,64073.21,64087.62,64063.59,64086.54
2026-07-25 11:30:00+00:00,64086.55,64113.0,64053.0,64053.01
2026-07-25 11:45:00+00:00,64053.01,64075.96,64053.0,64064.01
2026-07-25 12:00:00+00:00,64064.01,64079.78,64045.56,64062.01
2026-07-25 12:15:00+00:00,64062.01,64066.0,64044.33,64050.0
2026-07-25 12:30:00+00:00,64050.01,64094.84,64043.0,64093.99
2026-07-25 12:45:00+00:00,64093.99,64123.8,64093.99,64123.8
2026-07-25 13:00:00+00:00,64123.8,64136.42,64117.37,64130.97
2026-07-25 13:15:00+00:00,64130.96,64136.45,64106.74,64132.0
2026-07-25 13:30:00+00:00,64132.01,64200.0,64116.97,64199.98
2026-07-25 13:45:00+00:00,64199.98,64267.78,64143.0,64172.0
2026-07-25 14:00:00+00:00,64172.01,64174.24,64126.0,64173.0
2026-07-25 14:15:00+00:00,64172.99,64182.0,64136.0,64160.81
2026-07-25 14:30:00+00:00,64160.82,64204.59,64160.81,64197.98
2026-07-25 14:45:00+00:00,64197.98,64217.09,64175.01,64214.04
2026-07-25 15:00:00+00:00,64214.05,64258.45,64188.38,64245.14
2026-07-25 15:15:00+00:00,64245.15,64272.0,64200.0,64200.01
2026-07-25 15:30:00+00:00,64200.01,64242.61,64183.01,64215.56
2026-07-25 15:45:00+00:00,64215.56,64217.73,64169.99,64182.0
2026-07-25 16:00:00+00:00,64182.01,64208.5,64153.78,64208.0
2026-07-25 16:15:00+00:00,64207.99,64208.0,64123.0,64142.26
2026-07-25 16:30:00+00:00,64142.26,64203.0,64142.14,64202.99
2026-07-25 16:45:00+00:00,64203.0,64241.71,64190.0,64206.6
2026-07-25 17:00:00+00:00,64206.61,64236.0,64194.37,64203.78
2026-07-25 17:15:00+00:00,64203.79,64281.28,64203.79,64271.93
2026-07-25 17:30:00+00:00,64271.93,64321.57,64256.0,64288.95
2026-07-25 17:45:00+00:00,64288.94,64356.0,64250.58,64267.4
2026-07-25 18:00:00+00:00,64267.41,64420.0,64267.41,64360.01
2026-07-25 18:15:00+00:00,64360.01,64420.0,64346.36,64419.99
2026-07-25 18:30:00+00:00,64420.0,64475.28,64388.37,64396.0
2026-07-25 18:45:00+00:00,64396.0,64446.71,64392.44,64415.99
2026-07-25 19:00:00+00:00,64415.99,64438.12,64404.0,64436.01
2026-07-25 19:15:00+00:00,64436.0,64436.01,64396.0,64409.64
2026-07-25 19:30:00+00:00,64409.64,64412.91,64399.55,64399.57
2026-07-25 19:45:00+00:00,64399.57,64428.0,64388.38,64388.38
2026-07-25 20:00:00+00:00,64388.39,64392.74,64344.0,64378.01
2026-07-25 20:15:00+00:00,64378.0,64391.04,64343.0,64371.35
2026-07-25 20:30:00+00:00,64371.35,64371.35,64319.41,64323.53
2026-07-25 20:45:00+00:00,64323.52,64351.45,64313.0,64339.75
2026-07-25 21:00:00+00:00,64339.75,64339.75,64263.03,64277.99
2026-07-25 21:15:00+00:00,64278.0,64293.16,64263.03,64291.93
2026-07-25 21:30:00+00:00,64291.94,64371.88,64291.93,64333.86
2026-07-25 21:45:00+00:00,64333.86,64430.0,64333.86,64344.02
2026-07-25 22:00:00+00:00,64344.02,64406.01,64344.01,64406.0
2026-07-25 22:15:00+00:00,64406.0,64421.58,64376.68,64395.91
2026-07-25 22:30:00+00:00,64395.92,64413.39,64359.12,64413.0
2026-07-25 22:45:00+00:00,64413.0,64426.0,64364.82,64412.0
2026-07-25 23:00:00+00:00,64412.01,64429.38,64399.99,64400.0
2026-07-25 23:15:00+00:00,64400.0,64420.29,64393.01,64398.0
2026-07-25 23:30:00+00:00,64398.0,64427.88,64382.01,64382.01
2026-07-25 23:45:00+00:00,64382.02,64392.42,64363.0,64375.0
2026-07-26 00:00:00+00:00,64375.01,64434.0,64350.0,64433.99
2026-07-26 00:15:00+00:00,64433.99,64486.0,64420.01,64474.87
2026-07-26 00:30:00+00:00,64474.86,64482.0,64414.05,64423.89
2026-07-26 00:45:00+00:00,64423.88,64507.0,64406.0,64506.99
2026-07-26 01:00:00+00:00,64506.99,64541.66,64466.0,64500.0
2026-07-26 01:15:00+00:00,64500.0,64502.96,64472.16,64474.05
2026-07-26 01:30:00+00:00,64474.06,64498.62,64466.76,64480.0
2026-07-26 01:45:00+00:00,64480.0,64488.18,64456.67,64462.0
2026-07-26 02:00:00+00:00,64462.0,64475.52,64427.59,64474.0
2026-07-26 02:15:00+00:00,64474.0,64476.0,64446.0,64474.0
2026-07-26 02:30:00+00:00,64474.0,64480.0,64432.99,64440.0
2026-07-26 02:45:00+00:00,64440.0,64527.59,64440.0,64527.56
2026-07-26 03:00:00+00:00,64527.57,64578.21,64488.73,64576.0
2026-07-26 03:15:00+00:00,64575.99,64576.01,64537.01,64563.0
2026-07-26 03:30:00+00:00,64563.01,64582.0,64545.18,64545.36
2026-07-26 03:45:00+00:00,64545.35,64557.01,64530.15,64557.0
2026-07-26 04:00:00+00:00,64557.0,64557.01,64505.28,64505.29
2026-07-26 04:15:00+00:00,64505.28,64549.22,64491.73,64549.22
2026-07-26 04:30:00+00:00,64549.22,64579.98,64534.85,64579.98
2026-07-26 04:45:00+00:00,64579.98,64599.95,64508.01,64530.06
2026-07-26 05:00:00+00:00,64530.06,64530.07,64495.47,64520.0
2026-07-26 05:15:00+00:00,64520.0,64520.0,64493.0,64493.0
2026-07-26 05:30:00+00:00,64493.01,64493.01,64403.95,64475.68
2026-07-26 05:45:00+00:00,64475.67,64475.68,64417.68,64417.69
2026-07-26 06:00:00+00:00,64417.68,64437.88,64350.0,64350.0
2026-07-26 06:15:00+00:00,64350.0,64357.42,64293.81,64301.76
2026-07-26 06:30:00+00:00,64301.76,64400.01,64301.76,64374.0
2026-07-26 06:45:00+00:00,64373.99,64457.55,64373.99,64438.0
2026-07-26 07:00:00+00:00,64438.01,64460.0,64398.28,64428.01
2026-07-26 07:15:00+00:00,64428.01,64438.16,64357.84,64367.98
2026-07-26 07:30:00+00:00,64367.98,64375.72,64341.99,64342.0
2026-07-26 07:45:00+00:00,64341.99,64375.74,64341.99,64370.0
2026-07-26 08:00:00+00:00,64370.0,64392.73,64353.0,64392.73
2026-07-26 08:15:00+00:00,64392.72,64412.99,64374.4,64394.0
2026-07-26 08:30:00+00:00,64394.0,64442.2,64393.99,64442.19
2026-07-26 08:45:00+00:00,64442.19,64493.99,64442.19,64480.01
2026-07-26 09:00:00+00:00,64480.02,64510.01,64478.38,64499.98
2026-07-26 09:15:00+00:00,64499.98,64545.36,64499.98,64530.01
2026-07-26 09:30:00+00:00,64530.01,64543.1,64513.0,64543.1
2026-07-26 09:45:00+00:00,64543.09,64549.02,64538.0,64538.0
2026-07-26 10:00:00+00:00,64538.01,64538.01,64503.95,64509.96
2026-07-26 10:15:00+00:00,64509.97,64540.0,64497.62,64518.3
2026-07-26 10:30:00+00:00,64518.29,64549.99,64518.29,64549.99
2026-07-26 10:45:00+00:00,64549.98,64573.73,64515.39,64515.4
2026-07-26 11:00:00+00:00,64515.39,64535.99,64509.99,64510.17
2026-07-26 11:15:00+00:00,64510.18,64522.0,64503.95,64503.95
2026-07-26 11:30:00+00:00,64503.96,64503.96,64495.17,64495.17
2026-07-26 11:45:00+00:00,64495.18,64515.22,64495.17,64507.35
2026-07-26 12:00:00+00:00,64507.36,64662.99,64507.35,64609.01
2026-07-26 12:15:00+00:00,64609.02,64620.22,64516.0,64572.82
2026-07-26 12:30:00+00:00,64572.81,64572.82,64503.95,64503.95
2026-07-26 12:45:00+00:00,64503.96,64503.96,64434.0,64466.67
2026-07-26 13:00:00+00:00,64466.68,64468.59,64414.0,64423.61
2026-07-26 13:15:00+00:00,64423.61,64514.0,64423.6,64470.02
2026-07-26 13:30:00+00:00,64470.01,64556.0,64454.8,64555.99
2026-07-26 13:45:00+00:00,64556.0,64571.42,64503.18,64518.0
2026-07-26 14:00:00+00:00,64517.99,64768.23,64517.99,64709.96
2026-07-26 14:15:00+00:00,64709.96,64709.97,64624.28,64630.31
2026-07-26 14:30:00+00:00,64630.31,64724.0,64624.28,64693.0
2026-07-26 14:45:00+00:00,64692.99,64758.86,64683.0,64712.99
2026-07-26 15:00:00+00:00,64713.0,64774.27,64673.42,64673.42
2026-07-26 15:15:00+00:00,64673.42,64783.0,64673.42,64757.56
2026-07-26 15:30:00+00:00,64757.56,64827.0,64734.0,64800.84
2026-07-26 15:45:00+00:00,64800.83,64800.84,64743.0,64768.0
2026-07-26 16:00:00+00:00,64768.0,64798.39,64703.23,64718.97
2026-07-26 16:15:00+00:00,64718.96,64814.17,64718.96,64801.26
2026-07-26 16:30:00+00:00,64801.25,64940.51,64801.25,64830.0
2026-07-26 16:45:00+00:00,64829.99,64838.75,64734.16,64734.17
2026-07-26 17:00:00+00:00,64734.17,64772.0,64676.91,64772.0
2026-07-26 17:15:00+00:00,64771.99,64794.45,64710.53,64715.27
2026-07-26 17:30:00+00:00,64715.26,64753.0,64668.91,64681.99
2026-07-26 17:45:00+00:00,64681.99,64704.0,64673.06,64697.2
2026-07-26 18:00:00+00:00,64697.21,64705.99,64680.97,64683.01
2026-07-26 18:15:00+00:00,64683.0,64698.66,64668.91,64688.61
2026-07-26 18:30:00+00:00,64688.61,64721.05,64676.72,64703.52
2026-07-26 18:45:00+00:00,64703.51,64769.99,64703.51,64734.38
2026-07-26 19:00:00+00:00,64734.39,64741.83,64671.91,64671.93
2026-07-26 19:15:00+00:00,64671.93,64742.45,64671.92,64720.01
2026-07-26 19:30:00+00:00,64720.01,64753.0,64720.0,64722.36
2026-07-26 19:45:00+00:00,64722.35,64722.36,64693.17,64695.52
2026-07-26 20:00:00+00:00,64695.52,64703.36,64683.8,64691.71
2026-07-26 20:15:00+00:00,64691.71,64691.71,64631.57,64649.99
2026-07-26 20:30:00+00:00,64650.0,64669.99,64649.99,64662.72
2026-07-26 20:45:00+00:00,64662.72,64662.72,64649.03,64649.04
2026-07-26 21:00:00+00:00,64649.04,64719.75,64649.03,64698.1
2026-07-26 21:15:00+00:00,64698.09,64859.99,64695.92,64819.17
2026-07-26 21:30:00+00:00,64819.16,64844.44,64793.0,64793.01
2026-07-26 21:45:00+00:00,64793.01,64924.0,64793.01,64858.02
2026-07-26 22:00:00+00:00,64858.03,65244.0,64858.03,65206.96
2026-07-26 22:15:00+00:00,65206.96,65260.86,65170.0,65204.0
2026-07-26 22:30:00+00:00,65204.0,65502.6,65184.12,65467.66
2026-07-26 22:45:00+00:00,65467.67,65500.0,65378.0,65412.68
2026-07-26 23:00:00+00:00,65412.69,65577.0,65381.77,65408.51
2026-07-26 23:15:00+00:00,65408.52,65494.33,65312.0,65334.0
2026-07-26 23:30:00+00:00,65334.0,65409.01,65273.76,65407.21
2026-07-26 23:45:00+00:00,65407.2,65463.97,65351.28,65399.99
2026-07-27 00:00:00+00:00,65400.0,65418.81,65188.0,65227.32
2026-07-27 00:15:00+00:00,65227.33,65263.85,65108.0,65199.99
2026-07-27 00:30:00+00:00,65199.99,65229.99,65118.0,65160.28
2026-07-27 00:45:00+00:00,65160.29,65191.28,65065.46,65131.95
2026-07-27 01:00:00+00:00,65131.96,65206.84,65050.04,65057.84
2026-07-27 01:15:00+00:00,65057.85,65084.0,64992.0,65019.88
2026-07-27 01:30:00+00:00,65019.89,65119.85,64892.03,65096.28
2026-07-27 01:45:00+00:00,65096.29,65225.75,65084.0,65206.21
2026-07-27 02:00:00+00:00,65206.21,65220.0,65160.0,65206.01
2026-07-27 02:15:00+00:00,65206.0,65249.74,65154.02,65186.54
2026-07-27 02:30:00+00:00,65186.54,65281.64,65118.08,65239.45
2026-07-27 02:45:00+00:00,65239.44,65265.64,65126.77,65172.0
2026-07-27 03:00:00+00:00,65172.02,65290.0,65161.99,65279.99
2026-07-27 03:15:00+00:00,65280.0,65341.77,65263.83,65319.99
2026-07-27 03:30:00+00:00,65319.99,65359.98,65254.0,65356.7
2026-07-27 03:45:00+00:00,65356.7,65367.73,65269.99,65284.0
2026-07-27 04:00:00+00:00,65284.0,65374.79,65242.69,65318.51
2026-07-27 04:15:00+00:00,65318.51,65500.0,65288.26,65325.33
2026-07-27 04:30:00+00:00,65325.32,65436.87,65252.3,65393.82
2026-07-27 04:45:00+00:00,65393.81,65393.82,65282.8,65282.8
2026-07-27 05:00:00+00:00,65282.81,65396.01,65282.8,65372.48
2026-07-27 05:15:00+00:00,65372.48,65438.0,65340.0,65411.99
2026-07-27 05:30:00+00:00,65411.99,65424.01,65370.0,65384.0
2026-07-27 05:45:00+00:00,65384.0,65493.38,65351.62,65468.38
2026-07-27 06:00:00+00:00,65468.38,65744.6,65459.42,65597.41
2026-07-27 06:15:00+00:00,65597.4,65640.0,65462.14,65492.54
2026-07-27 06:30:00+00:00,65492.54,65580.0,65471.87,65526.11
2026-07-27 06:45:00+00:00,65526.11,65530.0,65404.9,65416.76
2026-07-27 07:00:00+00:00,65416.77,65441.63,65346.52,65422.0
2026-07-27 07:15:00+00:00,65422.01,65447.02,65396.34,65410.49
2026-07-27 07:30:00+00:00,65410.5,65410.5,65217.16,65283.99
2026-07-27 07:45:00+00:00,65283.99,65326.0,65221.99,65221.99
2026-07-27 08:00:00+00:00,65221.99,65250.0,65166.66,65189.99
2026-07-27 08:15:00+00:00,65189.99,65258.0,65136.0,65239.57
2026-07-27 08:30:00+00:00,65239.58,65239.58,65158.87,65163.76
2026-07-27 08:45:00+00:00,65163.76,65207.37,65128.85,65162.98
2026-07-27 09:00:00+00:00,65162.98,65162.98,65100.0,65122.01
2026-07-27 09:15:00+00:00,65122.0,65234.0,65117.25,65225.67
2026-07-27 09:30:00+00:00,65225.68,65348.17,65210.37,65303.99
2026-07-27 09:45:00+00:00,65303.98,65308.67,65262.15,65262.17
2026-07-27 10:00:00+00:00,65262.18,65272.92,65230.01,65248.0
2026-07-27 10:15:00+00:00,65248.0,65390.0,65243.04,65348.01
2026-07-27 10:30:00+00:00,65348.01,65416.44,65344.5,65410.0
2026-07-27 10:45:00+00:00,65410.0,65432.0,65333.33,65333.35
2026-07-27 11:00:00+00:00,65333.35,65333.36,65242.06,65254.7
2026-07-27 11:15:00+00:00,65254.69,65265.94,65128.95,65128.95
2026-07-27 11:30:00+00:00,65128.95,65210.04,65118.08,65158.01
2026-07-27 11:45:00+00:00,65158.0,65158.0,65092.0,65100.79
2026-07-27 12:00:00+00:00,65100.79,65255.76,65076.98,65086.01
2026-07-27 12:15:00+00:00,65086.0,65144.0,65009.28,65009.29
2026-07-27 12:30:00+00:00,65009.28,65054.37,64836.0,65046.79
2026-07-27 12:45:00+00:00,65046.78,65134.37,65015.0,65086.0
2026-07-27 13:00:00+00:00,65086.0,65124.0,64968.0,64978.22
2026-07-27 13:15:00+00:00,64978.21,65055.93,64913.12,64947.6
2026-07-27 13:30:00+00:00,64947.6,65686.68,64943.66,65668.2
2026-07-27 13:45:00+00:00,65668.2,65718.0,65184.0,65217.37
2026-07-27 14:00:00+00:00,65217.38,65431.9,65134.36,65367.99
2026-07-27 14:15:00+00:00,65367.99,65396.26,64870.68,64870.69
2026-07-27 14:30:00+00:00,64870.69,64886.9,64459.82,64476.0
2026-07-27 14:45:00+00:00,64476.0,64710.0,64472.01,64687.45
2026-07-27 15:00:00+00:00,64687.45,64776.0,64579.22,64728.87
2026-07-27 15:15:00+00:00,64728.87,64774.0,64554.51,64658.0
2026-07-27 15:30:00+00:00,64658.0,64700.0,64418.01,64580.79
2026-07-27 15:45:00+00:00,64580.8,64637.79,64534.79,64554.01
2026-07-27 16:00:00+00:00,64554.0,64683.53,64538.54,64616.0
2026-07-27 16:15:00+00:00,64616.0,64796.0,64517.78,64734.01
2026-07-27 16:30:00+00:00,64734.0,64970.93,64734.0,64923.77
2026-07-27 16:45:00+00:00,64923.77,64949.99,64811.28,64898.52
2026-07-27 17:00:00+00:00,64898.53,64949.22,64794.37,64897.29
2026-07-27 17:15:00+00:00,64897.29,65061.86,64884.0,65002.55
2026-07-27 17:30:00+00:00,65002.55,65090.0,64996.0,65000.0
2026-07-27 17:45:00+00:00,65000.01,65031.81,64955.43,65019.81
2026-07-27 18:00:00+00:00,65019.81,65058.32,64962.67,64962.67
2026-07-27 18:15:00+00:00,64962.66,64962.66,64843.32,64918.87
2026-07-27 18:30:00+00:00,64918.87,64932.89,64755.67,64837.33
2026-07-27 18:45:00+00:00,64837.33,64880.72,64763.97,64878.0
2026-07-27 19:00:00+00:00,64878.0,65026.35,64810.9,64974.0
2026-07-27 19:15:00+00:00,64974.01,65029.3,64929.88,64996.01
2026-07-27 19:30:00+00:00,64996.01,65078.0,64972.01,64978.0
2026-07-27 19:45:00+00:00,64978.0,64984.0,64920.5,64984.0
2026-07-27 20:00:00+00:00,64983.99,65056.0,64944.0,64956.28
2026-07-27 20:15:00+00:00,64956.27,65015.24,64908.01,65015.24
2026-07-27 20:30:00+00:00,65015.24,65026.16,64950.0,64950.02
2026-07-27 20:45:00+00:00,64950.01,64964.01,64908.01,64960.65
2026-07-27 21:00:00+00:00,64960.64,64960.65,64900.0,64903.43
2026-07-27 21:15:00+00:00,64903.44,64903.44,64819.16,64828.38
2026-07-27 21:30:00+00:00,64828.37,64880.0,64790.28,64819.2
2026-07-27 21:45:00+00:00,64819.21,64869.91,64800.0,64821.25
2026-07-27 22:00:00+00:00,64821.26,64821.26,64671.07,64726.01
2026-07-27 22:15:00+00:00,64726.01,64757.93,64577.06,64602.71
2026-07-27 22:30:00+00:00,64602.7,64602.71,64150.0,64213.99
2026-07-27 22:45:00+00:00,64213.99,64225.82,63792.0,63792.0
2026-07-27 23:00:00+00:00,63792.01,63858.97,63605.56,63800.01
2026-07-27 23:15:00+00:00,63800.01,63940.27,63726.0,63882.56
2026-07-27 23:30:00+00:00,63882.38,63922.0,63634.0,63685.96
2026-07-27 23:45:00+00:00,63685.95,63790.0,63663.47,63755.86
2026-07-28 00:00:00+00:00,63755.86,63791.33,63500.0,63681.99
2026-07-28 00:15:00+00:00,63682.0,63827.49,63584.0,63704.3
2026-07-28 00:30:00+00:00,63704.3,63709.66,63570.98,63610.01
2026-07-28 00:45:00+00:00,63610.0,63619.71,63469.3,63487.88
2026-07-28 01:00:00+00:00,63487.88,63529.89,63059.39,63198.93
2026-07-28 01:15:00+00:00,63198.94,63356.85,63128.45,63315.51
2026-07-28 01:30:00+00:00,63315.51,63397.95,63180.0,63198.0
2026-07-28 01:45:00+00:00,63198.0,63316.69,63178.0,63230.83
2026-07-28 02:00:00+00:00,63230.82,63285.02,63163.93,63267.99
2026-07-28 02:15:00+00:00,63267.98,63305.94,63204.16,63235.97
2026-07-28 02:30:00+00:00,63235.96,63245.86,63123.0,63130.0
2026-07-28 02:45:00+00:00,63130.0,63206.44,63108.0,63185.59
2026-07-28 03:00:00+00:00,63185.59,63298.0,63168.01,63277.08
2026-07-28 03:15:00+00:00,63277.09,63346.3,63250.0,63300.62
2026-07-28 03:30:00+00:00,63300.63,63375.39,63228.57,63356.38
2026-07-28 03:45:00+00:00,63356.39,63369.99,63284.59,63343.83
2026-07-28 04:00:00+00:00,63343.82,63354.39,63285.01,63345.67
2026-07-28 04:15:00+00:00,63345.67,63361.85,63295.1,63295.11
2026-07-28 04:30:00+00:00,63295.1,63295.1,63221.26,63286.08
2026-07-28 04:45:00+00:00,63286.08,63354.55,63286.03,63350.95
2026-07-28 05:00:00+00:00,63350.95,63498.6,63323.09,63450.64
2026-07-28 05:15:00+00:00,63450.65,63623.5,63450.64,63545.26
2026-07-28 05:30:00+00:00,63545.26,63545.37,63432.38,63545.36
2026-07-28 05:45:00+00:00,63545.37,63561.03,63451.61,63451.61
2026-07-28 06:00:00+00:00,63451.62,63467.32,63395.13,63424.22
2026-07-28 06:15:00+00:00,63424.22,63526.86,63424.21,63521.99
2026-07-28 06:30:00+00:00,63522.0,63584.01,63506.05,63580.0
2026-07-28 06:45:00+00:00,63580.0,63660.72,63545.38,63640.63
2026-07-28 07:00:00+00:00,63640.63,63668.71,63539.55,63583.9
2026-07-28 07:15:00+00:00,63583.9,63590.0,63513.81,63575.76
2026-07-28 07:30:00+00:00,63575.76,63582.0,63488.0,63488.0
2026-07-28 07:45:00+00:00,63488.01,63528.35,63455.58,63505.99
2026-07-28 08:00:00+00:00,63506.0,63546.36,63440.62,63440.62
2026-07-28 08:15:00+00:00,63440.62,63494.26,63433.02,63479.99
2026-07-28 08:30:00+00:00,63480.0,63518.0,63420.0,63496.61
2026-07-28 08:45:00+00:00,63496.61,63512.0,63406.11,63428.08
2026-07-28 09:00:00+00:00,63428.07,63465.99,63396.0,63431.98
2026-07-28 09:15:00+00:00,63431.99,63499.76,63415.65,63496.3
2026-07-28 09:30:00+00:00,63496.29,63581.33,63481.03,63518.91
2026-07-28 09:45:00+00:00,63518.91,63556.31,63368.81,63393.99
2026-07-28 10:00:00+00:00,63393.99,63410.0,63322.0,63344.0
2026-07-28 10:15:00+00:00,63344.01,63429.83,63294.0,63386.91
2026-07-28 10:30:00+00:00,63386.91,63526.0,63370.0,63526.0
2026-07-28 10:45:00+00:00,63525.99,63555.18,63468.0,63473.47
2026-07-28 11:00:00+00:00,63473.48,63507.25,63366.02,63366.03
2026-07-28 11:15:00+00:00,63366.02,63593.0,63352.0,63453.29
2026-07-28 11:30:00+00:00,63453.28,63584.83,63368.0,63398.07
2026-07-28 11:45:00+00:00,63398.07,63513.88,63398.07,63450.0
2026-07-28 12:00:00+00:00,63449.99,63536.0,63430.33,63440.01
2026-07-28 12:15:00+00:00,63440.01,63512.12,63418.52,63424.0
2026-07-28 12:30:00+00:00,63424.0,63477.31,63364.96,63477.3
2026-07-28 12:45:00+00:00,63477.31,63570.0,63434.32,63546.65
2026-07-28 13:00:00+00:00,63546.65,63588.0,63481.29,63516.01
2026-07-28 13:15:00+00:00,63516.01,63516.01,63304.0,63310.01
2026-07-28 13:30:00+00:00,63310.0,63392.39,62890.0,62991.28
2026-07-28 13:45:00+00:00,62991.28,63120.03,62742.47,63104.0
2026-07-28 14:00:00+00:00,63104.0,63308.0,63103.99,63153.7
2026-07-28 14:15:00+00:00,63153.7,63247.39,62965.38,63184.91
2026-07-28 14:30:00+00:00,63184.91,63424.09,63156.0,63358.0
2026-07-28 14:45:00+00:00,63358.01,63550.0,63326.1,63412.45
2026-07-28 15:00:00+00:00,63412.45,63495.17,63269.28,63462.26
2026-07-28 15:15:00+00:00,63462.26,63986.21,63370.0,63754.28
2026-07-28 15:30:00+00:00,63754.28,63944.0,63700.0,63873.54
2026-07-28 15:45:00+00:00,63873.55,64026.62,63798.36,63928.47
2026-07-28 16:00:00+00:00,63928.46,63936.0,63803.94,63814.0
2026-07-28 16:15:00+00:00,63814.0,63950.0,63800.0,63842.0
2026-07-28 16:30:00+00:00,63842.01,63946.0,63773.65,63912.0
2026-07-28 16:45:00+00:00,63912.0,64100.0,63866.18,64043.26
2026-07-28 17:00:00+00:00,64043.27,64043.27,63791.86,63804.9
2026-07-28 17:15:00+00:00,63804.9,63834.0,63694.7,63736.01
2026-07-28 17:30:00+00:00,63736.01,63736.01,63504.0,63564.97
2026-07-28 17:45:00+00:00,63564.97,63687.19,63563.33,63685.88
2026-07-28 18:00:00+00:00,63685.88,63849.09,63680.91,63696.0
2026-07-28 18:15:00+00:00,63695.99,63741.12,63681.3,63701.24
2026-07-28 18:30:00+00:00,63701.24,63774.62,63672.26,63760.0
2026-07-28 18:45:00+00:00,63760.0,63796.0,63694.0,63734.49
2026-07-28 19:00:00+00:00,63734.49,63860.0,63734.49,63761.86
2026-07-28 19:15:00+00:00,63761.87,63800.0,63724.0,63754.0
2026-07-28 19:30:00+00:00,63754.01,63873.55,63688.42,63697.99
2026-07-28 19:45:00+00:00,63698.0,63904.0,63675.93,63904.0
2026-07-28 20:00:00+00:00,63904.0,63994.48,63880.0,63989.71
2026-07-28 20:15:00+00:00,63989.7,64018.39,63898.11,63902.86
2026-07-28 20:30:00+00:00,63902.87,63939.03,63881.68,63930.01
2026-07-28 20:45:00+00:00,63930.01,63942.97,63901.42,63917.55
2026-07-28 21:00:00+00:00,63917.55,63994.29,63914.01,63924.0
2026-07-28 21:15:00+00:00,63924.01,63928.0,63892.0,63920.0
2026-07-28 21:30:00+00:00,63920.0,64052.0,63904.0,64042.89
2026-07-28 21:45:00+00:00,64042.89,64073.3,63969.45,63972.44
2026-07-28 22:00:00+00:00,63972.44,64020.76,63906.5,63991.17
2026-07-28 22:15:00+00:00,63991.18,64020.76,63918.0,63918.01
2026-07-28 22:30:00+00:00,63918.0,63918.0,63862.39,63881.99
2026-07-28 22:45:00+00:00,63881.99,63881.99,63768.47,63783.71
2026-07-28 23:00:00+00:00,63783.72,63790.0,63602.52,63628.0
2026-07-28 23:15:00+00:00,63627.99,63665.38,63562.0,63638.57
2026-07-28 23:30:00+00:00,63638.58,63846.0,63638.58,63845.95
2026-07-28 23:45:00+00:00,63845.95,63956.4,63820.21,63915.0
2026-07-29 00:00:00+00:00,63915.0,64200.0,63914.99,64018.01
2026-07-29 00:15:00+00:00,64018.01,64092.0,63950.18,64012.0
2026-07-29 00:30:00+00:00,64012.0,64096.0,63873.54,64084.01
2026-07-29 00:45:00+00:00,64084.01,64188.75,63928.44,63953.99
2026-07-29 01:00:00+00:00,63954.0,63999.0,63798.62,63815.97
2026-07-29 01:15:00+00:00,63815.98,63946.0,63776.34,63909.99
2026-07-29 01:30:00+00:00,63909.99,63939.37,63795.25,63811.36
2026-07-29 01:45:00+00:00,63811.36,63832.27,63690.0,63705.06
2026-07-29 02:00:00+00:00,63705.07,63873.55,63658.0,63832.47
2026-07-29 02:15:00+00:00,63832.46,64023.74,63686.76,64023.74
2026-07-29 02:30:00+00:00,64023.73,64132.42,63954.0,64030.01
2026-07-29 02:45:00+00:00,64030.0,64044.0,63911.92,63979.96
2026-07-29 03:00:00+00:00,63979.96,64002.0,63856.54,63938.01
2026-07-29 03:15:00+00:00,63938.0,63970.0,63786.78,63798.0
2026-07-29 03:30:00+00:00,63797.99,63870.0,63710.0,63775.53
2026-07-29 03:45:00+00:00,63775.53,63800.0,63718.0,63753.03
2026-07-29 04:00:00+00:00,63753.04,63771.9,63598.0,63742.0
2026-07-29 04:15:00+00:00,63741.99,63834.51,63633.65,63808.0
2026-07-29 04:30:00+00:00,63807.99,63956.15,63779.44,63866.74
2026-07-29 04:45:00+00:00,63866.74,63970.92,63846.1,63968.34
2026-07-29 05:00:00+00:00,63968.34,64020.0,63932.29,63996.29
2026-07-29 05:15:00+00:00,63996.29,63997.29,63890.07,63950.01
2026-07-29 05:30:00+00:00,63950.0,64045.04,63919.42,64018.0
2026-07-29 05:45:00+00:00,64018.01,64094.2,64006.28,64067.32
2026-07-29 06:00:00+00:00,64067.32,64148.69,64026.64,64123.7
2026-07-29 06:15:00+00:00,64123.7,64409.97,64096.01,64403.0
2026-07-29 06:30:00+00:00,64403.0,64471.0,64386.01,64462.99
2026-07-29 06:45:00+00:00,64463.0,64463.0,64400.0,64435.62
2026-07-29 07:00:00+00:00,64435.63,64494.92,64402.67,64466.0
2026-07-29 07:15:00+00:00,64466.01,64508.0,64432.17,64507.98
2026-07-29 07:30:00+00:00,64507.98,64518.0,64441.31,64498.0
2026-07-29 07:45:00+00:00,64497.99,64575.99,64460.01,64561.0
2026-07-29 08:00:00+00:00,64561.01,64588.0,64359.35,64376.0
2026-07-29 08:15:00+00:00,64376.0,64403.71,64283.83,64301.99
2026-07-29 08:30:00+00:00,64301.99,64433.88,64284.03,64433.87
2026-07-29 08:45:00+00:00,64433.88,64523.68,64398.88,64417.31
2026-07-29 09:00:00+00:00,64417.31,64464.0,64386.94,64452.0
2026-07-29 09:15:00+00:00,64452.0,64478.6,64430.0,64461.82
2026-07-29 09:30:00+00:00,64461.81,64700.0,64461.81,64605.99
2026-07-29 09:45:00+00:00,64605.99,64744.81,64517.15,64698.0
2026-07-29 10:00:00+00:00,64698.01,64718.0,64626.05,64663.99
2026-07-29 10:15:00+00:00,64663.99,64700.0,64609.02,64623.59
2026-07-29 10:30:00+00:00,64623.59,64680.57,64567.56,64670.0
2026-07-29 10:45:00+00:00,64670.0,64670.0,64410.24,64469.83
2026-07-29 11:00:00+00:00,64469.84,64546.0,64440.0,64521.95
2026-07-29 11:15:00+00:00,64521.94,64591.73,64476.58,64492.48
2026-07-29 11:30:00+00:00,64492.47,64496.0,64422.5,64422.5
2026-07-29 11:45:00+00:00,64422.51,64507.54,64422.5,64507.54
2026-07-29 12:00:00+00:00,64507.53,64507.54,64433.87,64456.01
2026-07-29 12:15:00+00:00,64456.0,64456.0,64276.73,64342.02
2026-07-29 12:30:00+00:00,64342.01,64386.4,64282.01,64333.58
2026-07-29 12:45:00+00:00,64333.59,64341.0,64215.93,64276.81
2026-07-29 13:00:00+00:00,64276.82,64330.62,64224.59,64330.39
2026-07-29 13:15:00+00:00,64330.38,64334.0,64139.68,64205.38
2026-07-29 13:30:00+00:00,64205.39,64499.0,64148.07,64478.51
2026-07-29 13:45:00+00:00,64478.51,64667.18,64316.11,64664.7
2026-07-29 14:00:00+00:00,64664.69,64718.87,64240.9,64264.0
2026-07-29 14:15:00+00:00,64264.0,64402.0,64121.0,64198.96
2026-07-29 14:30:00+00:00,64198.96,64313.99,64049.55,64099.99
2026-07-29 14:45:00+00:00,64099.99,64259.98,64047.71,64108.01
2026-07-29 15:00:00+00:00,64108.01,64195.0,64062.0,64136.0
2026-07-29 15:15:00+00:00,64135.99,64158.0,63961.96,64093.49
2026-07-29 15:30:00+00:00,64093.49,64178.39,63971.78,63986.01
2026-07-29 15:45:00+00:00,63986.0,64048.19,63886.0,63964.01
2026-07-29 16:00:00+00:00,63964.01,64006.0,63900.0,63949.62
2026-07-29 16:15:00+00:00,63949.62,64146.53,63925.0,64026.01
2026-07-29 16:30:00+00:00,64026.0,64078.0,63624.15,63695.1
2026-07-29 16:45:00+00:00,63695.09,63834.0,63654.94,63808.33
2026-07-29 17:00:00+00:00,63808.33,63873.55,63709.19,63873.54
2026-07-29 17:15:00+00:00,63873.55,63873.55,63750.0,63756.17
2026-07-29 17:30:00+00:00,63756.17,63978.44,63731.01,63966.53
2026-07-29 17:45:00+00:00,63966.54,64286.71,63934.0,64269.83
2026-07-29 18:00:00+00:00,64269.83,64648.79,64256.0,64336.0
2026-07-29 18:15:00+00:00,64336.0,64393.54,63992.0,64098.0
2026-07-29 18:30:00+00:00,64098.0,64452.0,63758.0,64408.01
2026-07-29 18:45:00+00:00,64408.0,64637.03,64350.0,64501.52
2026-07-29 19:00:00+00:00,64501.52,64600.0,64180.38,64284.0
2026-07-29 19:15:00+00:00,64284.0,64420.0,63964.0,64033.77
2026-07-29 19:30:00+00:00,64033.77,64117.09,63850.0,63876.0
2026-07-29 19:45:00+00:00,63875.99,63902.0,63511.0,63589.46
2026-07-29 20:00:00+00:00,63589.46,63642.0,63378.09,63611.28
2026-07-29 20:15:00+00:00,63611.28,63718.89,63407.99,63530.52
2026-07-29 20:30:00+00:00,63530.52,63746.42,63506.0,63590.9
2026-07-29 20:45:00+00:00,63590.9,63618.58,63472.76,63522.01
2026-07-29 21:00:00+00:00,63522.01,63527.94,63267.34,63494.01
2026-07-29 21:15:00+00:00,63494.0,63575.6,63377.45,63575.59
2026-07-29 21:30:00+00:00,63575.58,63641.25,63547.54,63560.75
2026-07-29 21:45:00+00:00,63560.76,63860.0,63535.24,63860.0
2026-07-29 22:00:00+00:00,63860.0,64111.76,63859.99,64018.45
2026-07-29 22:15:00+00:00,64018.45,64131.44,63978.61,64045.86
2026-07-29 22:30:00+00:00,64045.86,64055.88,63927.89,64015.37
2026-07-29 22:45:00+00:00,64015.37,64027.81,63910.52,63942.5
2026-07-29 23:00:00+00:00,63942.5,63988.4,63899.0,63922.34
2026-07-29 23:15:00+00:00,63922.35,64067.12,63918.22,64005.07
2026-07-29 23:30:00+00:00,64005.08,64032.72,63929.09,64001.74
2026-07-29 23:45:00+00:00,64001.74,64060.0,63948.38,63984.28
2026-07-30 00:00:00+00:00,63984.29,64100.24,63983.0,64032.95
2026-07-30 00:15:00+00:00,64032.95,64125.61,63959.01,64006.01
2026-07-30 00:30:00+00:00,64006.0,64008.48,63694.0,63694.01
2026-07-30 00:45:00+00:00,63694.0,63750.0,63603.92,63696.72
2026-07-30 01:00:00+00:00,63696.73,63883.23,63691.9,63706.01
2026-07-30 01:15:00+00:00,63706.0,63839.53,63690.0,63834.0
2026-07-30 01:30:00+00:00,63834.0,64069.59,63833.99,64059.71
2026-07-30 01:45:00+00:00,64059.72,64370.0,64039.93,64266.0
2026-07-30 02:00:00+00:00,64266.01,64390.13,64237.63,64330.32
2026-07-30 02:15:00+00:00,64330.31,64411.76,64301.91,64354.01
2026-07-30 02:30:00+00:00,64354.01,64354.01,64218.0,64320.0
2026-07-30 02:45:00+00:00,64320.0,64320.0,64159.63,64189.99
2026-07-30 03:00:00+00:00,64190.0,64268.0,64133.99,64200.0
2026-07-30 03:15:00+00:00,64200.0,64300.91,64190.53,64267.98
2026-07-30 03:30:00+00:00,64267.99,64267.99,64140.5,64160.0
2026-07-30 03:45:00+00:00,64159.99,64222.0,64159.99,64161.98
2026-07-30 04:00:00+00:00,64161.98,64180.0,64107.33,64145.01
2026-07-30 04:15:00+00:00,64145.0,64145.01,64089.99,64090.0
2026-07-30 04:30:00+00:00,64089.99,64160.1,64064.02,64110.01
2026-07-30 04:45:00+00:00,64110.0,64150.0,64008.5,64023.99
2026-07-30 05:00:00+00:00,64024.0,64037.99,63941.13,63973.0
2026-07-30 05:15:00+00:00,63972.99,64016.0,63907.85,64013.06
2026-07-30 05:30:00+00:00,64013.06,64182.0,63996.54,64122.38
2026-07-30 05:45:00+00:00,64122.39,64156.0,63993.2,64033.89
2026-07-30 06:00:00+00:00,64033.9,64076.0,63982.68,64000.0
2026-07-30 06:15:00+00:00,64000.01,64078.0,63966.95,64078.0
2026-07-30 06:30:00+00:00,64078.0,64080.0,63972.0,64007.41
2026-07-30 06:45:00+00:00,64007.4,64018.0,63957.2,64002.0
2026-07-30 07:00:00+00:00,64001.99,64144.0,64001.99,64057.83
2026-07-30 07:15:00+00:00,64057.83,64144.06,63993.25,64062.01
2026-07-30 07:30:00+00:00,64062.01,64066.01,63943.29,64041.5
2026-07-30 07:45:00+00:00,64041.5,64041.5,63984.0,64026.0
2026-07-30 08:00:00+00:00,64026.0,64066.0,63982.0,64003.99
2026-07-30 08:15:00+00:00,64003.99,64343.46,63980.54,64268.0
2026-07-30 08:30:00+00:00,64268.0,64348.0,64234.0,64348.0
2026-07-30 08:45:00+00:00,64347.99,64358.99,64290.56,64308.01
2026-07-30 09:00:00+00:00,64308.01,64415.4,64283.8,64410.51
2026-07-30 09:15:00+00:00,64410.52,64525.99,64390.99,64496.01
2026-07-30 09:30:00+00:00,64496.02,64641.37,64496.01,64589.99
2026-07-30 09:45:00+00:00,64589.99,64639.07,64567.55,64567.56
2026-07-30 10:00:00+00:00,64567.55,64625.0,64562.0,64568.52
2026-07-30 10:15:00+00:00,64568.52,64631.71,64568.51,64624.01
2026-07-30 10:30:00+00:00,64624.01,64631.99,64569.95,64610.01
2026-07-30 10:45:00+00:00,64610.0,64621.07,64570.72,64570.72
2026-07-30 11:00:00+00:00,64570.72,64625.0,64542.73,64605.93
2026-07-30 11:15:00+00:00,64605.92,64666.0,64566.0,64576.01
2026-07-30 11:30:00+00:00,64576.01,64710.8,64547.69,64664.32
2026-07-30 11:45:00+00:00,64664.32,64885.18,64654.0,64788.0
2026-07-30 12:00:00+00:00,64788.01,65027.25,64788.0,64984.98
2026-07-30 12:15:00+00:00,64984.97,65043.94,64864.0,64885.37
2026-07-30 12:30:00+00:00,64885.37,64948.44,64837.56,64838.01
2026-07-30 12:45:00+00:00,64838.01,64941.32,64838.0,64925.0
2026-07-30 13:00:00+00:00,64925.0,64958.23,64815.7,64839.27
2026-07-30 13:15:00+00:00,64839.26,64878.51,64819.16,64830.0
2026-07-30 13:30:00+00:00,64829.99,65024.12,64689.02,65013.86
2026-07-30 13:45:00+00:00,65013.86,65176.6,64993.63,65022.01
2026-07-30 14:00:00+00:00,65022.0,65042.0,64717.83,64733.99
2026-07-30 14:15:00+00:00,64733.99,64854.0,64620.0,64780.01
2026-07-30 14:30:00+00:00,64780.01,64861.98,64734.1,64806.32
2026-07-30 14:45:00+00:00,64806.31,64845.99,64636.37,64683.97
2026-07-30 15:00:00+00:00,64683.97,64829.85,64607.31,64726.09
2026-07-30 15:15:00+00:00,64726.09,64888.0,64684.0,64686.21
2026-07-30 15:30:00+00:00,64686.21,64780.0,64640.31,64768.0
2026-07-30 15:45:00+00:00,64768.01,64798.0,64700.65,64730.3
2026-07-30 16:00:00+00:00,64730.29,64963.64,64729.56,64935.68
2026-07-30 16:15:00+00:00,64935.68,64950.0,64846.0,64885.39
2026-07-30 16:30:00+00:00,64885.4,64898.0,64770.0,64776.75
2026-07-30 16:45:00+00:00,64776.74,64850.53,64776.31,64818.01
2026-07-30 17:00:00+00:00,64818.01,64867.0,64772.0,64804.62
2026-07-30 17:15:00+00:00,64804.62,64962.83,64792.0,64944.96
2026-07-30 17:30:00+00:00,64944.96,64988.0,64819.16,64949.65
2026-07-30 17:45:00+00:00,64949.65,64950.03,64858.01,64872.0
2026-07-30 18:00:00+00:00,64871.99,64899.8,64820.01,64820.46
2026-07-30 18:15:00+00:00,64820.46,64820.47,64750.65,64799.03
2026-07-30 18:30:00+00:00,64799.02,64819.55,64714.09,64732.0
2026-07-30 18:45:00+00:00,64731.99,64732.0,64688.0,64702.8
2026-07-30 19:00:00+00:00,64702.8,64864.5,64702.79,64836.0
2026-07-30 19:15:00+00:00,64836.0,64904.0,64806.0,64888.5
2026-07-30 19:30:00+00:00,64888.5,64888.5,64826.25,64838.0
2026-07-30 19:45:00+00:00,64837.99,64862.0,64782.0,64800.0
2026-07-30 20:00:00+00:00,64800.0,64936.0,64785.28,64792.31
2026-07-30 20:15:00+00:00,64792.3,64874.0,64764.36,64794.05
2026-07-30 20:30:00+00:00,64794.06,64880.0,64752.12,64866.0
2026-07-30 20:45:00+00:00,64865.99,64888.6,64777.37,64777.37
2026-07-30 21:00:00+00:00,64777.38,64802.48,64735.39,64756.41
2026-07-30 21:15:00+00:00,64756.42,64760.0,64747.08,64748.59
2026-07-30 21:30:00+00:00,64748.59,64799.37,64740.54,64763.68
2026-07-30 21:45:00+00:00,64763.68,64775.74,64700.34,64735.53
2026-07-30 22:00:00+00:00,64735.53,64974.0,64668.91,64931.66
2026-07-30 22:15:00+00:00,64931.67,64996.9,64900.0,64994.4
2026-07-30 22:30:00+00:00,64995.43,65029.29,64868.96,64912.01
2026-07-30 22:45:00+00:00,64912.0,64923.18,64838.7,64851.16
2026-07-30 23:00:00+00:00,64851.16,64940.0,64830.0,64939.99
2026-07-30 23:15:00+00:00,64939.99,64945.87,64898.73,64933.99
2026-07-30 23:30:00+00:00,64934.0,65086.4,64772.0,64815.97
2026-07-30 23:45:00+00:00,64815.97,64891.44,64740.0,64780.02
2026-07-31 00:00:00+00:00,64780.03,64901.55,64757.27,64819.75
2026-07-31 00:15:00+00:00,64819.75,64822.0,64728.47,64775.01
2026-07-31 00:30:00+00:00,64775.01,64821.78,64740.27,64794.98
2026-07-31 00:45:00+00:00,64794.98,64804.0,64690.29,64724.91
2026-07-31 01:00:00+00:00,64724.92,65409.56,64724.92,65189.32
2026-07-31 01:15:00+00:00,65189.32,65225.74,65026.8,65184.08
2026-07-31 01:30:00+00:00,65184.09,65184.09,64824.58,64824.61
2026-07-31 01:45:00+00:00,64824.61,64894.0,64480.44,64564.01
2026-07-31 02:00:00+00:00,64564.0,64614.0,64467.0,64484.93
2026-07-31 02:15:00+00:00,64484.93,64484.93,64350.0,64353.78
2026-07-31 02:30:00+00:00,64353.78,64417.66,64203.58,64230.56
2026-07-31 02:45:00+00:00,64230.55,64360.0,64218.83,64297.79
2026-07-31 03:00:00+00:00,64297.79,64297.79,64172.0,64258.0
2026-07-31 03:15:00+00:00,64258.0,64422.0,64219.06,64382.33
2026-07-31 03:30:00+00:00,64382.34,64416.0,64298.0,64385.31
2026-07-31 03:45:00+00:00,64385.31,64439.81,64341.02,64370.0
2026-07-31 04:00:00+00:00,64370.0,64438.0,64350.0,64370.01
2026-07-31 04:15:00+00:00,64370.26,64372.0,64236.0,64335.79
2026-07-31 04:30:00+00:00,64335.8,64369.75,64288.0,64307.99
2026-07-31 04:45:00+00:00,64307.99,64334.0,64293.81,64300.0
2026-07-31 05:00:00+00:00,64299.99,64420.0,64299.99,64415.71
2026-07-31 05:15:00+00:00,64415.72,64421.68,64330.0,64330.01
2026-07-31 05:30:00+00:00,64330.01,64361.06,64293.82,64293.82
2026-07-31 05:45:00+00:00,64293.82,64380.05,64268.47,64363.06
2026-07-31 06:00:00+00:00,64363.06,64389.52,64324.22,64382.88
2026-07-31 06:15:00+00:00,64382.87,64458.89,64364.68,64458.89
2026-07-31 06:30:00+00:00,64458.88,64496.64,64274.0,64281.99
2026-07-31 06:45:00+00:00,64282.0,64282.0,64196.08,64231.97
2026-07-31 07:00:00+00:00,64231.97,64245.57,64017.84,64061.99
2026-07-31 07:15:00+00:00,64062.0,64096.75,64000.0,64000.0
2026-07-31 07:30:00+00:00,64000.01,64034.06,63878.11,63923.0
2026-07-31 07:45:00+00:00,63923.01,64019.9,63923.0,63950.01
2026-07-31 08:00:00+00:00,63950.01,63970.56,63862.0,63945.57
2026-07-31 08:15:00+00:00,63945.57,63987.36,63865.09,63962.0
2026-07-31 08:30:00+00:00,63961.99,63961.99,63816.62,63850.05
2026-07-31 08:45:00+00:00,63850.05,63904.65,63784.67,63834.01
2026-07-31 09:00:00+00:00,63834.01,63847.13,63756.0,63804.84
2026-07-31 09:15:00+00:00,63804.83,63804.84,63694.73,63694.74
2026-07-31 09:30:00+00:00,63694.74,63728.38,63638.18,63692.0
2026-07-31 09:45:00+00:00,63692.0,63749.99,63680.01,63715.9
2026-07-31 10:00:00+00:00,63715.91,63743.85,63610.0,63734.21
2026-07-31 10:15:00+00:00,63734.22,63827.58,63700.56,63824.88
2026-07-31 10:30:00+00:00,63824.88,63906.99,63824.87,63903.01
2026-07-31 10:45:00+00:00,63903.01,63951.77,63876.0,63918.67
2026-07-31 11:00:00+00:00,63918.68,64011.99,63905.75,63905.76
2026-07-31 11:15:00+00:00,63905.75,63975.86,63862.0,63902.0
2026-07-31 11:30:00+00:00,63902.01,63902.01,63844.44,63844.61
2026-07-31 11:45:00+00:00,63844.61,63856.0,63792.01,63805.51
2026-07-31 12:00:00+00:00,63805.5,63830.62,63706.0,63727.66
2026-07-31 12:15:00+00:00,63727.66,63774.0,63704.0,63746.63
2026-07-31 12:30:00+00:00,63746.63,63746.63,63627.66,63667.52
2026-07-31 12:45:00+00:00,63667.51,63763.06,63660.0,63754.01
2026-07-31 13:00:00+00:00,63754.01,63784.0,63720.0,63765.99
2026-07-31 13:15:00+00:00,63766.0,63849.19,63759.74,63825.52
2026-07-31 13:30:00+00:00,63825.52,63825.52,63465.57,63465.57
2026-07-31 13:45:00+00:00,63465.57,63529.99,63241.71,63270.73
2026-07-31 14:00:00+00:00,63270.72,63310.0,62466.0,62697.02
2026-07-31 14:15:00+00:00,62697.02,62748.0,62520.0,62642.15
2026-07-31 14:30:00+00:00,62642.23,62818.0,62600.0,62684.0
2026-07-31 14:45:00+00:00,62684.0,62809.91,62592.32,62682.06
2026-07-31 15:00:00+00:00,62682.05,62706.0,62555.0,62616.01
2026-07-31 15:15:00+00:00,62616.01,62721.93,62490.24,62584.0
2026-07-31 15:30:00+00:00,62583.99,62769.36,62568.0,62761.41
2026-07-31 15:45:00+00:00,62761.41,62761.41,62633.32,62716.57
2026-07-31 16:00:00+00:00,62716.57,62905.79,62709.01,62864.07
2026-07-31 16:15:00+00:00,62864.07,62931.79,62793.27,62921.52
2026-07-31 16:30:00+00:00,62921.51,62921.52,62808.0,62847.54
2026-07-31 16:45:00+00:00,62847.54,62885.01,62815.42,62870.88
2026-07-31 17:00:00+00:00,62870.87,62924.0,62800.0,62902.0
2026-07-31 17:15:00+00:00,62901.99,63006.84,62871.63,62976.74
2026-07-31 17:30:00+00:00,62976.73,63100.0,62956.95,63059.69
2026-07-31 17:45:00+00:00,63059.69,63301.68,63059.68,63245.44
2026-07-31 18:00:00+00:00,63245.44,63302.0,63135.31,63147.9
2026-07-31 18:15:00+00:00,63147.9,63182.0,63056.0,63061.57
2026-07-31 18:30:00+00:00,63061.56,63094.7,62966.0,63037.75
2026-07-31 18:45:00+00:00,63037.75,63176.46,63033.94,63097.57
2026-07-31 19:00:00+00:00,63097.57,63158.0,63029.37,63068.93
2026-07-31 19:15:00+00:00,63068.93,63072.0,63017.99,63022.02
2026-07-31 19:30:00+00:00,63022.02,63027.6,62936.29,63000.44
2026-07-31 19:45:00+00:00,63000.45,63052.0,62954.03,62972.0
2026-07-31 20:00:00+00:00,62972.0,63005.47,62944.84,62999.34
2026-07-31 20:15:00+00:00,62999.33,63034.0,62982.0,63005.52
2026-07-31 20:30:00+00:00,63005.52,63013.99,62955.0,62990.59
2026-07-31 20:45:00+00:00,62990.58,63003.87,62928.35,62953.7
2026-07-31 21:00:00+00:00,62953.7,63013.23,62846.0,63010.83
2026-07-31 21:15:00+00:00,63010.83,63038.0,63000.0,63009.99
2026-07-31 21:30:00+00:00,63010.0,63038.46,62995.08,63038.46
2026-07-31 21:45:00+00:00,63038.45,63062.47,62923.84,62947.78
2026-07-31 22:00:00+00:00,62947.77,63020.0,62870.01,63002.47
2026-07-31 22:15:00+00:00,63002.47,63020.0,62988.29,62988.29
2026-07-31 22:30:00+00:00,62988.28,63006.14,62922.17,62943.64
2026-07-31 22:45:00+00:00,62943.64,62963.22,62915.0,62950.0
2026-07-31 23:00:00+00:00,62950.01,63004.0,62950.0,62975.77
2026-07-31 23:15:00+00:00,62975.78,63013.52,62975.77,62983.86
2026-07-31 23:30:00+00:00,62983.86,62996.73,62950.0,62950.01
2026-07-31 23:45:00+00:00,62950.0,62950.01,62860.64,62887.88
2026-08-01 00:00:00+00:00,62887.88,62970.0,62887.87,62942.0
2026-08-01 00:15:00+00:00,62942.0,62998.0,62935.0,62958.0
2026-08-01 00:30:00+00:00,62958.0,62996.0,62936.03,62995.99
2026-08-01 00:45:00+00:00,62996.0,63024.04,62938.0,62938.01
2026-08-01 01:00:00+00:00,62938.01,62967.34,62938.0,62967.34
2026-08-01 01:15:00+00:00,62967.34,62990.0,62923.47,62954.27
2026-08-01 01:30:00+00:00,62954.27,62981.35,62930.0,62975.52
2026-08-01 01:45:00+00:00,62975.51,62983.2,62950.68,62975.01
2026-08-01 02:00:00+00:00,62975.0,63028.0,62975.0,63018.0
2026-08-01 02:15:00+00:00,63018.01,63087.82,63018.0,63070.01
2026-08-01 02:30:00+00:00,63070.01,63098.8,63070.0,63085.01
2026-08-01 02:45:00+00:00,63085.0,63106.55,63056.15,63075.07
2026-08-01 03:00:00+00:00,63075.08,63075.08,62987.35,62987.36
2026-08-01 03:15:00+00:00,62987.36,63050.0,62970.65,63018.77
2026-08-01 03:30:00+00:00,63018.77,63030.95,62976.0,62997.75
2026-08-01 03:45:00+00:00,62997.75,63018.64,62982.0,63004.48
2026-08-01 04:00:00+00:00,63004.47,63014.0,62993.2,63013.99
2026-08-01 04:15:00+00:00,63014.0,63050.1,63013.99,63050.1
2026-08-01 04:30:00+00:00,63050.1,63069.45,63046.0,63069.45
2026-08-01 04:45:00+00:00,63069.45,63115.37,63069.44,63115.01
2026-08-01 05:00:00+00:00,63115.0,63142.85,63059.21,63122.9
2026-08-01 05:15:00+00:00,63122.91,63122.91,63074.41,63105.0
2026-08-01 05:30:00+00:00,63105.0,63105.01,63014.76,63016.58
2026-08-01 05:45:00+00:00,63016.58,63038.0,63000.85,63020.0
2026-08-01 06:00:00+00:00,63020.0,63040.1,62992.82,63027.88
2026-08-01 06:15:00+00:00,63027.87,63075.1,63007.8,63060.0
2026-08-01 06:30:00+00:00,63059.99,63076.93,63059.99,63062.0
2026-08-01 06:45:00+00:00,63061.99,63086.65,63057.44,63080.64
2026-08-01 07:00:00+00:00,63080.65,63110.89,63080.64,63110.88
2026-08-01 07:15:00+00:00,63110.88,63110.89,63069.74,63069.75
2026-08-01 07:30:00+00:00,63069.74,63069.75,63034.0,63046.0
2026-08-01 07:45:00+00:00,63046.0,63056.77,63046.0,63050.46
2026-08-01 08:00:00+00:00,63050.45,63100.01,63050.45,63100.01
2026-08-01 08:15:00+00:00,63100.01,63102.51,63092.0,63092.01
2026-08-01 08:30:00+00:00,63092.01,63109.04,63092.0,63102.51
2026-08-01 08:45:00+00:00,63102.51,63150.0,63091.33,63126.25
2026-08-01 09:00:00+00:00,63126.25,63139.54,63110.0,63112.08
2026-08-01 09:15:00+00:00,63112.08,63125.48,63100.0,63112.94
2026-08-01 09:30:00+00:00,63112.93,63112.94,63100.0,63107.91
2026-08-01 09:45:00+00:00,63107.91,63107.91,63046.33,63053.17
2026-08-01 10:00:00+00:00,63053.17,63111.09,62986.31,63006.44
2026-08-01 10:15:00+00:00,63006.45,63066.22,62990.25,63046.8
2026-08-01 10:30:00+00:00,63046.8,63076.0,63022.58,63058.56
2026-08-01 10:45:00+00:00,63058.56,63063.68,63038.24,63056.0
2026-08-01 11:00:00+00:00,63055.99,63061.59,63038.11,63061.59
2026-08-01 11:15:00+00:00,63061.58,63082.0,63037.72,63081.91
2026-08-01 11:30:00+00:00,63081.91,63091.97,63070.52,63070.52
2026-08-01 11:45:00+00:00,63070.52,63076.01,63070.52,63076.0
2026-08-01 12:00:00+00:00,63076.0,63119.4,63076.0,63099.83
2026-08-01 12:15:00+00:00,63099.84,63105.99,63092.87,63092.87
2026-08-01 12:30:00+00:00,63092.88,63103.37,63081.81,63100.04
2026-08-01 12:45:00+00:00,63100.03,63106.96,63100.03,63103.68
2026-08-01 13:00:00+00:00,63103.68,63106.83,63096.81,63102.59
2026-08-01 13:15:00+00:00,63102.59,63102.59,63083.62,63083.62
2026-08-01 13:30:00+00:00,63083.62,63094.0,63080.0,63080.01
2026-08-01 13:45:00+00:00,63080.0,63080.01,63051.0,63069.32
2026-08-01 14:00:00+00:00,63069.31,63127.07,63069.31,63079.83
2026-08-01 14:15:00+00:00,63079.83,63120.53,63072.41,63114.36
2026-08-01 14:30:00+00:00,63114.35,63120.01,63087.33,63110.01
2026-08-01 14:45:00+00:00,63110.0,63126.53,63073.08,63126.52
2026-08-01 15:00:00+00:00,63126.53,63126.53,63110.0,63110.0
2026-08-01 15:15:00+00:00,63110.0,63110.01,63059.99,63060.0
2026-08-01 15:30:00+00:00,63060.0,63061.99,63051.0,63051.07
2026-08-01 15:45:00+00:00,63051.07,63051.07,63007.05,63007.06
2026-08-01 16:00:00+00:00,63007.06,63007.06,62928.0,62948.27
2026-08-01 16:15:00+00:00,62948.27,62964.0,62926.76,62948.67
2026-08-01 16:30:00+00:00,62948.67,63027.65,62947.99,62969.25
2026-08-01 16:45:00+00:00,62969.24,62969.25,62874.0,62932.32
2026-08-01 17:00:00+00:00,62932.32,62996.0,62870.0,62897.99
2026-08-01 17:15:00+00:00,62897.99,62898.0,62800.0,62833.95
2026-08-01 17:30:00+00:00,62833.95,62844.78,62740.0,62818.02
2026-08-01 17:45:00+00:00,62818.02,62818.03,62666.0,62708.07
2026-08-01 18:00:00+00:00,62708.06,62734.0,62618.75,62706.84
2026-08-01 18:15:00+00:00,62706.85,62706.85,62510.0,62564.78
2026-08-01 18:30:00+00:00,62564.78,62564.78,62275.0,62370.01
2026-08-01 18:45:00+00:00,62370.01,62586.0,62280.16,62580.56
2026-08-01 19:00:00+00:00,62580.55,62624.0,62526.33,62550.0
2026-08-01 19:15:00+00:00,62550.0,62611.06,62491.11,62548.45
2026-08-01 19:30:00+00:00,62548.45,62589.99,62461.17,62471.99
2026-08-01 19:45:00+00:00,62472.0,62543.86,62471.99,62529.82
2026-08-01 20:00:00+00:00,62529.81,62571.7,62482.99,62558.0
2026-08-01 20:15:00+00:00,62558.0,62640.0,62558.0,62618.0
2026-08-01 20:30:00+00:00,62617.99,62624.0,62562.0,62596.0
2026-08-01 20:45:00+00:00,62595.99,62674.98,62588.1,62662.13
2026-08-01 21:00:00+00:00,62662.14,62800.0,62662.13,62743.16
2026-08-01 21:15:00+00:00,62743.17,62796.86,62743.16,62793.21
2026-08-01 21:30:00+00:00,62793.21,62864.0,62769.02,62800.45
2026-08-01 21:45:00+00:00,62800.44,62827.08,62781.77,62812.75
2026-08-01 22:00:00+00:00,62812.76,62863.26,62794.17,62849.18
2026-08-01 22:15:00+00:00,62849.18,62866.62,62826.08,62854.79
2026-08-01 22:30:00+00:00,62854.8,62854.8,62824.57,62848.01
2026-08-01 22:45:00+00:00,62848.01,62852.0,62831.28,62831.28
2026-08-01 23:00:00+00:00,62831.29,62854.0,62807.69,62807.69
2026-08-01 23:15:00+00:00,62807.7,62807.7,62769.97,62771.35
2026-08-01 23:30:00+00:00,62771.35,62862.8,62771.34,62835.15
2026-08-01 23:45:00+00:00,62835.14,62840.82,62815.94,62823.64
2026-08-02 00:00:00+00:00,62823.65,62979.99,62823.64,62929.75
2026-08-02 00:15:00+00:00,62929.75,62940.0,62882.01,62883.7
2026-08-02 00:30:00+00:00,62883.69,62914.71,62846.96,62846.97
2026-08-02 00:45:00+00:00,62846.97,62861.42,62806.58,62833.99
2026-08-02 01:00:00+00:00,62834.0,63021.96,62834.0,63012.17
2026-08-02 01:15:00+00:00,63012.18,63088.0,62975.3,62984.0
2026-08-02 01:30:00+00:00,62984.0,63020.87,62975.3,63015.99
2026-08-02 01:45:00+00:00,63016.0,63016.0,62981.86,62981.87
2026-08-02 02:00:00+00:00,62981.87,63547.7,62958.54,63459.99
2026-08-02 02:15:00+00:00,63460.0,63547.7,63393.57,63405.47
2026-08-02 02:30:00+00:00,63405.47,63460.22,63333.99,63385.12
2026-08-02 02:45:00+00:00,63385.12,63484.0,63348.0,63451.58
2026-08-02 03:00:00+00:00,63451.58,63461.09,63386.87,63415.48
2026-08-02 03:15:00+00:00,63415.48,63550.0,63380.0,63436.88
2026-08-02 03:30:00+00:00,63436.88,63498.0,63436.88,63497.99
2026-08-02 03:45:00+00:00,63497.99,63515.56,63435.38,63461.95
2026-08-02 04:00:00+00:00,63461.95,63555.0,63461.95,63543.17
2026-08-02 04:15:00+00:00,63543.16,63558.34,63515.86,63546.0
2026-08-02 04:30:00+00:00,63546.01,63556.03,63523.34,63526.6
2026-08-02 04:45:00+00:00,63526.6,63612.0,63526.59,63590.0
2026-08-02 05:00:00+00:00,63590.0,63634.0,63464.07,63482.74
2026-08-02 05:15:00+00:00,63482.74,63496.0,63456.96,63494.83
2026-08-02 05:30:00+00:00,63494.83,63494.83,63415.26,63423.76
2026-08-02 05:45:00+00:00,63423.77,63454.81,63423.76,63453.27
2026-08-02 06:00:00+00:00,63453.27,63484.62,63449.34,63449.35
2026-08-02 06:15:00+00:00,63449.34,63498.0,63435.99,63497.99
2026-08-02 06:30:00+00:00,63497.99,63498.15,63465.04,63498.15
2026-08-02 06:45:00+00:00,63498.15,63498.15,63482.48,63482.49
2026-08-02 07:00:00+00:00,63482.49,63492.37,63480.0,63488.36
2026-08-02 07:15:00+00:00,63488.36,63493.97,63482.93,63493.83
2026-08-02 07:30:00+00:00,63493.83,63544.51,63491.74,63538.12
2026-08-02 07:45:00+00:00,63538.11,63538.12,63483.76,63506.24
2026-08-02 08:00:00+00:00,63506.23,63530.0,63488.76,63494.93
2026-08-02 08:15:00+00:00,63494.93,63495.13,63386.72,63390.95
2026-08-02 08:30:00+00:00,63390.96,63390.96,63210.69,63228.06
2026-08-02 08:45:00+00:00,63228.06,63236.0,63172.0,63193.99
2026-08-02 09:00:00+00:00,63194.0,63282.0,63094.0,63262.18
2026-08-02 09:15:00+00:00,63262.18,63308.79,63235.0,63236.0
2026-08-02 09:30:00+00:00,63236.0,63320.0,63234.0,63267.01
2026-08-02 09:45:00+00:00,63267.0,63277.0,63255.17,63273.94
2026-08-02 10:00:00+00:00,63273.94,63273.94,63208.01,63208.99
2026-08-02 10:15:00+00:00,63208.98,63270.0,63125.06,63140.0
2026-08-02 10:30:00+00:00,63140.0,63213.99,63140.0,63202.02
2026-08-02 10:45:00+00:00,63202.02,63205.89,63197.0,63205.03
2026-08-02 11:00:00+00:00,63205.03,63205.03,63134.07,63164.7
2026-08-02 11:15:00+00:00,63164.7,63206.0,63122.0,63160.01
2026-08-02 11:30:00+00:00,63160.0,63184.0,63100.0,63116.0
2026-08-02 11:45:00+00:00,63116.0,63170.0,62982.38,63031.99
2026-08-02 12:00:00+00:00,63031.99,63180.0,63031.99,63177.9
2026-08-02 12:15:00+00:00,63177.9,63231.67,63152.0,63186.0
2026-08-02 12:30:00+00:00,63186.01,63212.0,63107.7,63146.0
2026-08-02 12:45:00+00:00,63145.99,63159.41,63116.0,63125.49
2026-08-02 13:00:00+00:00,63125.49,63146.89,63095.0,63114.02
2026-08-02 13:15:00+00:00,63114.02,63115.38,63058.0,63081.91
2026-08-02 13:30:00+00:00,63081.91,63107.0,63010.0,63093.05
2026-08-02 13:45:00+00:00,63093.05,63135.11,63093.05,63126.92
2026-08-02 14:00:00+00:00,63126.92,63126.93,63062.0,63089.08
2026-08-02 14:15:00+00:00,63089.07,63155.0,63089.07,63128.98
2026-08-02 14:30:00+00:00,63128.97,63186.0,63096.42,63156.54
2026-08-02 14:45:00+00:00,63156.54,63156.54,63066.31,63069.37
2026-08-02 15:00:00+00:00,63069.37,63124.0,63050.0,63124.0
2026-08-02 15:15:00+00:00,63124.0,63136.99,63102.03,63126.0
2026-08-02 15:30:00+00:00,63125.99,63186.0,63125.99,63149.99
2026-08-02 15:45:00+00:00,63149.99,63150.0,63109.13,63109.14
2026-08-02 16:00:00+00:00,63109.13,63135.96,63064.01,63104.0
2026-08-02 16:15:00+00:00,63104.0,63132.0,63078.0,63110.0
2026-08-02 16:30:00+00:00,63110.0,63273.49,63103.76,63222.01
2026-08-02 16:45:00+00:00,63222.01,63232.0,63180.36,63180.36
2026-08-02 17:00:00+00:00,63180.36,63219.86,63152.0,63210.0
2026-08-02 17:15:00+00:00,63210.0,63342.0,63192.37,63282.53
2026-08-02 17:30:00+00:00,63282.53,63326.0,63282.53,63326.0
2026-08-02 17:45:00+00:00,63325.99,63332.71,63300.28,63300.28
2026-08-02 18:00:00+00:00,63300.0,63328.9,63292.12,63312.66
2026-08-02 18:15:00+00:00,63312.66,63327.67,63290.0,63290.0
2026-08-02 18:30:00+00:00,63290.0,63610.01,63290.0,63502.01
2026-08-02 18:45:00+00:00,63502.01,63512.0,63370.01,63382.01
2026-08-02 19:00:00+00:00,63382.01,63389.64,63346.62,63358.07
2026-08-02 19:15:00+00:00,63358.08,63373.04,63333.33,63333.34
2026-08-02 19:30:00+00:00,63333.34,63394.0,63323.89,63393.99
2026-08-02 19:45:00+00:00,63394.0,63479.85,63393.99,63456.01
2026-08-02 20:00:00+00:00,63456.0,63470.26,63422.0,63462.0
2026-08-02 20:15:00+00:00,63462.0,63496.0,63404.69,63409.27
2026-08-02 20:30:00+00:00,63409.27,63454.12,63409.26,63431.14
2026-08-02 20:45:00+00:00,63431.14,63501.48,63414.01,63494.52
2026-08-02 21:00:00+00:00,63494.51,63571.98,63479.45,63527.45
2026-08-02 21:15:00+00:00,63527.45,63553.12,63512.0,63542.85
2026-08-02 21:30:00+00:00,63542.85,63781.69,63508.6,63704.01
2026-08-02 21:45:00+00:00,63704.01,63785.0,63548.7,63578.0
2026-08-02 22:00:00+00:00,63578.01,63796.33,63578.01,63696.27
2026-08-02 22:15:00+00:00,63696.27,63790.94,63572.23,63591.99
2026-08-02 22:30:00+00:00,63592.0,63600.39,63376.71,63518.01
2026-08-02 22:45:00+00:00,63518.0,63572.5,63424.0,63424.58
2026-08-02 23:00:00+00:00,63424.58,63457.5,63344.0,63363.99
2026-08-02 23:15:00+00:00,63363.99,63546.88,63344.0,63542.65
2026-08-02 23:30:00+00:00,63542.65,63596.0,63490.0,63523.33
2026-08-02 23:45:00+00:00,63523.34,63575.19,63486.01,63570.0
2026-08-03 00:00:00+00:00,63570.01,63596.0,63390.0,63425.05
2026-08-03 00:15:00+00:00,63425.05,63442.0,63250.04,63262.84
2026-08-03 00:30:00+00:00,63262.84,63425.97,63208.3,63331.81
2026-08-03 00:45:00+00:00,63331.81,63352.0,63271.2,63317.6
2026-08-03 01:00:00+00:00,63317.61,63350.0,63180.0,63221.18
2026-08-03 01:15:00+00:00,63221.19,63260.0,63111.1,63175.99
2026-08-03 01:30:00+00:00,63175.99,63248.0,63160.66,63219.31
2026-08-03 01:45:00+00:00,63219.32,63230.0,63162.0,63212.16
2026-08-03 02:00:00+00:00,63212.16,63233.29,63138.93,63205.31
2026-08-03 02:15:00+00:00,63205.31,63286.0,63100.0,63128.0
2026-08-03 02:30:00+00:00,63128.01,63216.79,63108.33,63180.4
2026-08-03 02:45:00+00:00,63180.39,63196.0,63120.01,63141.4
2026-08-03 03:00:00+00:00,63141.39,63168.44,63100.0,63116.0
2026-08-03 03:15:00+00:00,63116.0,63138.37,63062.98,63080.01
2026-08-03 03:30:00+00:00,63080.01,63089.98,63039.99,63062.93
2026-08-03 03:45:00+00:00,63062.93,63065.89,62786.04,62870.49
2026-08-03 04:00:00+00:00,62870.48,62938.55,62816.34,62865.93
2026-08-03 04:15:00+00:00,62865.93,62978.11,62865.92,62972.67
2026-08-03 04:30:00+00:00,62972.67,63001.77,62965.0,62981.99
2026-08-03 04:45:00+00:00,62981.99,62982.0,62770.37,62790.0
2026-08-03 05:00:00+00:00,62790.0,62871.13,62751.3,62852.01
2026-08-03 05:15:00+00:00,62852.01,62875.02,62802.0,62816.0
2026-08-03 05:30:00+00:00,62816.01,62849.98,62774.88,62808.75
2026-08-03 05:45:00+00:00,62808.75,62862.92,62807.67,62827.17
2026-08-03 06:00:00+00:00,62827.17,62872.58,62823.2,62846.0
2026-08-03 06:15:00+00:00,62846.01,62850.0,62759.82,62793.17
2026-08-03 06:30:00+00:00,62793.17,62841.01,62640.0,62640.01
2026-08-03 06:45:00+00:00,62640.01,62683.5,62613.0,62623.6
2026-08-03 07:00:00+00:00,62623.6,62676.85,62592.0,62599.99
2026-08-03 07:15:00+00:00,62599.99,62674.64,62552.04,62639.96
2026-08-03 07:30:00+00:00,62639.95,62700.0,62603.1,62643.92
2026-08-03 07:45:00+00:00,62643.93,62675.31,62580.47,62621.1
2026-08-03 08:00:00+00:00,62621.1,62647.69,62516.01,62566.01
2026-08-03 08:15:00+00:00,62566.01,62569.3,62326.0,62340.01
2026-08-03 08:30:00+00:00,62340.0,62439.36,62300.0,62439.35
2026-08-03 08:45:00+00:00,62439.36,62541.5,62436.23,62541.5
2026-08-03 09:00:00+00:00,62541.5,62590.2,62520.0,62571.24
2026-08-03 09:15:00+00:00,62571.25,62667.04,62571.25,62653.36
2026-08-03 09:30:00+00:00,62653.36,62707.5,62628.0,62692.49
2026-08-03 09:45:00+00:00,62692.48,62863.1,62692.48,62837.4
2026-08-03 10:00:00+00:00,62837.4,62860.0,62766.66,62788.01
2026-08-03 10:15:00+00:00,62788.01,62833.68,62742.01,62742.02
2026-08-03 10:30:00+00:00,62742.02,62742.02,62674.0,62708.86
2026-08-03 10:45:00+00:00,62708.86,62782.0,62615.11,62742.01
2026-08-03 11:00:00+00:00,62742.01,62744.0,62585.16,62646.02
2026-08-03 11:15:00+00:00,62646.01,62773.99,62640.0,62704.09
2026-08-03 11:30:00+00:00,62704.09,62778.92,62669.86,62697.4
2026-08-03 11:45:00+00:00,62697.4,62700.0,62540.95,62560.01
2026-08-03 12:00:00+00:00,62560.01,62612.0,62445.26,62555.59
2026-08-03 12:15:00+00:00,62555.6,62694.0,62550.0,62630.93
2026-08-03 12:30:00+00:00,62630.92,62767.32,62614.99,62767.32
2026-08-03 12:45:00+00:00,62767.32,62799.3,62690.88,62700.0
2026-08-03 13:00:00+00:00,62700.01,62786.81,62700.0,62782.46
2026-08-03 13:15:00+00:00,62782.46,62998.0,62720.01,62769.0
2026-08-03 13:30:00+00:00,62769.0,62940.0,62562.42,62928.57
2026-08-03 13:45:00+00:00,62928.57,63390.0,62810.93,63351.09
2026-08-03 14:00:00+00:00,63351.09,63444.0,63136.0,63320.65
2026-08-03 14:15:00+00:00,63320.66,63795.0,63170.0,63766.01
2026-08-03 14:30:00+00:00,63766.0,63910.0,63631.11,63783.15
2026-08-03 14:45:00+00:00,63783.14,63992.71,63659.06,63967.19
2026-08-03 15:00:00+00:00,63967.19,63989.75,63764.18,63821.23
2026-08-03 15:15:00+00:00,63821.24,63862.37,63680.0,63715.08
2026-08-03 15:30:00+00:00,63715.07,63910.0,63709.27,63791.7
2026-08-03 15:45:00+00:00,63791.7,63848.0,63646.59,63694.91
2026-08-03 16:00:00+00:00,63694.9,63897.64,63664.0,63807.58
2026-08-03 16:15:00+00:00,63807.58,63939.99,63802.0,63903.78
2026-08-03 16:30:00+00:00,63903.78,63903.78,63710.71,63766.8
2026-08-03 16:45:00+00:00,63766.88,63879.94,63744.0,63776.46
2026-08-03 17:00:00+00:00,63776.46,63863.48,63714.55,63850.0
2026-08-03 17:15:00+00:00,63849.99,64059.75,63816.0,63828.0
2026-08-03 17:30:00+00:00,63828.0,63930.81,63793.21,63900.01
2026-08-03 17:45:00+00:00,63900.0,63956.67,63868.47,63906.0
2026-08-03 18:00:00+00:00,63905.99,64000.0,63870.04,63966.13
2026-08-03 18:15:00+00:00,63966.12,63988.0,63814.05,63849.36
2026-08-03 18:30:00+00:00,63849.37,63926.81,63810.0,63852.0
2026-08-03 18:45:00+00:00,63852.0,63919.31,63768.0,63870.87
2026-08-03 19:00:00+00:00,63870.87,63932.17,63846.0,63920.0
2026-08-03 19:15:00+00:00,63920.0,64012.0,63920.0,63967.99
2026-08-03 19:30:00+00:00,63968.0,64080.0,63864.27,63954.71
2026-08-03 19:45:00+00:00,63954.71,63975.34,63861.08,63869.38
2026-08-03 20:00:00+00:00,63869.38,63957.51,63816.65,63897.98
2026-08-03 20:15:00+00:00,63897.98,64023.61,63896.71,63958.99
2026-08-03 20:30:00+00:00,63958.99,63958.99,63907.7,63926.1
2026-08-03 20:45:00+00:00,63926.1,63926.1,63769.92,63775.43
2026-08-03 21:00:00+00:00,63775.43,63787.25,63712.23,63722.47
2026-08-03 21:15:00+00:00,63722.48,63791.98,63687.41,63730.01
2026-08-03 21:30:00+00:00,63730.01,63734.09,63670.0,63681.47
2026-08-03 21:45:00+00:00,63681.48,63681.48,63548.0,63590.15
2026-08-03 22:00:00+00:00,63590.15,63611.59,63392.01,63498.2
2026-08-03 22:15:00+00:00,63498.2,63680.0,63498.19,63535.63
2026-08-03 22:30:00+00:00,63535.63,63565.23,63496.18,63509.53
2026-08-03 22:45:00+00:00,63509.54,63638.36,63509.54,63618.0
2026-08-03 23:00:00+00:00,63618.01,63618.01,63528.01,63542.36
2026-08-03 23:15:00+00:00,63542.37,63621.35,63527.38,63572.0
2026-08-03 23:30:00+00:00,63572.0,63572.01,63465.43,63500.32
2026-08-03 23:45:00+00:00,63500.31,63523.7,63483.99,63520.0
2026-08-04 00:00:00+00:00,63520.0,63585.09,63469.9,63469.91
2026-08-04 00:15:00+00:00,63469.91,63497.97,63390.21,63462.22
2026-08-04 00:30:00+00:00,63462.22,63462.22,63343.19,63399.99
2026-08-04 00:45:00+00:00,63400.0,63477.94,63322.01,63361.99
2026-08-04 01:00:00+00:00,63362.0,63497.54,63361.99,63476.82
2026-08-04 01:15:00+00:00,63476.83,63574.71,63420.75,63525.99
2026-08-04 01:30:00+00:00,63526.0,63927.99,63526.0,63810.0
2026-08-04 01:45:00+00:00,63810.0,63882.8,63740.98,63847.93
2026-08-04 02:00:00+00:00,63847.92,63867.95,63758.36,63772.01
2026-08-04 02:15:00+00:00,63772.01,63808.79,63688.0,63693.56
2026-08-04 02:30:00+00:00,63693.56,63972.0,63686.44,63902.02
2026-08-04 02:45:00+00:00,63902.02,63926.43,63807.35,63822.44
2026-08-04 03:00:00+00:00,63822.45,63836.0,63690.18,63690.18
2026-08-04 03:15:00+00:00,63690.19,63792.0,63649.0,63774.0
2026-08-04 03:30:00+00:00,63773.99,63860.0,63773.99,63836.03
2026-08-04 03:45:00+00:00,63836.03,63837.79,63800.01,63800.01
2026-08-04 04:00:00+00:00,63800.01,63827.84,63762.0,63802.0
2026-08-04 04:15:00+00:00,63802.01,63875.01,63797.04,63834.02
2026-08-04 04:30:00+00:00,63834.01,64054.0,63834.01,64054.0
2026-08-04 04:45:00+00:00,64054.0,64243.81,64029.0,64029.0
2026-08-04 05:00:00+00:00,64029.01,64056.0,63840.36,63840.37
2026-08-04 05:15:00+00:00,63840.36,63890.0,63812.5,63817.63
2026-08-04 05:30:00+00:00,63817.64,63862.0,63810.0,63861.99
2026-08-04 05:45:00+00:00,63861.99,63862.0,63788.23,63818.48
2026-08-04 06:00:00+00:00,63818.47,63847.82,63774.91,63804.89
2026-08-04 06:15:00+00:00,63804.89,63859.71,63761.0,63764.07
2026-08-04 06:30:00+00:00,63764.07,63780.7,63693.77,63706.0
2026-08-04 06:45:00+00:00,63706.0,63706.0,63654.16,63670.0
2026-08-04 07:00:00+00:00,63670.0,63670.0,63588.0,63595.55
2026-08-04 07:15:00+00:00,63595.56,63651.01,63506.78,63645.1
2026-08-04 07:30:00+00:00,63645.1,63763.63,63645.1,63660.0
2026-08-04 07:45:00+00:00,63660.0,63756.0,63659.99,63685.74
2026-08-04 08:00:00+00:00,63685.73,63748.22,63630.0,63646.98
2026-08-04 08:15:00+00:00,63646.97,63660.0,63589.55,63626.1
2026-08-04 08:30:00+00:00,63626.11,63626.11,63564.99,63620.0
2026-08-04 08:45:00+00:00,63620.0,63625.45,63581.29,63588.94
2026-08-04 09:00:00+00:00,63589.04,63589.04,63540.01,63550.0
2026-08-04 09:15:00+00:00,63550.0,63597.56,63516.43,63578.09
2026-08-04 09:30:00+00:00,63578.08,63595.99,63532.58,63576.66
2026-08-04 09:45:00+00:00,63576.66,63610.0,63550.0,63603.73
2026-08-04 10:00:00+00:00,63603.73,63613.34,63507.51,63510.86
2026-08-04 10:15:00+00:00,63510.86,63570.0,63451.8,63470.0
2026-08-04 10:30:00+00:00,63470.0,63667.34,63465.0,63666.51
2026-08-04 10:45:00+00:00,63666.51,63842.0,63652.12,63764.0
2026-08-04 11:00:00+00:00,63763.99,63804.52,63718.3,63746.0
2026-08-04 11:15:00+00:00,63745.99,63866.0,63712.0,63783.32
2026-08-04 11:30:00+00:00,63783.32,63894.99,63720.0,63876.59
2026-08-04 11:45:00+00:00,63876.58,63950.0,63840.52,63926.0
2026-08-04 12:00:00+00:00,63926.0,63926.0,63811.41,63811.42
2026-08-04 12:15:00+00:00,63811.42,63836.0,63788.0,63834.6
2026-08-04 12:30:00+00:00,63834.6,64062.46,63814.57,63966.0
2026-08-04 12:45:00+00:00,63966.01,64008.24,63906.4,63906.41
2026-08-04 13:00:00+00:00,63906.41,64015.22,63845.68,63945.3
2026-08-04 13:15:00+00:00,63945.3,64023.45,63860.19,63890.82
2026-08-04 13:30:00+00:00,63890.82,64097.74,63819.48,64013.8
2026-08-04 13:45:00+00:00,64013.8,64013.8,63656.0,63683.94
2026-08-04 14:00:00+00:00,63683.95,63926.0,63615.38,63803.16
2026-08-04 14:15:00+00:00,63803.16,63903.02,63618.01,63887.51
2026-08-04 14:30:00+00:00,63887.51,64180.0,63860.0,64124.84
2026-08-04 14:45:00+00:00,64124.84,64193.54,64058.0,64128.72
2026-08-04 15:00:00+00:00,64128.73,64218.07,64000.0,64065.94
2026-08-04 15:15:00+00:00,64065.94,64066.0,63930.75,63953.13
2026-08-04 15:30:00+00:00,63953.13,64126.55,63814.29,64126.54
2026-08-04 15:45:00+00:00,64126.54,64238.0,64088.0,64125.14
2026-08-04 16:00:00+00:00,64125.14,64130.0,63970.0,64033.59
2026-08-04 16:15:00+00:00,64033.6,64115.71,64008.0,64032.0
2026-08-04 16:30:00+00:00,64032.0,64060.41,63897.22,63945.53
2026-08-04 16:45:00+00:00,63945.54,64016.0,63909.96,63950.93
2026-08-04 17:00:00+00:00,63950.94,64184.0,63950.93,64067.53
2026-08-04 17:15:00+00:00,64067.54,64176.58,64029.78,64156.71
2026-08-04 17:30:00+00:00,64156.72,64178.83,64090.9,64094.81
2026-08-04 17:45:00+00:00,64094.81,64100.77,63892.0,63972.09
2026-08-04 18:00:00+00:00,63972.09,64220.0,63965.73,64219.99
2026-08-04 18:15:00+00:00,64219.99,64400.0,64200.0,64364.18
2026-08-04 18:30:00+00:00,64364.19,64400.0,64212.61,64296.34
2026-08-04 18:45:00+00:00,64296.34,64326.0,64273.84,64305.99
2026-08-04 19:00:00+00:00,64305.99,64371.04,64286.76,64350.18
2026-08-04 19:15:00+00:00,64350.18,64368.65,64265.48,64284.93
2026-08-04 19:30:00+00:00,64284.93,64413.21,64257.46,64380.0
2026-08-04 19:45:00+00:00,64380.0,64392.0,64193.57,64233.36
2026-08-04 20:00:00+00:00,64233.35,64247.4,64115.68,64175.52
2026-08-04 20:15:00+00:00,64175.52,64175.52,64001.68,64124.33
2026-08-04 20:30:00+00:00,64124.33,64420.0,64124.33,64392.01
2026-08-04 20:45:00+00:00,64392.0,64392.0,64304.61,64341.0
2026-08-04 21:00:00+00:00,64341.0,64341.99,64200.29,64223.88
2026-08-04 21:15:00+00:00,64223.88,64285.25,64192.01,64255.6
2026-08-04 21:30:00+00:00,64255.6,64270.0,64199.0,64248.15
2026-08-04 21:45:00+00:00,64248.14,64256.0,64175.52,64194.0
2026-08-04 22:00:00+00:00,64193.99,64226.9,64140.0,64226.01
2026-08-04 22:15:00+00:00,64226.0,64265.67,64171.55,64259.67
2026-08-04 22:30:00+00:00,64259.68,64293.91,64215.96,64216.01
2026-08-04 22:45:00+00:00,64216.01,64270.62,64176.93,64270.61
2026-08-04 23:00:00+00:00,64270.62,64474.92,64213.31,64425.99
2026-08-04 23:15:00+00:00,64425.99,64549.16,64175.52,64175.52
2026-08-04 23:30:00+00:00,64175.53,64263.62,64144.69,64214.9
2026-08-04 23:45:00+00:00,64214.9,64223.68,64081.26,64106.56
2026-08-05 00:00:00+00:00,64106.55,64106.56,64017.3,64036.0
2026-08-05 00:15:00+00:00,64036.0,64068.0,64008.65,64068.0
2026-08-05 00:30:00+00:00,64068.0,64193.25,64024.0,64072.0
2026-08-05 00:45:00+00:00,64072.0,64072.0,63978.44,63988.0
2026-08-05 01:00:00+00:00,63988.0,64028.93,63950.0,64010.0
2026-08-05 01:15:00+00:00,64010.0,64118.64,63954.18,64112.69
2026-08-05 01:30:00+00:00,64112.68,64298.34,64112.68,64182.04
2026-08-05 01:45:00+00:00,64182.04,64346.0,64182.03,64333.84
2026-08-05 02:00:00+00:00,64333.85,64504.0,64333.85,64460.13
2026-08-05 02:15:00+00:00,64460.14,64486.0,64322.59,64420.08
2026-08-05 02:30:00+00:00,64420.09,64484.0,64412.56,64433.06
2026-08-05 02:45:00+00:00,64433.16,64449.99,64367.21,64368.26
2026-08-05 03:00:00+00:00,64368.27,64446.0,64352.99,64353.0
2026-08-05 03:15:00+00:00,64353.0,64356.0,64062.0,64062.22
2026-08-05 03:30:00+00:00,64062.22,64172.0,64046.0,64139.99
2026-08-05 03:45:00+00:00,64139.99,64188.72,64139.64,64183.27
2026-08-05 04:00:00+00:00,64183.27,64197.27,64128.0,64128.71
2026-08-05 04:15:00+00:00,64128.71,64200.0,64088.01,64159.99
2026-08-05 04:30:00+00:00,64159.99,64218.0,64158.0,64182.4
2026-08-05 04:45:00+00:00,64182.4,64191.4,64120.0,64176.7
2026-08-05 05:00:00+00:00,64176.69,64327.55,64163.36,64318.0
2026-08-05 05:15:00+00:00,64318.01,64525.97,64302.0,64433.12
2026-08-05 05:30:00+00:00,64433.13,64437.41,64341.56,64362.26
2026-08-05 05:45:00+00:00,64362.25,64373.33,64309.98,64330.87
2026-08-05 06:00:00+00:00,64330.86,64362.0,64305.54,64323.32
2026-08-05 06:15:00+00:00,64323.31,64344.0,64282.24,64309.6
2026-08-05 06:30:00+00:00,64309.59,64373.31,64295.88,64295.89
2026-08-05 06:45:00+00:00,64295.89,64295.89,64229.34,64253.58
2026-08-05 07:00:00+00:00,64253.59,64272.0,64166.88,64188.0
2026-08-05 07:15:00+00:00,64187.99,64187.99,64054.59,64073.94
2026-08-05 07:30:00+00:00,64073.95,64084.0,63995.89,64006.08
2026-08-05 07:45:00+00:00,64006.08,64164.0,64006.08,64163.99
2026-08-05 08:00:00+00:00,64164.0,64252.99,64138.01,64200.47
2026-08-05 08:15:00+00:00,64200.47,64270.01,64156.0,64268.01
2026-08-05 08:30:00+00:00,64268.01,64280.0,64129.75,64130.0
2026-08-05 08:45:00+00:00,64130.0,64164.02,64098.0,64120.81
2026-08-05 09:00:00+00:00,64120.81,64158.0,64102.95,64127.47
2026-08-05 09:15:00+00:00,64127.48,64190.37,64120.0,64156.0
2026-08-05 09:30:00+00:00,64156.0,64210.83,64155.99,64170.11
2026-08-05 09:45:00+00:00,64170.11,64182.73,64150.0,64155.05
2026-08-05 10:00:00+00:00,64155.06,64190.77,64114.6,64149.62
2026-08-05 10:15:00+00:00,64149.61,64242.93,64080.77,64209.03
2026-08-05 10:30:00+00:00,64209.04,64238.43,64180.01,64195.28
2026-08-05 10:45:00+00:00,64195.28,64209.26,64020.0,64062.23
2026-08-05 11:00:00+00:00,64062.23,64116.64,64058.02,64089.33
2026-08-05 11:15:00+00:00,64089.33,64091.5,64044.5,64076.79
2026-08-05 11:30:00+00:00,64076.79,64150.0,64060.97,64100.78
2026-08-05 11:45:00+00:00,64100.78,64100.79,64058.0,64075.28
2026-08-05 12:00:00+00:00,64075.28,64233.53,64050.0,64206.0
2026-08-05 12:15:00+00:00,64205.99,64581.43,64190.0,64515.81
2026-08-05 12:30:00+00:00,64515.81,64547.99,64389.65,64472.01
2026-08-05 12:45:00+00:00,64472.0,64472.01,64330.0,64332.43
2026-08-05 13:00:00+00:00,64332.43,64342.0,64105.26,64141.99
2026-08-05 13:15:00+00:00,64142.0,64212.81,64115.45,64145.19
2026-08-05 13:30:00+00:00,64145.2,64294.0,63880.0,64176.0
2026-08-05 13:45:00+00:00,64176.0,64412.0,64036.0,64407.99
2026-08-05 14:00:00+00:00,64407.99,64529.99,64310.0,64472.56
2026-08-05 14:15:00+00:00,64472.55,64578.0,64319.31,64356.0
2026-08-05 14:30:00+00:00,64355.99,64464.0,64300.0,64429.13
2026-08-05 14:45:00+00:00,64429.12,64536.0,64319.16,64476.39
2026-08-05 15:00:00+00:00,64476.4,64744.0,64453.45,64628.0
2026-08-05 15:15:00+00:00,64628.0,64635.55,64440.55,64505.25
2026-08-05 15:30:00+00:00,64505.25,64721.0,64505.25,64557.12
2026-08-05 15:45:00+00:00,64557.13,64557.13,64385.49,64388.01
2026-08-05 16:00:00+00:00,64388.01,64613.98,64388.0,64613.98
2026-08-05 16:15:00+00:00,64613.99,64760.99,64570.8,64747.74
2026-08-05 16:30:00+00:00,64747.75,64758.83,64655.07,64687.73
2026-08-05 16:45:00+00:00,64687.72,64687.72,64619.79,64661.99
2026-08-05 17:00:00+00:00,64661.99,64696.93,64590.0,64590.21
2026-08-05 17:15:00+00:00,64590.21,64616.0,64541.71,64605.16
2026-08-05 17:30:00+00:00,64605.16,64749.99,64585.37,64698.0
2026-08-05 17:45:00+00:00,64698.0,64804.0,64676.99,64770.0
2026-08-05 18:00:00+00:00,64770.0,64807.97,64670.01,64800.31
2026-08-05 18:15:00+00:00,64800.31,64813.62,64680.12,64730.77
2026-08-05 18:30:00+00:00,64730.77,64804.19,64678.31,64804.18
2026-08-05 18:45:00+00:00,64804.18,64844.99,64760.01,64799.1
2026-08-05 19:00:00+00:00,64799.1,64917.17,64781.79,64885.5
2026-08-05 19:15:00+00:00,64885.51,64930.0,64868.0,64914.99
2026-08-05 19:30:00+00:00,64915.0,64925.27,64870.88,64898.01
2026-08-05 19:45:00+00:00,64898.01,64936.18,64838.52,64840.28
2026-08-05 20:00:00+00:00,64840.27,64921.97,64806.46,64921.97
2026-08-05 20:15:00+00:00,64921.96,65025.22,64873.26,64982.11
2026-08-05 20:30:00+00:00,64982.12,64991.88,64931.69,64975.76
2026-08-05 20:45:00+00:00,64975.77,64991.66,64822.89,64822.89
2026-08-05 21:00:00+00:00,64822.88,64825.78,64702.57,64779.47
2026-08-05 21:15:00+00:00,64779.47,64782.0,64657.69,64665.92
2026-08-05 21:30:00+00:00,64665.92,64748.05,64665.92,64723.23
2026-08-05 21:45:00+00:00,64723.22,64763.77,64676.0,64733.13
2026-08-05 22:00:00+00:00,64733.13,64767.26,64648.01,64684.01
2026-08-05 22:15:00+00:00,64684.0,64730.0,64678.96,64729.99
2026-08-05 22:30:00+00:00,64730.0,64783.84,64684.0,64693.95
2026-08-05 22:45:00+00:00,64693.95,64716.0,64629.81,64636.0
2026-08-05 23:00:00+00:00,64636.0,64692.0,64579.15,64678.67
2026-08-05 23:15:00+00:00,64678.66,64749.99,64629.35,64699.55
2026-08-05 23:30:00+00:00,64699.56,64708.0,64665.12,64665.12
2026-08-05 23:45:00+00:00,64665.11,64680.01,64580.57,64665.23
2026-08-06 00:00:00+00:00,64665.24,64682.92,64598.72,64604.07
2026-08-06 00:15:00+00:00,64604.07,64711.06,64572.0,64686.79
2026-08-06 00:30:00+00:00,64686.8,64724.38,64645.71,64645.72
2026-08-06 00:45:00+00:00,64645.71,64695.02,64622.0,64644.99
2026-08-06 01:00:00+00:00,64644.92,64658.01,64582.55,64606.83
2026-08-06 01:15:00+00:00,64606.84,64609.29,64518.08,64518.08
2026-08-06 01:30:00+00:00,64518.09,64616.76,64498.0,64565.99
2026-08-06 01:45:00+00:00,64565.99,64659.65,64565.99,64580.07
2026-08-06 02:00:00+00:00,64580.08,64650.62,64533.03,64560.51
2026-08-06 02:15:00+00:00,64560.5,64585.2,64439.34,64527.82
2026-08-06 02:30:00+00:00,64527.81,64579.12,64482.14,64579.11
2026-08-06 02:45:00+00:00,64579.12,64598.0,64540.63,64579.36
2026-08-06 03:00:00+00:00,64579.36,64579.36,64519.08,64572.0
2026-08-06 03:15:00+00:00,64572.0,64572.0,64510.75,64541.73
2026-08-06 03:30:00+00:00,64541.74,64583.63,64505.13,64505.14
2026-08-06 03:45:00+00:00,64505.13,64543.27,64493.2,64531.03
2026-08-06 04:00:00+00:00,64531.03,64590.55,64496.27,64582.61
2026-08-06 04:15:00+00:00,64582.6,64696.0,64582.6,64695.92
2026-08-06 04:30:00+00:00,64695.93,64730.0,64656.9,64660.0
2026-08-06 04:45:00+00:00,64659.99,64755.72,64634.41,64734.65
2026-08-06 05:00:00+00:00,64734.65,64996.0,64730.26,64913.88
2026-08-06 05:15:00+00:00,64913.88,64996.0,64887.01,64889.99
2026-08-06 05:30:00+00:00,64889.99,64916.79,64851.59,64902.54
2026-08-06 05:45:00+00:00,64902.54,64911.89,64860.08,64908.09
2026-08-06 06:00:00+00:00,64908.1,64908.1,64778.06,64781.19
2026-08-06 06:15:00+00:00,64781.2,64828.82,64745.69,64828.0
2026-08-06 06:30:00+00:00,64828.0,64858.11,64813.88,64837.99
2026-08-06 06:45:00+00:00,64838.0,64860.0,64809.43,64860.0
2026-08-06 07:00:00+00:00,64860.0,64945.72,64820.0,64945.71
2026-08-06 07:15:00+00:00,64945.71,64965.66,64894.01,64903.0
2026-08-06 07:30:00+00:00,64902.99,64903.0,64776.0,64815.99
2026-08-06 07:45:00+00:00,64815.99,64841.93,64785.99,64809.7
2026-08-06 08:00:00+00:00,64809.7,64854.0,64763.11,64772.0
2026-08-06 08:15:00+00:00,64772.0,64897.5,64760.0,64897.5
2026-08-06 08:30:00+00:00,64897.5,64922.79,64867.4,64884.39
2026-08-06 08:45:00+00:00,64884.39,64999.0,64881.34,64941.99
2026-08-06 09:00:00+00:00,64942.0,64944.0,64750.0,64769.72
2026-08-06 09:15:00+00:00,64769.72,64841.14,64722.12,64729.65
2026-08-06 09:30:00+00:00,64729.65,64729.66,64630.0,64667.22
2026-08-06 09:45:00+00:00,64667.21,64697.93,64637.99,64683.62
2026-08-06 10:00:00+00:00,64683.62,64683.62,64594.29,64602.01
2026-08-06 10:15:00+00:00,64602.01,64685.05,64581.21,64682.0
2026-08-06 10:30:00+00:00,64681.99,64682.0,64625.17,64625.18
2026-08-06 10:45:00+00:00,64625.17,64648.79,64608.31,64615.95
2026-08-06 11:00:00+00:00,64615.95,64623.48,64503.54,64574.3
2026-08-06 11:15:00+00:00,64574.31,64642.29,64574.3,64584.11
2026-08-06 11:30:00+00:00,64584.11,64661.26,64584.11,64643.63
2026-08-06 11:45:00+00:00,64643.64,64646.0,64583.78,64622.09
2026-08-06 12:00:00+00:00,64622.08,64637.68,64471.04,64478.06
2026-08-06 12:15:00+00:00,64478.06,64545.55,64450.0,64545.55
2026-08-06 12:30:00+00:00,64545.54,64592.57,64506.55,64526.55
2026-08-06 12:45:00+00:00,64526.56,64534.91,64381.96,64424.0
2026-08-06 13:00:00+00:00,64424.01,64436.88,64205.72,64256.27
2026-08-06 13:15:00+00:00,64256.26,64298.0,64180.0,64243.78
2026-08-06 13:30:00+00:00,64243.78,64431.09,64172.0,64398.01
2026-08-06 13:45:00+00:00,64398.01,64524.21,64382.0,64434.01
2026-08-06 14:00:00+00:00,64434.01,64556.0,64380.42,64468.4
2026-08-06 14:15:00+00:00,64468.39,64580.0,64420.0,64429.7
2026-08-06 14:30:00+00:00,64429.7,64833.19,64362.0,64810.31
2026-08-06 14:45:00+00:00,64810.32,64850.0,64682.0,64778.0
2026-08-06 15:00:00+00:00,64778.01,64987.26,64764.0,64852.33
2026-08-06 15:15:00+00:00,64852.33,64894.0,64705.42,64826.0
2026-08-06 15:30:00+00:00,64826.0,64873.2,64708.0,64754.0
2026-08-06 15:45:00+00:00,64754.01,64868.83,64624.29,64631.87
2026-08-06 16:00:00+00:00,64631.88,64717.99,64600.0,64637.99
2026-08-06 16:15:00+00:00,64637.99,64685.57,64592.37,64654.57
2026-08-06 16:30:00+00:00,64654.57,64756.0,64618.93,64716.8
2026-08-06 16:45:00+00:00,64716.8,64778.0,64662.18,64757.99
2026-08-06 17:00:00+00:00,64758.0,64834.0,64721.74,64721.74
2026-08-06 17:15:00+00:00,64721.73,64742.39,64680.0,64688.45
2026-08-06 17:30:00+00:00,64688.45,64715.99,64548.81,64597.72
2026-08-06 17:45:00+00:00,64597.73,64649.07,64582.0,64621.69
2026-08-06 18:00:00+00:00,64621.68,64621.69,64472.16,64539.98
2026-08-06 18:15:00+00:00,64539.99,64594.0,64508.01,64518.01
2026-08-06 18:30:00+00:00,64518.01,64520.0,64412.85,64420.01
2026-08-06 18:45:00+00:00,64420.01,64449.05,64378.67,64418.47
2026-08-06 19:00:00+00:00,64418.48,64464.04,64418.14,64441.52
2026-08-06 19:15:00+00:00,64441.53,64459.79,64392.38,64405.39
2026-08-06 19:30:00+00:00,64405.39,64454.96,64365.0,64430.0
2026-08-06 19:45:00+00:00,64430.0,64474.71,64400.0,64446.0
2026-08-06 20:00:00+00:00,64446.01,64536.32,64446.0,64527.68
2026-08-06 20:15:00+00:00,64527.68,64527.68,64444.46,64483.99
2026-08-06 20:30:00+00:00,64483.99,64488.26,64460.85,64461.51
2026-08-06 20:45:00+00:00,64461.52,64476.61,64439.7,64439.7
2026-08-06 21:00:00+00:00,64439.71,64499.29,64439.7,64486.0
2026-08-06 21:15:00+00:00,64486.0,64513.99,64450.0,64450.01
2026-08-06 21:30:00+00:00,64450.0,64483.45,64404.74,64456.01
2026-08-06 21:45:00+00:00,64456.0,64480.0,64436.83,64440.74
2026-08-06 22:00:00+00:00,64440.74,64450.0,64382.81,64435.61
2026-08-06 22:15:00+00:00,64435.62,64435.62,64330.4,64361.38
2026-08-06 22:30:00+00:00,64361.38,64386.0,64336.55,64336.55
2026-08-06 22:45:00+00:00,64336.56,64370.0,64336.56,64351.49
2026-08-06 23:00:00+00:00,64351.48,64360.01,64332.21,64337.92
2026-08-06 23:15:00+00:00,64337.93,64338.0,64224.57,64247.29
2026-08-06 23:30:00+00:00,64247.29,64251.7,64200.0,64221.98
2026-08-06 23:45:00+00:00,64221.98,64330.0,64200.0,64323.61
2026-08-07 00:00:00+00:00,64323.61,64410.0,64282.93,64290.0
2026-08-07 00:15:00+00:00,64290.0,64317.18,64230.59,64264.99
2026-08-07 00:30:00+00:00,64265.0,64337.56,64237.85,64323.92
2026-08-07 00:45:00+00:00,64323.91,64342.52,64261.09,64317.99
2026-08-07 01:00:00+00:00,64318.0,64448.0,64317.99,64363.6
2026-08-07 01:15:00+00:00,64363.6,64430.0,64314.28,64427.26
2026-08-07 01:30:00+00:00,64427.26,64476.78,64300.0,64375.99
2026-08-07 01:45:00+00:00,64376.0,64445.44,64375.99,64422.55
2026-08-07 02:00:00+00:00,64422.54,64435.81,64252.09,64396.79
2026-08-07 02:15:00+00:00,64396.8,64544.0,64310.0,64314.74
2026-08-07 02:30:00+00:00,64314.74,64418.14,64280.0,64414.72
2026-08-07 02:45:00+00:00,64414.71,64471.73,64396.63,64399.87
2026-08-07 03:00:00+00:00,64399.88,64407.73,64320.29,64336.14
2026-08-07 03:15:00+00:00,64336.14,64344.6,64260.0,64320.48
2026-08-07 03:30:00+00:00,64320.49,64374.0,64308.38,64343.33
2026-08-07 03:45:00+00:00,64343.33,64368.0,64277.0,64289.99
2026-08-07 04:00:00+00:00,64289.99,64323.6,64250.55,64308.93
2026-08-07 04:15:00+00:00,64308.93,64364.08,64290.07,64302.01
2026-08-07 04:30:00+00:00,64302.0,64355.2,64258.0,64258.0
2026-08-07 04:45:00+00:00,64258.01,64266.68,64166.0,64255.13
2026-08-07 05:00:00+00:00,64255.14,64261.21,64192.53,64252.02
2026-08-07 05:15:00+00:00,64252.02,64256.67,64177.62,64178.0
2026-08-07 05:30:00+00:00,64178.01,64278.0,64178.0,64276.01
2026-08-07 05:45:00+00:00,64276.01,64400.0,64256.04,64336.43
2026-08-07 06:00:00+00:00,64336.42,64416.45,64316.12,64413.84
2026-08-07 06:15:00+00:00,64413.85,64463.75,64382.05,64416.15
2026-08-07 06:30:00+00:00,64416.16,64426.0,64344.53,64353.5
2026-08-07 06:45:00+00:00,64353.5,64372.51,64283.91,64304.12
2026-08-07 07:00:00+00:00,64304.12,64371.06,64264.0,64338.4
2026-08-07 07:15:00+00:00,64338.39,64436.13,64333.0,64408.45
2026-08-07 07:30:00+00:00,64408.45,64418.14,64371.86,64371.86
2026-08-07 07:45:00+00:00,64371.86,64374.64,64311.35,64319.84
2026-08-07 08:00:00+00:00,64319.84,64385.84,64304.22,64370.65
2026-08-07 08:15:00+00:00,64370.65,64455.25,64370.65,64450.84
2026-08-07 08:30:00+00:00,64450.83,64672.1,64450.17,64632.0
2026-08-07 08:45:00+00:00,64632.01,64632.01,64580.01,64600.0
2026-08-07 09:00:00+00:00,64600.0,64773.12,64599.99,64733.26
2026-08-07 09:15:00+00:00,64733.27,64885.91,64733.26,64833.99
2026-08-07 09:30:00+00:00,64834.0,64965.0,64809.07,64905.62
2026-08-07 09:45:00+00:00,64905.62,64910.0,64825.32,64839.32
2026-08-07 10:00:00+00:00,64839.32,64872.12,64803.82,64846.96
2026-08-07 10:15:00+00:00,64846.97,64895.04,64802.0,64895.04
2026-08-07 10:30:00+00:00,64895.03,64916.0,64855.73,64863.99
2026-08-07 10:45:00+00:00,64864.0,64910.7,64861.87,64893.98
2026-08-07 11:00:00+00:00,64893.99,64977.85,64893.64,64963.0
2026-08-07 11:15:00+00:00,64962.99,65213.33,64934.52,65084.82
2026-08-07 11:30:00+00:00,65084.82,65099.99,65015.99,65026.87
2026-08-07 11:45:00+00:00,65026.87,65044.37,65000.0,65029.98
2026-08-07 12:00:00+00:00,65029.98,65280.6,65029.97,65213.99
2026-08-07 12:15:00+00:00,65214.0,65235.89,65055.93,65128.51
2026-08-07 12:30:00+00:00,65129.11,65365.6,64986.26,65160.28
2026-08-07 12:45:00+00:00,65160.27,65390.99,65160.27,65292.32
2026-08-07 13:00:00+00:00,65292.31,65330.0,65189.31,65223.48
2026-08-07 13:15:00+00:00,65223.47,65277.77,65114.67,65163.16
2026-08-07 13:30:00+00:00,65163.16,65328.31,65106.81,65308.35
2026-08-07 13:45:00+00:00,65308.35,65338.0,64984.68,65009.24
2026-08-07 14:00:00+00:00,65009.23,65041.99,64788.0,64830.84
2026-08-07 14:15:00+00:00,64830.84,65235.99,64800.0,65190.0
2026-08-07 14:30:00+00:00,65190.0,65275.03,65091.63,65100.46
2026-08-07 14:45:00+00:00,65100.46,65155.99,64950.0,64957.98
2026-08-07 15:00:00+00:00,64957.98,65040.84,64894.83,64966.0
2026-08-07 15:15:00+00:00,64965.99,65066.0,64933.82,65025.99
2026-08-07 15:30:00+00:00,65026.0,65136.17,64992.72,65020.82
2026-08-07 15:45:00+00:00,65020.82,65026.0,64910.12,64912.72
2026-08-07 16:00:00+00:00,64912.71,65072.31,64912.71,65045.05
2026-08-07 16:15:00+00:00,65045.04,65051.82,64894.83,64932.36
2026-08-07 16:30:00+00:00,64932.37,64971.71,64872.62,64949.64
2026-08-07 16:45:00+00:00,64949.63,64950.78,64814.0,64814.0
2026-08-07 17:00:00+00:00,64814.01,64828.82,64700.0,64700.39
2026-08-07 17:15:00+00:00,64700.39,64735.02,64582.42,64599.99
2026-08-07 17:30:00+00:00,64599.99,64688.0,64525.0,64679.99
2026-08-07 17:45:00+00:00,64680.0,64764.33,64660.02,64764.33
2026-08-07 18:00:00+00:00,64764.33,64881.13,64762.0,64847.99
2026-08-07 18:15:00+00:00,64848.0,64864.66,64794.68,64809.38
2026-08-07 18:30:00+00:00,64809.39,64839.85,64727.26,64727.27
2026-08-07 18:45:00+00:00,64727.26,64750.93,64676.0,64735.51
2026-08-07 19:00:00+00:00,64735.52,64872.0,64735.52,64839.97
2026-08-07 19:15:00+00:00,64839.97,64984.86,64839.97,64940.69
2026-08-07 19:30:00+00:00,64940.7,65039.42,64936.0,64972.01
2026-08-07 19:45:00+00:00,64972.01,65006.04,64945.37,64960.47
2026-08-07 20:00:00+00:00,64960.46,65053.56,64953.08,64987.45
2026-08-07 20:15:00+00:00,64987.45,65002.0,64957.5,64980.09
2026-08-07 20:30:00+00:00,64980.09,64980.09,64948.0,64956.02
2026-08-07 20:45:00+00:00,64956.03,64975.01,64956.02,64972.0
2026-08-07 21:00:00+00:00,64972.0,65020.0,64967.82,65001.01
2026-08-07 21:15:00+00:00,65001.01,65012.01,64950.97,64996.3
2026-08-07 21:30:00+00:00,64996.3,65102.0,64996.29,65024.73
2026-08-07 21:45:00+00:00,65024.74,65034.15,64928.0,64928.01
2026-08-07 22:00:00+00:00,64928.02,64932.08,64900.86,64932.08
2026-08-07 22:15:00+00:00,64932.07,64947.7,64909.55,64924.97
2026-08-07 22:30:00+00:00,64924.96,64924.97,64846.0,64877.29
2026-08-07 22:45:00+00:00,64877.28,64921.53,64877.28,64888.0
2026-08-07 23:00:00+00:00,64888.0,64890.14,64883.78,64890.02
2026-08-07 23:15:00+00:00,64890.02,64890.02,64869.99,64888.7
2026-08-07 23:30:00+00:00,64888.7,64901.2,64886.01,64901.2
2026-08-07 23:45:00+00:00,64901.2,64923.2,64901.19,64923.19
2026-08-08 00:00:00+00:00,64923.2,64954.0,64900.14,64901.0
2026-08-08 00:15:00+00:00,64901.01,64901.01,64784.19,64881.78
2026-08-08 00:30:00+00:00,64881.78,64900.9,64870.27,64900.89
2026-08-08 00:45:00+00:00,64900.9,64929.01,64899.78,64929.01
2026-08-08 01:00:00+00:00,64929.01,64965.0,64910.01,64957.15
2026-08-08 01:15:00+00:00,64957.16,64957.16,64908.97,64908.97
2026-08-08 01:30:00+00:00,64908.98,64940.25,64908.97,64935.0
2026-08-08 01:45:00+00:00,64934.99,64934.99,64909.55,64911.79
2026-08-08 02:00:00+00:00,64911.8,64913.39,64894.49,64904.4
2026-08-08 02:15:00+00:00,64904.39,64929.94,64901.09,64929.94
2026-08-08 02:30:00+00:00,64929.94,64957.47,64911.68,64922.46
2026-08-08 02:45:00+00:00,64922.45,64930.13,64918.27,64923.97
2026-08-08 03:00:00+00:00,64923.98,64950.03,64918.28,64932.87
2026-08-08 03:15:00+00:00,64932.87,65046.24,64932.86,65030.01
2026-08-08 03:30:00+00:00,65030.0,65074.18,65007.49,65015.61
2026-08-08 03:45:00+00:00,65015.6,65033.14,65000.0,65033.0
2026-08-08 04:00:00+00:00,65033.0,65067.73,64971.18,64981.6
2026-08-08 04:15:00+00:00,64981.61,65001.46,64976.0,65001.45
2026-08-08 04:30:00+00:00,65001.45,65071.15,65000.0,65038.66
2026-08-08 04:45:00+00:00,65038.67,65038.67,65000.52,65013.58
2026-08-08 05:00:00+00:00,65013.58,65013.58,64994.0,64994.01
2026-08-08 05:15:00+00:00,64994.01,65018.64,64994.0,65018.63
2026-08-08 05:30:00+00:00,65018.63,65018.64,65012.29,65017.72
2026-08-08 05:45:00+00:00,65017.72,65017.74,64976.0,64995.39
2026-08-08 06:00:00+00:00,64995.39,65000.49,64980.25,64980.26
2026-08-08 06:15:00+00:00,64980.25,64985.75,64967.67,64967.99
2026-08-08 06:30:00+00:00,64968.0,64990.02,64959.81,64990.02
2026-08-08 06:45:00+00:00,64990.01,65014.0,64990.01,65006.61
2026-08-08 07:00:00+00:00,65006.61,65006.61,64994.22,64994.23
2026-08-08 07:15:00+00:00,64994.23,64995.95,64989.57,64995.94
2026-08-08 07:30:00+00:00,64995.94,64995.95,64951.34,64954.1
2026-08-08 07:45:00+00:00,64954.11,64960.0,64952.69,64960.0
2026-08-08 08:00:00+00:00,64959.99,64966.0,64948.56,64965.99
2026-08-08 08:15:00+00:00,64966.0,64976.0,64963.07,64975.99
2026-08-08 08:30:00+00:00,64976.0,65020.5,64975.99,65015.54
2026-08-08 08:45:00+00:00,65015.53,65015.54,64991.68,64993.87
2026-08-08 09:00:00+00:00,64993.88,65007.42,64993.87,65007.42
2026-08-08 09:15:00+00:00,65007.41,65022.88,65007.41,65020.32
2026-08-08 09:30:00+00:00,65020.32,65050.0,65007.62,65012.55
2026-08-08 09:45:00+00:00,65012.56,65013.88,64992.98,64994.31
2026-08-08 10:00:00+00:00,64994.31,65008.93,64994.31,64996.77
2026-08-08 10:15:00+00:00,64996.78,65021.17,64996.77,65021.16
2026-08-08 10:30:00+00:00,65021.16,65022.43,65010.0,65010.01
2026-08-08 10:45:00+00:00,65010.01,65012.12,65005.87,65005.87
2026-08-08 11:00:00+00:00,65005.88,65024.1,65001.45,65018.79
2026-08-08 11:15:00+00:00,65018.79,65018.8,64973.97,64973.98
2026-08-08 11:30:00+00:00,64973.98,64973.98,64970.0,64970.0
2026-08-08 11:45:00+00:00,64970.01,64970.01,64957.0,64967.35
2026-08-08 12:00:00+00:00,64967.36,65007.72,64924.0,65007.72
2026-08-08 12:15:00+00:00,65007.72,65050.55,64974.09,64974.1
2026-08-08 12:30:00+00:00,64974.1,65023.06,64974.1,65005.82
2026-08-08 12:45:00+00:00,65005.82,65026.0,65005.81,65008.34
2026-08-08 13:00:00+00:00,65008.33,65017.85,65001.07,65005.45
2026-08-08 13:15:00+00:00,65005.45,65018.0,65005.45,65018.0
2026-08-08 13:30:00+00:00,65017.99,65018.0,65006.0,65008.3
2026-08-08 13:45:00+00:00,65008.29,65015.28,65000.0,65015.27
2026-08-08 14:00:00+00:00,65015.27,65058.69,65015.27,65058.69
2026-08-08 14:15:00+00:00,65058.69,65156.59,65045.3,65136.69
2026-08-08 14:30:00+00:00,65136.7,65192.54,65116.3,65116.3
2026-08-08 14:45:00+00:00,65116.31,65180.0,65116.3,65129.02
2026-08-08 15:00:00+00:00,65129.01,65149.57,65097.75,65105.44
2026-08-08 15:15:00+00:00,65105.43,65105.44,65078.08,65092.72
2026-08-08 15:30:00+00:00,65092.72,65092.73,65061.31,65061.31
2026-08-08 15:45:00+00:00,65061.32,65093.82,65061.31,65080.82
2026-08-08 16:00:00+00:00,65080.83,65116.82,65080.82,65087.02
2026-08-08 16:15:00+00:00,65087.03,65088.01,65080.0,65080.01
2026-08-08 16:30:00+00:00,65080.01,65080.01,65039.0,65060.85
2026-08-08 16:45:00+00:00,65060.85,65087.75,65060.85,65086.45
2026-08-08 17:00:00+00:00,65086.46,65132.57,65075.46,65118.13
2026-08-08 17:15:00+00:00,65118.13,65122.0,65104.6,65108.01
2026-08-08 17:30:00+00:00,65108.01,65150.0,65108.0,65122.18
2026-08-08 17:45:00+00:00,65122.18,65122.2,65109.09,65119.75
2026-08-08 18:00:00+00:00,65119.75,65119.75,65101.6,65101.6
2026-08-08 18:15:00+00:00,65101.61,65101.61,65025.54,65038.2
2026-08-08 18:30:00+00:00,65038.2,65057.07,65038.19,65048.17
2026-08-08 18:45:00+00:00,65048.17,65052.0,65044.07,65044.07
2026-08-08 19:00:00+00:00,65044.08,65044.08,65021.0,65021.0
2026-08-08 19:15:00+00:00,65021.01,65021.01,65018.99,65019.0
2026-08-08 19:30:00+00:00,65018.99,65044.01,65017.39,65044.0
2026-08-08 19:45:00+00:00,65044.01,65093.7,65044.0,65075.41
2026-08-08 20:00:00+00:00,65075.4,65076.45,65068.64,65076.45
2026-08-08 20:15:00+00:00,65076.44,65082.28,65060.0,65060.0
2026-08-08 20:30:00+00:00,65060.0,65078.0,65060.0,65073.92
2026-08-08 20:45:00+00:00,65073.93,65100.61,65060.72,65082.41
2026-08-08 21:00:00+00:00,65082.42,65082.42,65046.5,65046.5
2026-08-08 21:15:00+00:00,65046.5,65049.12,65032.41,65032.41
2026-08-08 21:30:00+00:00,65032.41,65065.0,65032.41,65057.55
2026-08-08 21:45:00+00:00,65057.56,65058.0,65000.53,65012.96
2026-08-08 22:00:00+00:00,65012.95,65038.0,65000.0,65000.0
2026-08-08 22:15:00+00:00,65000.01,65015.01,64993.5,64993.51
2026-08-08 22:30:00+00:00,64993.5,64999.29,64963.85,64977.51
2026-08-08 22:45:00+00:00,64977.51,64977.52,64948.17,64950.61
2026-08-08 23:00:00+00:00,64950.62,64950.62,64936.01,64936.01
2026-08-08 23:15:00+00:00,64936.01,64970.0,64936.01,64938.01
2026-08-08 23:30:00+00:00,64938.0,64975.99,64938.0,64970.7
2026-08-08 23:45:00+00:00,64970.71,64974.76,64951.25,64962.6
2026-08-09 00:00:00+00:00,64962.6,64969.5,64960.27,64960.27
2026-08-09 00:15:00+00:00,64960.27,64969.49,64958.17,64969.49
2026-08-09 00:30:00+00:00,64969.49,64991.93,64969.48,64977.1
2026-08-09 00:45:00+00:00,64977.11,64980.72,64965.67,64973.65
2026-08-09 01:00:00+00:00,64973.65,65002.0,64972.1,64983.49
2026-08-09 01:15:00+00:00,64983.49,64985.29,64863.03,64863.03
2026-08-09 01:30:00+00:00,64863.03,64891.39,64858.0,64889.67
2026-08-09 01:45:00+00:00,64889.68,64889.68,64838.33,64861.46
2026-08-09 02:00:00+00:00,64861.46,64863.16,64809.73,64858.58
2026-08-09 02:15:00+00:00,64858.58,64858.59,64840.69,64842.61
2026-08-09 02:30:00+00:00,64842.61,64845.23,64777.99,64777.99
2026-08-09 02:45:00+00:00,64777.92,64820.01,64777.92,64820.01
2026-08-09 03:00:00+00:00,64820.01,64820.01,64732.01,64732.01
2026-08-09 03:15:00+00:00,64732.01,64784.16,64730.08,64780.0
2026-08-09 03:30:00+00:00,64779.99,64802.8,64774.76,64800.18
2026-08-09 03:45:00+00:00,64800.19,64800.19,64788.79,64788.8
2026-08-09 04:00:00+00:00,64788.8,64816.85,64788.79,64816.85
2026-08-09 04:15:00+00:00,64816.85,64826.13,64809.01,64826.01
2026-08-09 04:30:00+00:00,64826.0,64826.01,64809.95,64809.96
2026-08-09 04:45:00+00:00,64809.95,64809.96,64785.0,64785.0
2026-08-09 05:00:00+00:00,64785.01,64786.3,64785.0,64786.29
2026-08-09 05:15:00+00:00,64786.29,64793.01,64786.0,64790.84
2026-08-09 05:30:00+00:00,64790.85,64790.85,64786.0,64786.01
2026-08-09 05:45:00+00:00,64786.0,64801.58,64777.0,64801.58
2026-08-09 06:00:00+00:00,64801.57,64815.45,64801.57,64815.45
2026-08-09 06:15:00+00:00,64815.44,64845.98,64815.44,64841.2
2026-08-09 06:30:00+00:00,64841.19,64867.11,64841.19,64867.1
2026-08-09 06:45:00+00:00,64867.11,64867.11,64849.99,64849.99
2026-08-09 07:00:00+00:00,64850.0,64860.01,64848.34,64853.56
2026-08-09 07:15:00+00:00,64853.57,64856.0,64840.85,64840.85
2026-08-09 07:30:00+00:00,64840.86,64842.7,64829.99,64840.75
2026-08-09 07:45:00+00:00,64840.76,64840.76,64826.14,64826.14
2026-08-09 08:00:00+00:00,64826.15,64960.06,64826.14,64922.67
2026-08-09 08:15:00+00:00,64922.67,64933.7,64886.81,64886.82
2026-08-09 08:30:00+00:00,64886.82,64893.83,64792.1,64792.11
2026-08-09 08:45:00+00:00,64792.1,64824.17,64792.1,64824.16
2026-08-09 09:00:00+00:00,64824.17,64830.69,64824.16,64824.17
2026-08-09 09:15:00+00:00,64824.18,64831.27,64809.68,64809.69
2026-08-09 09:30:00+00:00,64809.69,64814.56,64809.68,64814.56
2026-08-09 09:45:00+00:00,64814.56,64877.86,64814.53,64877.85
2026-08-09 10:00:00+00:00,64877.86,64951.26,64877.85,64950.99
2026-08-09 10:15:00+00:00,64951.0,64994.07,64944.45,64970.37
2026-08-09 10:30:00+00:00,64970.37,64973.93,64942.0,64944.0
2026-08-09 10:45:00+00:00,64944.01,64977.22,64944.0,64959.86
2026-08-09 11:00:00+00:00,64959.87,64978.01,64959.86,64975.99
2026-08-09 11:15:00+00:00,64975.99,64978.01,64975.99,64978.0
2026-08-09 11:30:00+00:00,64978.0,64994.92,64978.0,64990.46
2026-08-09 11:45:00+00:00,64990.46,65000.0,64950.0,64950.0
2026-08-09 12:00:00+00:00,64950.01,64950.01,64914.73,64937.58
2026-08-09 12:15:00+00:00,64937.59,64949.99,64937.58,64942.0
2026-08-09 12:30:00+00:00,64942.0,64942.0,64938.5,64938.52
2026-08-09 12:45:00+00:00,64938.52,64962.41,64938.52,64960.11
2026-08-09 13:00:00+00:00,64960.12,65032.51,64960.11,65017.89
2026-08-09 13:15:00+00:00,65017.9,65088.0,65017.89,65087.99
2026-08-09 13:30:00+00:00,65088.0,65266.0,65087.99,65219.79
2026-08-09 13:45:00+00:00,65219.8,65222.0,65197.48,65219.78
2026-08-09 14:00:00+00:00,65219.78,65239.26,65198.0,65237.79
2026-08-09 14:15:00+00:00,65237.8,65237.8,65160.49,65184.99
2026-08-09 14:30:00+00:00,65184.99,65222.0,65150.95,65167.64
2026-08-09 14:45:00+00:00,65167.64,65300.0,65167.64,65260.01
2026-08-09 15:00:00+00:00,65260.01,65264.0,65214.0,65250.7
2026-08-09 15:15:00+00:00,65250.7,65250.7,65229.39,65236.0
2026-08-09 15:30:00+00:00,65236.0,65236.01,65226.25,65226.26
2026-08-09 15:45:00+00:00,65226.25,65238.0,65226.25,65228.68
2026-08-09 16:00:00+00:00,65228.68,65266.06,65220.0,65233.54
2026-08-09 16:15:00+00:00,65233.55,65243.88,65182.36,65195.71
2026-08-09 16:30:00+00:00,65195.71,65258.68,65195.71,65255.99
2026-08-09 16:45:00+00:00,65255.98,65255.99,65232.14,65232.14
2026-08-09 17:00:00+00:00,65232.15,65232.16,65222.0,65222.0
2026-08-09 17:15:00+00:00,65222.0,65239.18,65222.0,65239.15
2026-08-09 17:30:00+00:00,65239.16,65239.16,65229.22,65229.22
2026-08-09 17:45:00+00:00,65229.23,65229.23,65198.68,65198.68
2026-08-09 18:00:00+00:00,65198.68,65203.51,65198.68,65203.5
2026-08-09 18:15:00+00:00,65203.51,65213.78,65192.0,65213.78
2026-08-09 18:30:00+00:00,65213.78,65220.0,65213.78,65220.0
2026-08-09 18:45:00+00:00,65220.0,65220.0,65199.68,65199.68
2026-08-09 19:00:00+00:00,65199.69,65199.99,65190.26,65199.99
2026-08-09 19:15:00+00:00,65199.98,65210.0,65198.87,65208.28
2026-08-09 19:30:00+00:00,65208.27,65208.28,65197.94,65197.94
2026-08-09 19:45:00+00:00,65197.94,65197.94,65179.72,65180.66
2026-08-09 20:00:00+00:00,65180.66,65181.99,65046.25,65073.3
2026-08-09 20:15:00+00:00,65073.3,65149.34,65073.29,65127.73
2026-08-09 20:30:00+00:00,65127.73,65163.31,65127.73,65139.96
2026-08-09 20:45:00+00:00,65139.96,65139.96,65127.53,65137.96
2026-08-09 21:00:00+00:00,65137.96,65137.98,65126.0,65126.0
2026-08-09 21:15:00+00:00,65126.0,65141.89,65115.05,65133.46
2026-08-09 21:30:00+00:00,65133.47,65250.0,65133.46,65222.95
2026-08-09 21:45:00+00:00,65222.96,65223.76,65184.38,65192.99
2026-08-09 22:00:00+00:00,65192.99,65474.46,65192.99,65408.05
2026-08-09 22:15:00+00:00,65408.05,65443.27,65212.15,65230.62
2026-08-09 22:30:00+00:00,65230.62,65243.9,64971.41,65029.69
2026-08-09 22:45:00+00:00,65029.7,65099.59,64971.5,65077.13
2026-08-09 23:00:00+00:00,65077.13,65108.0,64989.0,65022.0
2026-08-09 23:15:00+00:00,65022.0,65052.0,64901.0,64915.85
2026-08-09 23:30:00+00:00,64915.84,64940.16,64851.01,64903.04
2026-08-09 23:45:00+00:00,64903.04,64930.0,64842.59,64901.59
2026-08-10 00:00:00+00:00,64901.59,65322.58,64846.69,65144.67
2026-08-10 00:15:00+00:00,65144.66,65169.78,64980.59,65006.01
2026-08-10 00:30:00+00:00,65006.0,65045.65,64826.78,64838.0
2026-08-10 00:45:00+00:00,64838.0,65040.61,64838.0,64968.01
2026-08-10 01:00:00+00:00,64968.21,65030.0,64900.79,65001.38
2026-08-10 01:15:00+00:00,65001.39,65070.0,65001.38,65008.01
2026-08-10 01:30:00+00:00,65008.0,65013.74,64900.0,64970.71
2026-08-10 01:45:00+00:00,64970.7,65391.14,64970.7,65189.99
2026-08-10 02:00:00+00:00,65190.0,65205.84,65078.0,65103.37
2026-08-10 02:15:00+00:00,65103.38,65103.38,64903.54,64955.78
2026-08-10 02:30:00+00:00,64955.78,65220.0,64955.78,65200.48
2026-08-10 02:45:00+00:00,65200.22,65200.22,65078.01,65099.99
2026-08-10 03:00:00+00:00,65099.99,65104.73,64962.79,64962.8
2026-08-10 03:15:00+00:00,64962.8,65172.0,64904.99,65028.95
2026-08-10 03:30:00+00:00,65028.94,65095.62,65004.75,65024.81
2026-08-10 03:45:00+00:00,65024.82,65059.77,64957.01,64982.01
2026-08-10 04:00:00+00:00,64982.0,65072.0,64960.01,65071.99
2026-08-10 04:15:00+00:00,65071.99,65100.0,65025.53,65025.54
2026-08-10 04:30:00+00:00,65025.53,65037.03,64924.0,65009.33
2026-08-10 04:45:00+00:00,65009.34,65052.99,64982.25,65006.73
2026-08-10 05:00:00+00:00,65006.74,65052.99,64979.88,64987.59
2026-08-10 05:15:00+00:00,64987.6,65064.0,64987.6,65041.17
2026-08-10 05:30:00+00:00,65041.18,65083.8,65028.0,65083.59
2026-08-10 05:45:00+00:00,65083.6,65159.25,65054.75,65134.0
2026-08-10 06:00:00+00:00,65134.0,65281.54,65130.01,65200.99
2026-08-10 06:15:00+00:00,65200.98,65237.94,65150.0,65167.99
2026-08-10 06:30:00+00:00,65168.0,65270.0,65167.99,65245.64
2026-08-10 06:45:00+00:00,65245.65,65339.7,65241.92,65299.4
2026-08-10 07:00:00+00:00,65299.4,65307.28,65258.98,65266.01
2026-08-10 07:15:00+00:00,65266.0,65334.34,65232.58,65323.6
2026-08-10 07:30:00+00:00,65323.6,65379.13,65312.01,65326.46
2026-08-10 07:45:00+00:00,65326.45,65332.0,65196.53,65202.73
2026-08-10 08:00:00+00:00,65202.72,65309.09,65202.72,65262.15
2026-08-10 08:15:00+00:00,65262.16,65328.73,65230.0,65289.28
2026-08-10 08:30:00+00:00,65289.29,65300.0,65192.0,65224.79
2026-08-10 08:45:00+00:00,65224.8,65266.8,65212.0,65245.58
2026-08-10 09:00:00+00:00,65245.59,65245.59,65186.0,65224.01
2026-08-10 09:15:00+00:00,65224.0,65224.01,65162.0,65164.62
2026-08-10 09:30:00+00:00,65164.61,65164.61,65040.43,65052.58
2026-08-10 09:45:00+00:00,65052.58,65052.58,64958.87,64967.24
2026-08-10 10:00:00+00:00,64967.25,65074.61,64967.24,65043.6
2026-08-10 10:15:00+00:00,65043.61,65064.9,65001.04,65017.08
2026-08-10 10:30:00+00:00,65017.08,65056.14,64999.97,65002.61
2026-08-10 10:45:00+00:00,65002.62,65053.88,65002.61,65013.06
2026-08-10 11:00:00+00:00,65013.07,65033.81,64977.93,65011.37
2026-08-10 11:15:00+00:00,65011.37,65090.0,65011.36,65079.72
2026-08-10 11:30:00+00:00,65079.72,65099.09,65059.12,65061.6
2026-08-10 11:45:00+00:00,65061.6,65130.16,65061.6,65125.98
2026-08-10 12:00:00+00:00,65125.99,65237.8,65106.0,65126.0
2026-08-10 12:15:00+00:00,65126.01,65126.01,65041.45,65055.0
2026-08-10 12:30:00+00:00,65055.0,65056.8,64911.18,65018.0
2026-08-10 12:45:00+00:00,65018.0,65018.0,64850.0,64870.75
2026-08-10 13:00:00+00:00,64870.74,64912.32,64848.38,64884.16
2026-08-10 13:15:00+00:00,64884.15,64973.72,64883.52,64929.45
2026-08-10 13:30:00+00:00,64929.46,64940.31,64607.26,64646.01
2026-08-10 13:45:00+00:00,64646.0,64685.84,64518.01,64561.98
2026-08-10 14:00:00+00:00,64561.98,64753.6,64544.01,64752.0
2026-08-10 14:15:00+00:00,64752.0,64829.74,64715.7,64786.01
2026-08-10 14:30:00+00:00,64786.0,64888.32,64759.95,64828.55
2026-08-10 14:45:00+00:00,64828.56,64861.67,64608.0,64625.77
2026-08-10 15:00:00+00:00,64625.77,64711.43,64534.0,64562.0
2026-08-10 15:15:00+00:00,64562.0,64639.79,64310.0,64396.0
2026-08-10 15:30:00+00:00,64396.0,64413.46,64239.22,64338.64
2026-08-10 15:45:00+00:00,64338.65,64357.41,64203.15,64299.99
2026-08-10 16:00:00+00:00,64299.99,64354.0,64196.01,64218.01
2026-08-10 16:15:00+00:00,64218.0,64218.01,63988.0,64123.63
2026-08-10 16:30:00+00:00,64123.62,64180.71,63949.99,63966.0
2026-08-10 16:45:00+00:00,63966.0,63972.29,63830.57,63904.65
2026-08-10 17:00:00+00:00,63904.65,64014.0,63832.0,63996.0
2026-08-10 17:15:00+00:00,63996.01,64004.87,63923.07,63923.08
2026-08-10 17:30:00+00:00,63923.07,64027.12,63903.98,63949.62
2026-08-10 17:45:00+00:00,63949.61,63976.0,63876.0,63953.04
2026-08-10 18:00:00+00:00,63953.04,64020.64,63895.49,63938.06
2026-08-10 18:15:00+00:00,63938.05,64003.8,63881.75,63900.13
2026-08-10 18:30:00+00:00,63900.13,63931.18,63806.27,63888.0
2026-08-10 18:45:00+00:00,63888.0,63928.0,63843.98,63889.39
2026-08-10 19:00:00+00:00,63889.39,63932.0,63888.01,63927.28
2026-08-10 19:15:00+00:00,63927.27,64025.88,63906.15,64025.87
2026-08-10 19:30:00+00:00,64025.88,64101.34,63931.07,64031.35
2026-08-10 19:45:00+00:00,64031.36,64049.15,63986.23,64045.7
2026-08-10 20:00:00+00:00,64045.7,64089.97,64023.06,64051.99
2026-08-10 20:15:00+00:00,64051.99,64122.75,64046.76,64122.75
2026-08-10 20:30:00+00:00,64122.75,64215.21,64106.0,64176.35
2026-08-10 20:45:00+00:00,64176.34,64176.35,64140.59,64158.5
2026-08-10 21:00:00+00:00,64158.49,64158.5,64094.0,64113.83
2026-08-10 21:15:00+00:00,64113.83,64119.03,64072.72,64117.16
2026-08-10 21:30:00+00:00,64117.17,64119.03,64033.25,64040.81
2026-08-10 21:45:00+00:00,64040.81,64045.86,63987.0,63987.0
2026-08-10 22:00:00+00:00,63987.0,64045.42,63960.0,64040.65
2026-08-10 22:15:00+00:00,64040.66,64055.95,64010.0,64014.51
2026-08-10 22:30:00+00:00,64014.51,64014.52,63944.0,63986.0
2026-08-10 22:45:00+00:00,63986.0,64016.0,63985.99,64016.0
2026-08-10 23:00:00+00:00,64015.99,64020.0,63980.69,63984.0
2026-08-10 23:15:00+00:00,63984.01,63998.45,63948.54,63993.01
2026-08-10 23:30:00+00:00,63993.01,63993.01,63920.69,63968.0
2026-08-10 23:45:00+00:00,63968.0,63984.86,63947.25,63970.01
2026-08-11 00:00:00+00:00,63970.01,63995.01,63895.64,63995.01
2026-08-11 00:15:00+00:00,63995.0,63999.99,63926.0,63986.18
2026-08-11 00:30:00+00:00,63986.19,64006.03,63947.8,63973.99
2026-08-11 00:45:00+00:00,63974.0,64058.0,63974.0,64040.0
2026-08-11 01:00:00+00:00,64040.01,64079.88,63986.0,64061.88
2026-08-11 01:15:00+00:00,64061.89,64080.1,63980.51,64076.23
2026-08-11 01:30:00+00:00,64076.23,64076.23,63958.2,63991.26
2026-08-11 01:45:00+00:00,63991.27,64073.32,63987.02,64060.8
2026-08-11 02:00:00+00:00,64060.8,64086.0,64030.0,64030.0
2026-08-11 02:15:00+00:00,64030.0,64070.0,64030.0,64054.54
2026-08-11 02:30:00+00:00,64054.53,64055.72,64032.02,64045.04
2026-08-11 02:45:00+00:00,64045.04,64052.96,64035.28,64044.59
2026-08-11 03:00:00+00:00,64044.6,64102.0,64044.59,64100.8
2026-08-11 03:15:00+00:00,64100.8,64176.0,64100.79,64138.0
2026-08-11 03:30:00+00:00,64138.01,64160.01,64129.91,64129.92
2026-08-11 03:45:00+00:00,64129.93,64155.01,64119.96,64155.01
2026-08-11 04:00:00+00:00,64155.0,64159.65,64119.99,64120.0
2026-08-11 04:15:00+00:00,64119.99,64132.0,64106.0,64108.57
2026-08-11 04:30:00+00:00,64108.58,64110.19,64100.34,64100.34
2026-08-11 04:45:00+00:00,64100.35,64102.45,64021.02,64023.51
2026-08-11 05:00:00+00:00,64023.51,64051.93,64002.0,64046.81
2026-08-11 05:15:00+00:00,64046.8,64051.59,63964.0,63972.86
2026-08-11 05:30:00+00:00,63972.87,64041.88,63972.85,64036.0
2026-08-11 05:45:00+00:00,64036.0,64042.26,64000.0,64000.0
2026-08-11 06:00:00+00:00,64000.0,64050.43,63975.0,64034.72
2026-08-11 06:15:00+00:00,64034.72,64034.72,63936.0,63936.0
2026-08-11 06:30:00+00:00,63936.0,63968.41,63910.0,63920.0
2026-08-11 06:45:00+00:00,63919.99,63969.29,63852.0,63969.28
2026-08-11 07:00:00+00:00,63969.29,64010.73,63969.28,63970.22
2026-08-11 07:15:00+00:00,63970.22,63970.23,63911.09,63913.1
2026-08-11 07:30:00+00:00,63913.1,64087.7,63913.09,64073.26
2026-08-11 07:45:00+00:00,64073.26,64108.0,64047.99,64065.99
2026-08-11 08:00:00+00:00,64066.0,64110.82,64048.99,64048.99
2026-08-11 08:15:00+00:00,64049.0,64085.19,64044.72,64060.01
2026-08-11 08:30:00+00:00,64060.01,64118.0,64060.0,64117.99
2026-08-11 08:45:00+00:00,64117.99,64148.78,64096.01,64136.41
2026-08-11 09:00:00+00:00,64136.41,64160.0,64121.51,64129.98
2026-08-11 09:15:00+00:00,64129.98,64200.0,64129.98,64190.0
2026-08-11 09:30:00+00:00,64190.01,64246.97,64180.6,64243.13
2026-08-11 09:45:00+00:00,64243.13,64300.0,64243.13,64300.0
2026-08-11 10:00:00+00:00,64300.0,64312.7,64244.0,64244.0
2026-08-11 10:15:00+00:00,64244.0,64312.46,64200.0,64307.23
2026-08-11 10:30:00+00:00,64307.23,64312.0,64258.61,64275.98
2026-08-11 10:45:00+00:00,64275.99,64275.99,64219.62,64233.23
2026-08-11 11:00:00+00:00,64233.23,64390.48,64233.23,64358.48
2026-08-11 11:15:00+00:00,64358.48,64364.68,64339.99,64340.32
2026-08-11 11:30:00+00:00,64340.33,64349.51,64333.46,64340.0
2026-08-11 11:45:00+00:00,64340.0,64400.0,64330.0,64389.57
2026-08-11 12:00:00+00:00,64389.58,64515.43,64380.0,64475.58
2026-08-11 12:15:00+00:00,64475.59,64475.59,64294.07,64324.7
2026-08-11 12:30:00+00:00,64324.69,64383.87,64319.08,64328.89
2026-08-11 12:45:00+00:00,64328.88,64338.6,64274.57,64330.01
2026-08-11 13:00:00+00:00,64330.0,64368.42,64278.61,64319.62
2026-08-11 13:15:00+00:00,64319.61,64327.41,64174.0,64199.57
2026-08-11 13:30:00+00:00,64199.57,64240.0,64050.0,64169.73
2026-08-11 13:45:00+00:00,64169.73,64216.0,64051.0,64200.28
2026-08-11 14:00:00+00:00,64200.29,64230.0,64116.0,64219.62
2026-08-11 14:15:00+00:00,64219.63,64263.83,63918.01,64026.67
2026-08-11 14:30:00+00:00,64026.66,64062.0,63898.29,63957.64
2026-08-11 14:45:00+00:00,63958.0,64005.29,63714.75,63770.03
2026-08-11 15:00:00+00:00,63770.03,63864.36,63730.0,63782.0
2026-08-11 15:15:00+00:00,63782.0,63868.0,63710.01,63866.53
2026-08-11 15:30:00+00:00,63866.52,63866.52,63451.0,63564.0
2026-08-11 15:45:00+00:00,63564.0,63635.1,63475.0,63609.87
2026-08-11 16:00:00+00:00,63609.86,63660.0,63542.22,63602.0
2026-08-11 16:15:00+00:00,63602.01,63648.0,63579.97,63594.05
2026-08-11 16:30:00+00:00,63594.05,63619.15,63491.83,63493.14
2026-08-11 16:45:00+00:00,63493.15,63545.29,63459.54,63512.59
2026-08-11 17:00:00+00:00,63512.59,63536.85,63461.88,63508.01
2026-08-11 17:15:00+00:00,63508.01,63606.39,63492.0,63575.51
2026-08-11 17:30:00+00:00,63575.51,63588.51,63522.3,63554.0
2026-08-11 17:45:00+00:00,63554.0,63632.94,63536.01,63607.88
2026-08-11 18:00:00+00:00,63607.87,63626.03,63550.0,63589.98
2026-08-11 18:15:00+00:00,63589.98,63603.47,63475.2,63475.66
2026-08-11 18:30:00+00:00,63475.67,63506.68,63251.59,63307.68
2026-08-11 18:45:00+00:00,63307.67,63387.82,63306.49,63373.07
2026-08-11 19:00:00+00:00,63373.07,63380.0,63238.0,63248.54
2026-08-11 19:15:00+00:00,63248.53,63384.69,63248.53,63355.1
2026-08-11 19:30:00+00:00,63355.1,63460.47,63355.1,63453.69
2026-08-11 19:45:00+00:00,63453.69,63536.0,63388.51,63536.0
2026-08-11 20:00:00+00:00,63536.0,63715.78,63536.0,63673.28
2026-08-11 20:15:00+00:00,63673.27,63675.99,63610.51,63675.99
2026-08-11 20:30:00+00:00,63676.0,63748.21,63657.26,63678.0
2026-08-11 20:45:00+00:00,63678.01,63748.37,63678.0,63740.0
2026-08-11 21:00:00+00:00,63740.0,63753.34,63732.36,63735.29
2026-08-11 21:15:00+00:00,63735.29,63768.58,63653.75,63671.6
2026-08-11 21:30:00+00:00,63671.61,63689.05,63622.0,63666.78
2026-08-11 21:45:00+00:00,63666.78,63691.3,63648.36,63672.73
2026-08-11 22:00:00+00:00,63672.73,63768.0,63672.72,63736.0
2026-08-11 22:15:00+00:00,63736.01,63763.94,63703.07,63720.28
2026-08-11 22:30:00+00:00,63720.28,63730.01,63655.0,63655.01
2026-08-11 22:45:00+00:00,63655.0,63675.59,63626.25,63668.49
2026-08-11 23:00:00+00:00,63668.5,63668.5,63565.21,63580.01
2026-08-11 23:15:00+00:00,63580.0,63614.72,63543.55,63593.17
2026-08-11 23:30:00+00:00,63593.17,63639.85,63582.0,63639.84
2026-08-11 23:45:00+00:00,63639.85,63650.0,63600.0,63600.0
2026-08-12 00:00:00+00:00,63600.01,63607.58,63534.01,63607.57
2026-08-12 00:15:00+00:00,63607.57,63698.0,63578.0,63666.91
2026-08-12 00:30:00+00:00,63666.91,63721.06,63666.91,63718.0
2026-08-12 00:45:00+00:00,63718.0,63745.53,63717.99,63742.07
2026-08-12 01:00:00+00:00,63742.07,63784.34,63713.4,63784.33
2026-08-12 01:15:00+00:00,63784.34,63784.34,63742.0,63752.19
2026-08-12 01:30:00+00:00,63752.18,63820.58,63698.18,63820.58
2026-08-12 01:45:00+00:00,63820.58,63855.5,63789.99,63813.8
2026-08-12 02:00:00+00:00,63813.8,63879.99,63813.8,63851.84
2026-08-12 02:15:00+00:00,63851.84,63898.3,63782.41,63898.29
2026-08-12 02:30:00+00:00,63898.3,63908.01,63764.29,63778.48
2026-08-12 02:45:00+00:00,63778.47,63783.1,63730.72,63749.76
2026-08-12 03:00:00+00:00,63749.77,63798.0,63709.85,63713.08
2026-08-12 03:15:00+00:00,63713.08,63779.17,63709.85,63756.58
2026-08-12 03:30:00+00:00,63756.57,63845.91,63738.08,63814.79
2026-08-12 03:45:00+00:00,63814.79,63844.79,63780.0,63835.59
2026-08-12 04:00:00+00:00,63835.58,63840.37,63768.0,63785.62
2026-08-12 04:15:00+00:00,63785.63,63891.42,63785.62,63796.81
2026-08-12 04:30:00+00:00,63796.8,63796.8,63739.99,63771.13
2026-08-12 04:45:00+00:00,63771.12,63830.0,63749.99,63769.58
2026-08-12 05:00:00+00:00,63769.58,63816.98,63724.25,63816.98
2026-08-12 05:15:00+00:00,63816.98,63838.53,63814.76,63838.53
2026-08-12 05:30:00+00:00,63838.53,63869.56,63824.72,63852.62
2026-08-12 05:45:00+00:00,63852.63,63865.01,63821.44,63849.94
2026-08-12 06:00:00+00:00,63849.94,63849.94,63709.58,63709.58
2026-08-12 06:15:00+00:00,63709.58,63754.0,63622.26,63636.95
2026-08-12 06:30:00+00:00,63636.94,63678.0,63606.15,63653.77
2026-08-12 06:45:00+00:00,63653.77,63711.97,63630.88,63711.97
2026-08-12 07:00:00+00:00,63711.97,63799.15,63710.0,63760.57
2026-08-12 07:15:00+00:00,63760.57,63760.57,63729.25,63736.01
2026-08-12 07:30:00+00:00,63736.01,63772.82,63685.13,63700.97
2026-08-12 07:45:00+00:00,63700.97,63838.0,63644.1,63837.99
2026-08-12 08:00:00+00:00,63838.0,63867.2,63784.01,63791.77
2026-08-12 08:15:00+00:00,63791.77,63836.0,63791.76,63824.47
2026-08-12 08:30:00+00:00,63824.47,63824.47,63773.98,63779.37
2026-08-12 08:45:00+00:00,63779.37,63824.13,63779.36,63794.94
2026-08-12 09:00:00+00:00,63794.95,63862.29,63768.01,63856.0
2026-08-12 09:15:00+00:00,63856.0,64002.0,63855.99,63983.99
2026-08-12 09:30:00+00:00,63983.99,64088.0,63983.99,64042.55
2026-08-12 09:45:00+00:00,64042.55,64130.47,64034.0,64108.81
2026-08-12 10:00:00+00:00,64108.82,64218.0,64102.4,64123.63
2026-08-12 10:15:00+00:00,64123.64,64133.61,64059.99,64068.0
2026-08-12 10:30:00+00:00,64068.0,64160.89,64068.0,64146.0
2026-08-12 10:45:00+00:00,64146.0,64156.13,64080.01,64143.36
2026-08-12 11:00:00+00:00,64143.36,64213.68,64113.5,64136.47
2026-08-12 11:15:00+00:00,64136.47,64208.0,64130.0,64200.01
2026-08-12 11:30:00+00:00,64200.0,64218.0,64160.0,64196.58
2026-08-12 11:45:00+00:00,64196.58,64249.5,64195.0,64240.04
2026-08-12 12:00:00+00:00,64240.04,64319.32,64215.0,64265.67
2026-08-12 12:15:00+00:00,64265.67,64444.0,64262.5,64412.0
2026-08-12 12:30:00+00:00,64412.0,64500.0,64047.82,64097.99
2026-08-12 12:45:00+00:00,64097.99,64183.66,63976.37,64119.71
2026-08-12 13:00:00+00:00,64119.72,64159.36,63939.4,63984.0
2026-08-12 13:15:00+00:00,63983.99,64044.0,63912.36,63960.0
2026-08-12 13:30:00+00:00,63960.0,64014.96,63868.0,63983.15
2026-08-12 13:45:00+00:00,63983.14,64070.28,63840.0,63840.0
2026-08-12 14:00:00+00:00,63840.0,63926.13,63600.0,63792.12
2026-08-12 14:15:00+00:00,63792.12,63832.0,63649.99,63658.01
2026-08-12 14:30:00+00:00,63658.0,63695.07,63528.86,63608.0
2026-08-12 14:45:00+00:00,63608.0,63639.37,63362.74,63363.39
2026-08-12 15:00:00+00:00,63363.39,63528.63,63316.0,63500.01
2026-08-12 15:15:00+00:00,63500.01,63544.0,63438.96,63501.37
2026-08-12 15:30:00+00:00,63501.38,63570.01,63401.0,63530.0
2026-08-12 15:45:00+00:00,63530.01,63560.75,63419.23,63441.47
2026-08-12 16:00:00+00:00,63441.48,63500.0,63368.35,63476.06
2026-08-12 16:15:00+00:00,63476.06,63571.78,63466.0,63564.59
2026-08-12 16:30:00+00:00,63564.59,63578.0,63510.0,63520.39
2026-08-12 16:45:00+00:00,63520.39,63520.39,63468.0,63492.12
2026-08-12 17:00:00+00:00,63492.12,63541.99,63476.25,63540.73
2026-08-12 17:15:00+00:00,63540.72,63556.0,63426.36,63447.4
2026-08-12 17:30:00+00:00,63447.4,63504.0,63416.4,63476.01
2026-08-12 17:45:00+00:00,63476.01,63541.22,63455.03,63471.0
2026-08-12 18:00:00+00:00,63470.99,63504.15,63422.77,63474.8
2026-08-12 18:15:00+00:00,63474.8,63474.8,63380.0,63435.69
2026-08-12 18:30:00+00:00,63435.69,63522.56,63415.82,63443.01
2026-08-12 18:45:00+00:00,63443.02,63443.02,63373.97,63386.59
2026-08-12 19:00:00+00:00,63386.58,63431.94,63386.15,63386.16
2026-08-12 19:15:00+00:00,63386.16,63465.13,63310.34,63380.38
2026-08-12 19:30:00+00:00,63380.37,63402.0,63340.32,63340.32
2026-08-12 19:45:00+00:00,63340.32,63429.83,63322.52,63421.11
2026-08-12 20:00:00+00:00,63421.11,63514.57,63421.11,63462.4
2026-08-12 20:15:00+00:00,63462.4,63517.35,63427.08,63506.82
2026-08-12 20:30:00+00:00,63506.82,63570.01,63506.82,63546.01
2026-08-12 20:45:00+00:00,63546.0,63600.0,63528.57,63599.99
2026-08-12 21:00:00+00:00,63600.0,63661.24,63558.6,63584.63
2026-08-12 21:15:00+00:00,63584.62,63595.81,63468.0,63485.18
2026-08-12 21:30:00+00:00,63485.18,63544.0,63421.61,63535.27
2026-08-12 21:45:00+00:00,63535.27,63580.0,63456.58,63469.83
2026-08-12 22:00:00+00:00,63469.84,63536.0,63425.08,63496.82
2026-08-12 22:15:00+00:00,63496.82,63532.0,63485.33,63490.35
2026-08-12 22:30:00+00:00,63490.34,63494.69,63370.0,63406.2
2026-08-12 22:45:00+00:00,63406.2,63438.0,63396.01,63432.28
2026-08-12 23:00:00+00:00,63432.28,63439.99,63383.54,63413.13
2026-08-12 23:15:00+00:00,63413.14,63444.36,63378.23,63430.51
2026-08-12 23:30:00+00:00,63430.51,63482.89,63389.99,63416.97
2026-08-12 23:45:00+00:00,63416.96,63482.89,63406.67,63479.99
2026-08-13 00:00:00+00:00,63479.99,63602.96,63460.32,63602.96
2026-08-13 00:15:00+00:00,63602.96,63717.31,63584.76,63626.66
2026-08-13 00:30:00+00:00,63626.19,63626.19,63504.59,63515.71
2026-08-13 00:45:00+00:00,63515.71,63602.0,63501.36,63556.92
2026-08-13 01:00:00+00:00,63556.91,63631.67,63519.89,63631.66
2026-08-13 01:15:00+00:00,63631.66,63631.67,63400.0,63416.37
2026-08-13 01:30:00+00:00,63416.37,63539.95,63407.67,63412.36
2026-08-13 01:45:00+00:00,63412.35,63516.0,63382.45,63456.11
2026-08-13 02:00:00+00:00,63456.1,63480.0,63426.58,63470.01
2026-08-13 02:15:00+00:00,63470.0,63483.99,63426.72,63470.01
2026-08-13 02:30:00+00:00,63470.01,63498.26,63380.0,63498.26
2026-08-13 02:45:00+00:00,63498.26,63582.0,63478.0,63550.01
2026-08-13 03:00:00+00:00,63550.01,63584.82,63514.21,63576.77
2026-08-13 03:15:00+00:00,63576.77,63639.61,63559.37,63570.0
2026-08-13 03:30:00+00:00,63570.0,63635.76,63567.86,63576.21
2026-08-13 03:45:00+00:00,63576.22,63686.4,63576.22,63646.99
2026-08-13 04:00:00+00:00,63647.0,63679.6,63624.97,63679.55
2026-08-13 04:15:00+00:00,63679.55,63679.55,63591.56,63595.13
2026-08-13 04:30:00+00:00,63595.13,63711.09,63595.12,63696.47
2026-08-13 04:45:00+00:00,63696.48,63778.0,63691.18,63693.74
2026-08-13 05:00:00+00:00,63693.73,63881.99,63671.64,63881.18
2026-08-13 05:15:00+00:00,63881.19,64010.0,63881.19,63942.66
2026-08-13 05:30:00+00:00,63942.67,63955.2,63901.45,63926.64
2026-08-13 05:45:00+00:00,63926.63,63933.08,63878.0,63878.0
2026-08-13 06:00:00+00:00,63878.01,63886.73,63815.28,63835.88
2026-08-13 06:15:00+00:00,63835.88,63850.08,63814.35,63826.38
2026-08-13 06:30:00+00:00,63826.38,63826.38,63760.88,63760.89
2026-08-13 06:45:00+00:00,63760.88,63942.36,63757.47,63942.35
2026-08-13 07:00:00+00:00,63942.36,63947.09,63864.81,63878.02
2026-08-13 07:15:00+00:00,63878.02,63919.98,63862.0,63899.21
2026-08-13 07:30:00+00:00,63899.21,63903.19,63875.51,63875.52
2026-08-13 07:45:00+00:00,63875.52,63875.52,63856.13,63865.84
2026-08-13 08:00:00+00:00,63865.84,63915.0,63836.0,63836.0
2026-08-13 08:15:00+00:00,63836.01,63840.01,63774.29,63784.61
2026-08-13 08:30:00+00:00,63784.61,63801.99,63774.99,63801.99
2026-08-13 08:45:00+00:00,63801.99,63801.99,63742.0,63766.8
2026-08-13 09:00:00+00:00,63766.8,63768.77,63620.0,63620.01
2026-08-13 09:15:00+00:00,63620.0,63710.0,63587.99,63657.73
2026-08-13 09:30:00+00:00,63657.72,63703.94,63657.72,63700.48
2026-08-13 09:45:00+00:00,63700.47,63786.49,63700.47,63782.64
2026-08-13 10:00:00+00:00,63782.65,63818.16,63617.36,63621.06
2026-08-13 10:15:00+00:00,63621.07,63676.0,63617.36,63628.01
2026-08-13 10:30:00+00:00,63628.01,63637.87,63586.0,63637.37
2026-08-13 10:45:00+00:00,63637.37,63651.2,63637.36,63651.19
2026-08-13 11:00:00+00:00,63651.2,63660.76,63613.96,63622.97
2026-08-13 11:15:00+00:00,63622.96,63632.48,63442.63,63442.64
2026-08-13 11:30:00+00:00,63442.63,63480.0,63350.0,63465.66
2026-08-13 11:45:00+00:00,63465.66,63502.4,63460.0,63484.3
2026-08-13 12:00:00+00:00,63484.31,63563.45,63450.0,63563.45
2026-08-13 12:15:00+00:00,63563.45,63590.01,63555.49,63582.11
2026-08-13 12:30:00+00:00,63582.11,63691.99,63468.0,63587.16
2026-08-13 12:45:00+00:00,63587.16,63710.0,63564.0,63697.76
2026-08-13 13:00:00+00:00,63697.76,63804.28,63697.76,63743.66
2026-08-13 13:15:00+00:00,63743.67,63743.67,63570.13,63607.68
2026-08-13 13:30:00+00:00,63607.68,63850.0,63566.0,63807.92
2026-08-13 13:45:00+00:00,63807.92,63845.83,63690.0,63724.0
2026-08-13 14:00:00+00:00,63723.99,63846.17,63686.0,63812.01
2026-08-13 14:15:00+00:00,63812.0,63884.07,63768.17,63810.47
2026-08-13 14:30:00+00:00,63810.47,63999.0,63772.0,63960.0
2026-08-13 14:45:00+00:00,63960.0,63968.0,63854.01,63859.45
2026-08-13 15:00:00+00:00,63859.46,63940.08,63819.19,63826.21
2026-08-13 15:15:00+00:00,63826.2,63888.0,63590.8,63627.15
2026-08-13 15:30:00+00:00,63627.15,63752.0,63607.87,63727.29
2026-08-13 15:45:00+00:00,63727.29,63727.29,63420.0,63420.01
2026-08-13 16:00:00+00:00,63420.01,63509.4,63390.23,63464.29
2026-08-13 16:15:00+00:00,63464.29,63568.97,63323.34,63361.48
2026-08-13 16:30:00+00:00,63361.48,63438.29,62802.27,62996.0
2026-08-13 16:45:00+00:00,62995.99,63237.0,62930.74,63160.13
2026-08-13 17:00:00+00:00,63160.13,63160.14,63074.44,63129.78
2026-08-13 17:15:00+00:00,63129.78,63262.0,63104.68,63184.6
2026-08-13 17:30:00+00:00,63184.6,63264.26,63107.63,63244.7
2026-08-13 17:45:00+00:00,63244.7,63294.61,63144.37,63144.38
2026-08-13 18:00:00+00:00,63144.37,63288.0,63122.0,63209.63
2026-08-13 18:15:00+00:00,63209.64,63251.3,63120.0,63120.01
2026-08-13 18:30:00+00:00,63120.01,63200.0,63105.44,63200.0
2026-08-13 18:45:00+00:00,63200.0,63369.63,63184.39,63310.0
2026-08-13 19:00:00+00:00,63310.0,63519.39,63310.0,63406.17
2026-08-13 19:15:00+00:00,63406.17,63428.0,63381.45,63418.24
2026-08-13 19:30:00+00:00,63418.25,63442.0,63388.0,63415.28
2026-08-13 19:45:00+00:00,63415.28,63466.0,63392.93,63407.99
2026-08-13 20:00:00+00:00,63408.0,63466.0,63368.0,63414.25
2026-08-13 20:15:00+00:00,63414.26,63459.78,63414.26,63453.32
2026-08-13 20:30:00+00:00,63453.31,63474.34,63408.9,63417.95
2026-08-13 20:45:00+00:00,63417.94,63417.95,63382.5,63415.55
2026-08-13 21:00:00+00:00,63415.56,63477.13,63390.0,63432.58
2026-08-13 21:15:00+00:00,63432.58,63455.68,63415.76,63455.59
2026-08-13 21:30:00+00:00,63455.59,63500.0,63449.46,63450.12
2026-08-13 21:45:00+00:00,63450.11,63474.0,63438.4,63474.0
2026-08-13 22:00:00+00:00,63474.0,63628.0,63473.99,63612.66
2026-08-13 22:15:00+00:00,63612.66,63640.0,63574.0,63619.99
2026-08-13 22:30:00+00:00,63620.0,63626.0,63554.97,63554.97
2026-08-13 22:45:00+00:00,63554.97,63560.46,63530.0,63530.01
2026-08-13 23:00:00+00:00,63530.01,63539.03,63450.0,63478.01
2026-08-13 23:15:00+00:00,63478.0,63488.88,63455.41,63479.52
2026-08-13 23:30:00+00:00,63479.51,63501.14,63448.0,63459.97
2026-08-13 23:45:00+00:00,63459.97,63495.57,63400.0,63490.86
2026-08-14 00:00:00+00:00,63490.86,63508.0,63421.64,63503.24
2026-08-14 00:15:00+00:00,63503.23,63552.99,63422.77,63444.34
2026-08-14 00:30:00+00:00,63444.34,63548.87,63410.0,63526.01
2026-08-14 00:45:00+00:00,63526.01,63552.99,63478.46,63541.45
2026-08-14 01:00:00+00:00,63541.45,63585.92,63482.0,63507.83
2026-08-14 01:15:00+00:00,63507.83,63566.27,63458.0,63486.09
2026-08-14 01:30:00+00:00,63486.09,63558.0,63468.07,63557.99
2026-08-14 01:45:00+00:00,63557.99,63585.01,63521.12,63575.86
2026-08-14 02:00:00+00:00,63575.86,63617.45,63502.34,63568.83
2026-08-14 02:15:00+00:00,63568.83,63582.0,63479.85,63487.54
2026-08-14 02:30:00+00:00,63487.55,63557.79,63487.54,63516.42
2026-08-14 02:45:00+00:00,63516.42,63559.76,63465.38,63465.39
2026-08-14 03:00:00+00:00,63465.39,63492.11,63418.74,63492.11
2026-08-14 03:15:00+00:00,63492.11,63576.0,63453.3,63464.0
2026-08-14 03:30:00+00:00,63464.0,63464.01,63357.34,63380.1
2026-08-14 03:45:00+00:00,63380.09,63380.1,63301.58,63310.0
2026-08-14 04:00:00+00:00,63310.0,63408.27,63276.0,63408.26
2026-08-14 04:15:00+00:00,63408.27,63472.5,63370.75,63423.5
2026-08-14 04:30:00+00:00,63423.49,63429.0,63383.0,63389.99
2026-08-14 04:45:00+00:00,63390.0,63397.99,63367.72,63372.56
2026-08-14 05:00:00+00:00,63372.56,63400.3,63332.73,63337.22
2026-08-14 05:15:00+00:00,63337.22,63356.0,63286.67,63322.65
2026-08-14 05:30:00+00:00,63322.64,63370.91,63306.0,63350.01
2026-08-14 05:45:00+00:00,63350.01,63395.81,63345.95,63379.83
2026-08-14 06:00:00+00:00,63379.83,63379.83,63294.52,63294.52
2026-08-14 06:15:00+00:00,63294.53,63299.6,63183.87,63183.87
2026-08-14 06:30:00+00:00,63183.88,63243.53,63174.04,63180.53
2026-08-14 06:45:00+00:00,63180.54,63207.78,62942.0,62974.14
2026-08-14 07:00:00+00:00,62974.14,63086.16,62952.17,63072.0
2026-08-14 07:15:00+00:00,63072.0,63110.0,63071.99,63103.18
2026-08-14 07:30:00+00:00,63103.18,63104.13,62965.9,63024.42
2026-08-14 07:45:00+00:00,63024.42,63024.42,62920.0,62920.78
2026-08-14 08:00:00+00:00,62920.78,62946.88,62900.0,62913.54
2026-08-14 08:15:00+00:00,62913.84,62997.83,62735.2,62781.17
2026-08-14 08:30:00+00:00,62781.17,62876.19,62700.0,62843.49
2026-08-14 08:45:00+00:00,62843.48,62942.58,62818.08,62940.01
2026-08-14 09:00:00+00:00,62940.01,62940.01,62856.0,62877.04
2026-08-14 09:15:00+00:00,62877.05,62912.32,62794.98,62794.98
2026-08-14 09:30:00+00:00,62794.99,62817.59,62744.0,62763.78
2026-08-14 09:45:00+00:00,62763.78,62841.37,62763.78,62792.75
2026-08-14 10:00:00+00:00,62792.75,62864.95,62739.98,62861.17
2026-08-14 10:15:00+00:00,62861.16,62919.99,62850.29,62888.45
2026-08-14 10:30:00+00:00,62888.45,62946.0,62858.04,62874.84
2026-08-14 10:45:00+00:00,62874.85,62893.54,62803.1,62814.14
2026-08-14 11:00:00+00:00,62814.14,62889.69,62814.0,62859.8
2026-08-14 11:15:00+00:00,62859.8,62920.84,62840.59,62894.78
2026-08-14 11:30:00+00:00,62894.79,62936.82,62842.62,62896.3
2026-08-14 11:45:00+00:00,62896.31,62930.52,62853.83,62868.83
2026-08-14 12:00:00+00:00,62868.83,62902.0,62764.18,62824.77
2026-08-14 12:15:00+00:00,62824.77,62891.99,62802.01,62891.99
2026-08-14 12:30:00+00:00,62891.99,62913.3,62761.96,62761.96
2026-08-14 12:45:00+00:00,62761.91,62811.79,62726.26,62741.69
2026-08-14 13:00:00+00:00,62741.68,62754.95,62605.0,62688.43
2026-08-14 13:15:00+00:00,62688.42,62796.18,62640.5,62782.56
2026-08-14 13:30:00+00:00,62782.56,62822.33,62612.01,62718.39
2026-08-14 13:45:00+00:00,62718.39,62750.61,62607.02,62668.0
2026-08-14 14:00:00+00:00,62668.0,62734.0,62600.33,62610.0
2026-08-14 14:15:00+00:00,62610.0,62707.23,62573.23,62673.25
2026-08-14 14:30:00+00:00,62673.26,62797.88,62658.77,62746.02
2026-08-14 14:45:00+00:00,62746.02,62784.86,62535.24,62620.01
2026-08-14 15:00:00+00:00,62620.01,62720.0,62612.0,62705.55
2026-08-14 15:15:00+00:00,62705.56,62855.32,62681.29,62855.32
2026-08-14 15:30:00+00:00,62855.32,63030.0,62792.01,63006.14
2026-08-14 15:45:00+00:00,63006.14,63089.18,62950.78,62990.95
2026-08-14 16:00:00+00:00,62990.94,63103.96,62966.86,63043.3
2026-08-14 16:15:00+00:00,63043.31,63166.48,63035.51,63118.52
2026-08-14 16:30:00+00:00,63118.51,63215.58,63096.68,63210.31
2026-08-14 16:45:00+00:00,63210.32,63210.32,63105.26,63133.48
2026-08-14 17:00:00+00:00,63133.49,63179.77,63116.0,63179.76
2026-08-14 17:15:00+00:00,63179.76,63247.05,63166.14,63202.0
2026-08-14 17:30:00+00:00,63202.0,63220.0,63075.72,63109.97
2026-08-14 17:45:00+00:00,63109.98,63127.16,63000.0,63013.69
2026-08-14 18:00:00+00:00,63013.7,63070.0,62958.0,63004.0
2026-08-14 18:15:00+00:00,63004.0,63088.21,63004.0,63037.82
2026-08-14 18:30:00+00:00,63037.81,63039.15,62948.03,62972.02
2026-08-14 18:45:00+00:00,62972.02,62974.53,62894.85,62930.01
2026-08-14 19:00:00+00:00,62930.01,62930.01,62852.34,62859.26
2026-08-14 19:15:00+00:00,62859.26,62936.49,62830.0,62929.1
2026-08-14 19:30:00+00:00,62929.1,62982.99,62888.91,62982.99
2026-08-14 19:45:00+00:00,62982.99,62996.0,62943.39,62968.05
2026-08-14 20:00:00+00:00,62968.06,63020.74,62964.78,62974.76
2026-08-14 20:15:00+00:00,62974.77,62987.44,62934.0,62949.74
2026-08-14 20:30:00+00:00,62949.73,62957.28,62912.0,62912.51
2026-08-14 20:45:00+00:00,62912.51,62937.22,62896.85,62907.59
2026-08-14 21:00:00+00:00,62907.59,62937.22,62898.58,62904.0
2026-08-14 21:15:00+00:00,62904.01,62922.53,62888.0,62892.71
2026-08-14 21:30:00+00:00,62892.71,62912.0,62873.25,62889.01
2026-08-14 21:45:00+00:00,62889.01,62928.49,62876.89,62928.49
2026-08-14 22:00:00+00:00,62928.49,62957.28,62833.33,62833.33
2026-08-14 22:15:00+00:00,62833.33,62840.16,62800.0,62823.99
2026-08-14 22:30:00+00:00,62823.99,62884.0,62823.99,62883.99
2026-08-14 22:45:00+00:00,62884.0,62895.99,62868.53,62886.88
2026-08-14 23:00:00+00:00,62886.87,62930.0,62884.35,62929.99
2026-08-14 23:15:00+00:00,62930.0,62956.81,62865.03,62948.11
2026-08-14 23:30:00+00:00,62948.11,63029.53,62905.99,63008.89
2026-08-14 23:45:00+00:00,63008.89,63066.13,63008.88,63043.56
2026-08-15 00:00:00+00:00,63043.56,63059.5,63008.01,63012.37
2026-08-15 00:15:00+00:00,63012.37,63033.41,63000.0,63010.0
2026-08-15 00:30:00+00:00,63010.0,63023.97,63000.67,63019.98
2026-08-15 00:45:00+00:00,63019.99,63031.81,62992.91,63019.88
2026-08-15 01:00:00+00:00,63019.89,63035.27,62993.57,63012.89
2026-08-15 01:15:00+00:00,63012.89,63037.92,62999.89,63034.0
2026-08-15 01:30:00+00:00,63034.0,63051.78,63015.7,63030.0
2026-08-15 01:45:00+00:00,63030.01,63045.14,63023.64,63045.13
2026-08-15 02:00:00+00:00,63045.14,63065.8,63035.95,63051.99
2026-08-15 02:15:00+00:00,63052.0,63118.41,63052.0,63102.57
2026-08-15 02:30:00+00:00,63102.58,63134.82,63102.57,63121.12
2026-08-15 02:45:00+00:00,63121.12,63134.41,63121.12,63134.41
2026-08-15 03:00:00+00:00,63134.41,63155.0,63134.4,63154.0
2026-08-15 03:15:00+00:00,63154.0,63187.98,63088.0,63091.75
2026-08-15 03:30:00+00:00,63091.75,63091.75,63046.0,63064.34
2026-08-15 03:45:00+00:00,63064.34,63075.03,63039.99,63051.25
2026-08-15 04:00:00+00:00,63051.25,63100.0,63051.25,63099.99
2026-08-15 04:15:00+00:00,63099.99,63130.0,63099.99,63124.57
2026-08-15 04:30:00+00:00,63124.57,63151.64,63123.29,63151.64
2026-08-15 04:45:00+00:00,63151.64,63151.65,63122.0,63122.0
2026-08-15 05:00:00+00:00,63122.01,63149.54,63122.0,63149.54
2026-08-15 05:15:00+00:00,63149.54,63155.76,63124.53,63124.54
2026-08-15 05:30:00+00:00,63124.53,63124.54,63056.18,63075.07
2026-08-15 05:45:00+00:00,63075.07,63094.64,63039.99,63089.0
2026-08-15 06:00:00+00:00,63089.0,63095.32,63037.76,63037.76
2026-08-15 06:15:00+00:00,63037.77,63067.85,63027.89,63036.5
2026-08-15 06:30:00+00:00,63036.5,63069.29,63036.5,63069.29
2026-08-15 06:45:00+00:00,63069.29,63134.84,63069.28,63114.68
2026-08-15 07:00:00+00:00,63114.68,63134.83,63068.0,63134.83
2026-08-15 07:15:00+00:00,63134.83,63134.83,63069.83,63076.75
2026-08-15 07:30:00+00:00,63076.75,63099.48,63063.01,63079.93
2026-08-15 07:45:00+00:00,63079.92,63082.0,63042.0,63075.43
2026-08-15 08:00:00+00:00,63075.43,63085.8,63061.87,63061.88
2026-08-15 08:15:00+00:00,63061.87,63065.97,63052.7,63052.71
2026-08-15 08:30:00+00:00,63052.71,63052.72,63020.0,63020.01
2026-08-15 08:45:00+00:00,63020.0,63057.58,62933.71,62935.72
2026-08-15 09:00:00+00:00,62935.72,62960.27,62920.0,62956.64
2026-08-15 09:15:00+00:00,62956.64,62982.76,62956.63,62981.37
2026-08-15 09:30:00+00:00,62981.38,63029.15,62981.37,63026.61
2026-08-15 09:45:00+00:00,63026.62,63045.83,63026.61,63030.38
2026-08-15 10:00:00+00:00,63030.39,63033.25,63002.12,63018.81
2026-08-15 10:15:00+00:00,63018.81,63020.0,63018.8,63019.99
2026-08-15 10:30:00+00:00,63020.0,63044.0,63018.76,63035.99
2026-08-15 10:45:00+00:00,63036.0,63051.74,63027.12,63046.1
2026-08-15 11:00:00+00:00,63046.1,63046.11,63029.67,63030.0
2026-08-15 11:15:00+00:00,63030.0,63044.95,63030.0,63032.54
2026-08-15 11:30:00+00:00,63032.53,63047.78,63032.53,63047.77
2026-08-15 11:45:00+00:00,63047.78,63054.69,62996.85,63022.01
2026-08-15 12:00:00+00:00,63022.01,63022.01,62986.36,62986.37
2026-08-15 12:15:00+00:00,62986.36,62987.26,62984.73,62987.26
2026-08-15 12:30:00+00:00,62987.25,62987.26,62960.46,62960.47
2026-08-15 12:45:00+00:00,62960.46,63055.36,62946.58,63050.13
2026-08-15 13:00:00+00:00,63050.12,63080.88,63028.11,63073.14
2026-08-15 13:15:00+00:00,63073.14,63078.96,63036.0,63036.01
2026-08-15 13:30:00+00:00,63036.0,63049.6,63031.43,63031.43
2026-08-15 13:45:00+00:00,63031.44,63060.35,63031.43,63060.35
2026-08-15 14:00:00+00:00,63060.34,63060.35,63034.45,63055.01
2026-08-15 14:15:00+00:00,63055.01,63055.01,62996.77,63040.0
2026-08-15 14:30:00+00:00,63040.01,63040.08,63029.89,63040.0
2026-08-15 14:45:00+00:00,63040.0,63051.43,63040.0,63040.0
2026-08-15 15:00:00+00:00,63040.01,63045.7,63040.0,63040.01
2026-08-15 15:15:00+00:00,63040.01,63078.96,63032.0,63073.55
2026-08-15 15:30:00+00:00,63073.55,63120.09,63073.54,63115.59
2026-08-15 15:45:00+00:00,63115.59,63115.6,63100.55,63100.55
2026-08-15 16:00:00+00:00,63100.55,63100.56,63076.0,63083.03
2026-08-15 16:15:00+00:00,63083.03,63121.6,63066.73,63121.59
2026-08-15 16:30:00+00:00,63121.6,63124.99,63092.92,63096.6
2026-08-15 16:45:00+00:00,63096.6,63096.63,63095.56,63096.63
2026-08-15 17:00:00+00:00,63096.62,63096.63,63096.58,63096.59
2026-08-15 17:15:00+00:00,63096.58,63100.69,63066.21,63070.5
2026-08-15 17:30:00+00:00,63070.49,63070.5,63070.49,63070.49
2026-08-15 17:45:00+00:00,63070.49,63070.5,63070.48,63070.5
2026-08-15 18:00:00+00:00,63070.49,63115.58,63070.0,63097.16
2026-08-15 18:15:00+00:00,63097.15,63097.16,63050.05,63050.05
2026-08-15 18:30:00+00:00,63050.06,63050.06,63050.05,63050.06
2026-08-15 18:45:00+00:00,63050.05,63057.58,63044.37,63057.58
2026-08-15 19:00:00+00:00,63057.58,63090.98,63057.57,63086.6
2026-08-15 19:15:00+00:00,63086.61,63125.0,63086.6,63101.31
2026-08-15 19:30:00+00:00,63101.31,63127.4,63101.31,63115.58
2026-08-15 19:45:00+00:00,63115.58,63126.08,63115.57,63126.08
2026-08-15 20:00:00+00:00,63126.07,63126.08,63076.96,63078.62
2026-08-15 20:15:00+00:00,63078.62,63078.63,63078.62,63078.63
2026-08-15 20:30:00+00:00,63078.62,63081.17,63078.62,63081.17
2026-08-15 20:45:00+00:00,63081.17,63103.3,63081.16,63103.29
2026-08-15 21:00:00+00:00,63103.29,63104.57,63103.29,63104.56
2026-08-15 21:15:00+00:00,63104.55,63154.98,63104.55,63154.97
2026-08-15 21:30:00+00:00,63154.98,63168.17,63139.57,63168.17
2026-08-15 21:45:00+00:00,63168.17,63168.95,63155.07,63159.04
2026-08-15 22:00:00+00:00,63159.04,63165.53,63150.0,63150.0
2026-08-15 22:15:00+00:00,63150.01,63152.63,63135.52,63152.62
2026-08-15 22:30:00+00:00,63152.63,63159.33,63152.62,63158.8
2026-08-15 22:45:00+00:00,63158.81,63175.0,63135.52,63135.52
2026-08-15 23:00:00+00:00,63135.52,63139.96,63112.9,63134.0
2026-08-15 23:15:00+00:00,63134.0,63134.0,63112.0,63112.0
2026-08-15 23:30:00+00:00,63112.01,63112.01,63100.0,63102.75
2026-08-15 23:45:00+00:00,63102.76,63104.0,63086.0,63086.01
2026-08-16 00:00:00+00:00,63086.01,63086.01,63067.47,63071.74
