time,open,high,low,close
2026-07-06 21:15:00+00:00,7.18,7.18,7.14,7.16
2026-07-06 21:30:00+00:00,7.15,7.16,7.15,7.16
2026-07-06 21:45:00+00:00,7.16,7.18,7.16,7.18
2026-07-06 22:00:00+00:00,7.18,7.19,7.16,7.16
2026-07-06 22:15:00+00:00,7.16,7.17,7.14,7.14
2026-07-06 22:30:00+00:00,7.14,7.15,7.13,7.14
2026-07-06 22:45:00+00:00,7.14,7.14,7.12,7.13
2026-07-06 23:00:00+00:00,7.13,7.15,7.13,7.14
2026-07-06 23:15:00+00:00,7.14,7.15,7.12,7.13
2026-07-06 23:30:00+00:00,7.13,7.14,7.12,7.12
2026-07-06 23:45:00+00:00,7.12,7.13,7.11,7.11
2026-07-07 00:00:00+00:00,7.11,7.15,7.11,7.13
2026-07-07 00:15:00+00:00,7.13,7.17,7.12,7.16
2026-07-07 00:30:00+00:00,7.15,7.17,7.13,7.13
2026-07-07 00:45:00+00:00,7.13,7.17,7.13,7.15
2026-07-07 01:00:00+00:00,7.15,7.15,7.11,7.12
2026-07-07 01:15:00+00:00,7.12,7.12,7.09,7.1
2026-07-07 01:30:00+00:00,7.1,7.11,7.1,7.1
2026-07-07 01:45:00+00:00,7.11,7.12,7.09,7.09
2026-07-07 02:00:00+00:00,7.09,7.1,7.08,7.09
2026-07-07 02:15:00+00:00,7.09,7.09,7.06,7.07
2026-07-07 02:30:00+00:00,7.07,7.07,7.04,7.05
2026-07-07 02:45:00+00:00,7.05,7.06,7.03,7.03
2026-07-07 03:00:00+00:00,7.02,7.04,7.02,7.04
2026-07-07 03:15:00+00:00,7.03,7.04,7.02,7.02
2026-07-07 03:30:00+00:00,7.03,7.04,7.01,7.02
2026-07-07 03:45:00+00:00,7.02,7.04,7.01,7.03
2026-07-07 04:00:00+00:00,7.03,7.05,7.02,7.05
2026-07-07 04:15:00+00:00,7.05,7.05,7.02,7.03
2026-07-07 04:30:00+00:00,7.03,7.04,7.02,7.02
2026-07-07 04:45:00+00:00,7.02,7.02,7.01,7.02
2026-07-07 05:00:00+00:00,7.01,7.02,6.99,6.99
2026-07-07 05:15:00+00:00,6.99,7.02,6.99,7.01
2026-07-07 05:30:00+00:00,7.01,7.04,7.01,7.03
2026-07-07 05:45:00+00:00,7.03,7.04,7.03,7.03
2026-07-07 06:00:00+00:00,7.03,7.04,7.0,7.02
2026-07-07 06:15:00+00:00,7.02,7.03,7.01,7.01
2026-07-07 06:30:00+00:00,7.01,7.04,7.01,7.02
2026-07-07 06:45:00+00:00,7.02,7.05,7.02,7.03
2026-07-07 07:00:00+00:00,7.03,7.04,7.02,7.03
2026-07-07 07:15:00+00:00,7.04,7.05,7.03,7.04
2026-07-07 07:30:00+00:00,7.04,7.05,7.02,7.05
2026-07-07 07:45:00+00:00,7.04,7.05,7.03,7.03
2026-07-07 08:00:00+00:00,7.03,7.04,7.02,7.03
2026-07-07 08:15:00+00:00,7.03,7.05,7.03,7.03
2026-07-07 08:30:00+00:00,7.03,7.04,7.01,7.02
2026-07-07 08:45:00+00:00,7.02,7.04,7.02,7.02
2026-07-07 09:00:00+00:00,7.02,7.03,7.01,7.02
2026-07-07 09:15:00+00:00,7.02,7.03,7.01,7.01
2026-07-07 09:30:00+00:00,7.01,7.02,7.0,7.01
2026-07-07 09:45:00+00:00,7.01,7.02,7.0,7.0
2026-07-07 10:00:00+00:00,7.0,7.03,7.0,7.03
2026-07-07 10:15:00+00:00,7.03,7.05,7.03,7.03
2026-07-07 10:30:00+00:00,7.02,7.03,7.01,7.01
2026-07-07 10:45:00+00:00,7.02,7.02,7.01,7.01
2026-07-07 11:00:00+00:00,7.02,7.02,6.99,7.0
2026-07-07 11:15:00+00:00,7.01,7.02,7.0,7.0
2026-07-07 11:30:00+00:00,7.0,7.01,6.99,7.0
2026-07-07 11:45:00+00:00,7.0,7.02,7.0,7.0
2026-07-07 12:00:00+00:00,7.0,7.04,7.0,7.03
2026-07-07 12:15:00+00:00,7.03,7.04,7.02,7.03
2026-07-07 12:30:00+00:00,7.03,7.03,7.0,7.01
2026-07-07 12:45:00+00:00,7.01,7.02,6.99,7.0
2026-07-07 13:00:00+00:00,7.0,7.01,6.99,6.99
2026-07-07 13:15:00+00:00,6.99,7.0,6.97,6.98
2026-07-07 13:30:00+00:00,6.98,6.98,6.95,6.97
2026-07-07 13:45:00+00:00,6.97,7.0,6.94,6.95
2026-07-07 14:00:00+00:00,6.94,6.97,6.91,6.94
2026-07-07 14:15:00+00:00,6.95,6.98,6.94,6.98
2026-07-07 14:30:00+00:00,6.98,6.99,6.93,6.94
2026-07-07 14:45:00+00:00,6.95,7.02,6.95,7.01
2026-07-07 15:00:00+00:00,7.01,7.02,6.99,7.0
2026-07-07 15:15:00+00:00,7.0,7.02,6.99,7.01
2026-07-07 15:30:00+00:00,7.01,7.04,7.01,7.03
2026-07-07 15:45:00+00:00,7.03,7.06,7.03,7.05
2026-07-07 16:00:00+00:00,7.05,7.06,7.02,7.02
2026-07-07 16:15:00+00:00,7.02,7.05,7.01,7.05
2026-07-07 16:30:00+00:00,7.05,7.06,7.04,7.06
2026-07-07 16:45:00+00:00,7.06,7.08,7.05,7.05
2026-07-07 17:00:00+00:00,7.05,7.06,7.04,7.04
2026-07-07 17:15:00+00:00,7.05,7.06,7.03,7.06
2026-07-07 17:30:00+00:00,7.06,7.08,7.04,7.07
2026-07-07 17:45:00+00:00,7.07,7.07,7.06,7.07
2026-07-07 18:00:00+00:00,7.07,7.08,7.06,7.06
2026-07-07 18:15:00+00:00,7.06,7.07,7.04,7.04
2026-07-07 18:30:00+00:00,7.04,7.06,7.03,7.05
2026-07-07 18:45:00+00:00,7.05,7.06,7.0,7.0
2026-07-07 19:00:00+00:00,7.0,7.0,6.96,6.97
2026-07-07 19:15:00+00:00,6.97,6.99,6.95,6.98
2026-07-07 19:30:00+00:00,6.98,7.03,6.98,7.0
2026-07-07 19:45:00+00:00,6.99,7.0,6.97,6.98
2026-07-07 20:00:00+00:00,6.98,6.99,6.96,6.97
2026-07-07 20:15:00+00:00,6.97,6.98,6.96,6.97
2026-07-07 20:30:00+00:00,6.97,6.98,6.94,6.94
2026-07-07 20:45:00+00:00,6.94,6.95,6.94,6.95
2026-07-07 21:00:00+00:00,6.96,6.98,6.96,6.97
2026-07-07 21:15:00+00:00,6.97,6.97,6.95,6.95
2026-07-07 21:30:00+00:00,6.95,6.96,6.93,6.94
2026-07-07 21:45:00+00:00,6.94,6.95,6.92,6.94
2026-07-07 22:00:00+00:00,6.92,6.93,6.88,6.93
2026-07-07 22:15:00+00:00,6.93,6.94,6.92,6.93
2026-07-07 22:30:00+00:00,6.93,6.96,6.92,6.96
2026-07-07 22:45:00+00:00,6.95,7.0,6.95,6.99
2026-07-07 23:00:00+00:00,6.99,7.0,6.95,6.95
2026-07-07 23:15:00+00:00,6.96,6.97,6.95,6.97
2026-07-07 23:30:00+00:00,6.97,6.98,6.96,6.96
2026-07-07 23:45:00+00:00,6.96,6.97,6.96,6.96
2026-07-08 00:00:00+00:00,6.97,7.0,6.94,6.94
2026-07-08 00:15:00+00:00,6.94,6.96,6.93,6.96
2026-07-08 00:30:00+00:00,6.96,7.0,6.96,6.99
2026-07-08 00:45:00+00:00,6.99,6.99,6.97,6.97
2026-07-08 01:00:00+00:00,6.97,6.98,6.96,6.97
2026-07-08 01:15:00+00:00,6.97,6.97,6.96,6.96
2026-07-08 01:30:00+00:00,6.96,6.97,6.88,6.93
2026-07-08 01:45:00+00:00,6.93,6.94,6.9,6.92
2026-07-08 02:00:00+00:00,6.91,6.92,6.89,6.89
2026-07-08 02:15:00+00:00,6.88,6.9,6.87,6.89
2026-07-08 02:30:00+00:00,6.88,6.88,6.83,6.88
2026-07-08 02:45:00+00:00,6.89,6.9,6.87,6.89
2026-07-08 03:00:00+00:00,6.89,6.91,6.88,6.91
2026-07-08 03:15:00+00:00,6.9,6.91,6.88,6.89
2026-07-08 03:30:00+00:00,6.89,6.9,6.87,6.87
2026-07-08 03:45:00+00:00,6.87,6.88,6.86,6.87
2026-07-08 04:00:00+00:00,6.87,6.87,6.86,6.86
2026-07-08 04:15:00+00:00,6.86,6.89,6.86,6.88
2026-07-08 04:30:00+00:00,6.88,6.89,6.87,6.88
2026-07-08 04:45:00+00:00,6.88,6.9,6.87,6.89
2026-07-08 05:00:00+00:00,6.9,6.91,6.89,6.89
2026-07-08 05:15:00+00:00,6.89,6.92,6.89,6.91
2026-07-08 05:30:00+00:00,6.91,6.91,6.9,6.9
2026-07-08 05:45:00+00:00,6.9,6.9,6.89,6.89
2026-07-08 06:00:00+00:00,6.89,6.89,6.87,6.88
2026-07-08 06:15:00+00:00,6.88,6.89,6.87,6.88
2026-07-08 06:30:00+00:00,6.88,6.9,6.88,6.88
2026-07-08 06:45:00+00:00,6.88,6.92,6.88,6.91
2026-07-08 07:00:00+00:00,6.91,6.91,6.88,6.9
2026-07-08 07:15:00+00:00,6.9,6.96,6.9,6.94
2026-07-08 07:30:00+00:00,6.94,6.95,6.91,6.93
2026-07-08 07:45:00+00:00,6.93,6.93,6.91,6.92
2026-07-08 08:00:00+00:00,6.93,6.97,6.92,6.94
2026-07-08 08:15:00+00:00,6.94,6.94,6.85,6.86
2026-07-08 08:30:00+00:00,6.86,6.87,6.82,6.85
2026-07-08 08:45:00+00:00,6.85,6.9,6.85,6.86
2026-07-08 09:00:00+00:00,6.87,6.88,6.86,6.86
2026-07-08 09:15:00+00:00,6.86,6.87,6.85,6.87
2026-07-08 09:30:00+00:00,6.87,6.91,6.87,6.89
2026-07-08 09:45:00+00:00,6.89,6.9,6.88,6.9
2026-07-08 10:00:00+00:00,6.9,6.91,6.86,6.87
2026-07-08 10:15:00+00:00,6.88,6.91,6.87,6.9
2026-07-08 10:30:00+00:00,6.89,6.92,6.89,6.91
2026-07-08 10:45:00+00:00,6.91,6.97,6.9,6.94
2026-07-08 11:00:00+00:00,6.94,6.96,6.92,6.93
2026-07-08 11:15:00+00:00,6.93,6.94,6.92,6.92
2026-07-08 11:30:00+00:00,6.91,6.96,6.9,6.94
2026-07-08 11:45:00+00:00,6.95,6.95,6.93,6.94
2026-07-08 12:00:00+00:00,6.93,6.95,6.92,6.93
2026-07-08 12:15:00+00:00,6.93,6.95,6.93,6.94
2026-07-08 12:30:00+00:00,6.94,6.94,6.91,6.92
2026-07-08 12:45:00+00:00,6.92,6.95,6.91,6.93
2026-07-08 13:00:00+00:00,6.93,6.94,6.92,6.94
2026-07-08 13:15:00+00:00,6.94,6.94,6.88,6.89
2026-07-08 13:30:00+00:00,6.9,6.92,6.88,6.91
2026-07-08 13:45:00+00:00,6.91,6.91,6.88,6.91
2026-07-08 14:00:00+00:00,6.91,6.94,6.91,6.92
2026-07-08 14:15:00+00:00,6.92,6.94,6.9,6.91
2026-07-08 14:30:00+00:00,6.91,6.92,6.9,6.9
2026-07-08 14:45:00+00:00,6.91,6.93,6.89,6.92
2026-07-08 15:00:00+00:00,6.93,6.94,6.88,6.88
2026-07-08 15:15:00+00:00,6.89,6.89,6.87,6.88
2026-07-08 15:30:00+00:00,6.87,6.88,6.86,6.86
2026-07-08 15:45:00+00:00,6.86,6.87,6.85,6.85
2026-07-08 16:00:00+00:00,6.85,6.89,6.85,6.88
2026-07-08 16:15:00+00:00,6.88,6.89,6.87,6.89
2026-07-08 16:30:00+00:00,6.88,6.92,6.87,6.91
2026-07-08 16:45:00+00:00,6.91,6.92,6.9,6.92
2026-07-08 17:00:00+00:00,6.91,6.94,6.91,6.92
2026-07-08 17:15:00+00:00,6.92,6.95,6.92,6.94
2026-07-08 17:30:00+00:00,6.94,6.94,6.91,6.91
2026-07-08 17:45:00+00:00,6.92,6.92,6.9,6.9
2026-07-08 18:00:00+00:00,6.9,6.92,6.9,6.91
2026-07-08 18:15:00+00:00,6.91,6.91,6.89,6.89
2026-07-08 18:30:00+00:00,6.89,6.9,6.88,6.88
2026-07-08 18:45:00+00:00,6.88,6.9,6.88,6.88
2026-07-08 19:00:00+00:00,6.88,6.9,6.88,6.88
2026-07-08 19:15:00+00:00,6.88,6.89,6.87,6.88
2026-07-08 19:30:00+00:00,6.88,6.89,6.87,6.87
2026-07-08 19:45:00+00:00,6.87,6.88,6.86,6.87
2026-07-08 20:00:00+00:00,6.87,6.9,6.87,6.88
2026-07-08 20:15:00+00:00,6.88,6.9,6.88,6.89
2026-07-08 20:30:00+00:00,6.89,6.91,6.89,6.9
2026-07-08 20:45:00+00:00,6.91,6.91,6.88,6.89
2026-07-08 21:00:00+00:00,6.89,6.89,6.86,6.87
2026-07-08 21:15:00+00:00,6.87,6.89,6.87,6.88
2026-07-08 21:30:00+00:00,6.88,6.9,6.88,6.89
2026-07-08 21:45:00+00:00,6.89,6.89,6.88,6.88
2026-07-08 22:00:00+00:00,6.88,6.89,6.88,6.88
2026-07-08 22:15:00+00:00,6.88,6.89,6.88,6.88
2026-07-08 22:30:00+00:00,6.89,6.89,6.88,6.89
2026-07-08 22:45:00+00:00,6.89,6.91,6.89,6.9
2026-07-08 23:00:00+00:00,6.91,6.91,6.89,6.89
2026-07-08 23:15:00+00:00,6.89,6.9,6.88,6.89
2026-07-08 23:30:00+00:00,6.89,6.9,6.89,6.89
2026-07-08 23:45:00+00:00,6.89,6.91,6.89,6.9
2026-07-09 00:00:00+00:00,6.9,6.95,6.9,6.9
2026-07-09 00:15:00+00:00,6.9,6.91,6.89,6.91
2026-07-09 00:30:00+00:00,6.91,6.91,6.88,6.89
2026-07-09 00:45:00+00:00,6.89,6.9,6.88,6.88
2026-07-09 01:00:00+00:00,6.88,6.96,6.88,6.94
2026-07-09 01:15:00+00:00,6.93,6.94,6.92,6.93
2026-07-09 01:30:00+00:00,6.93,6.93,6.9,6.9
2026-07-09 01:45:00+00:00,6.9,6.92,6.89,6.9
2026-07-09 02:00:00+00:00,6.9,6.94,6.89,6.93
2026-07-09 02:15:00+00:00,6.93,6.95,6.93,6.93
2026-07-09 02:30:00+00:00,6.94,6.94,6.92,6.93
2026-07-09 02:45:00+00:00,6.93,6.94,6.91,6.92
2026-07-09 03:00:00+00:00,6.93,6.95,6.93,6.94
2026-07-09 03:15:00+00:00,6.94,6.97,6.92,6.95
2026-07-09 03:30:00+00:00,6.96,7.0,6.96,6.97
2026-07-09 03:45:00+00:00,6.97,6.98,6.95,6.95
2026-07-09 04:00:00+00:00,6.95,6.97,6.95,6.96
2026-07-09 04:15:00+00:00,6.96,6.98,6.96,6.96
2026-07-09 04:30:00+00:00,6.96,6.99,6.96,6.98
2026-07-09 04:45:00+00:00,6.98,7.02,6.98,7.0
2026-07-09 05:00:00+00:00,7.01,7.01,6.98,7.0
2026-07-09 05:15:00+00:00,6.99,6.99,6.97,6.98
2026-07-09 05:30:00+00:00,6.98,6.99,6.97,6.99
2026-07-09 05:45:00+00:00,6.99,7.01,6.99,6.99
2026-07-09 06:00:00+00:00,6.99,7.02,6.99,7.01
2026-07-09 06:15:00+00:00,7.01,7.04,7.01,7.02
2026-07-09 06:30:00+00:00,7.02,7.04,7.02,7.03
2026-07-09 06:45:00+00:00,7.03,7.03,7.01,7.01
2026-07-09 07:00:00+00:00,7.01,7.03,7.01,7.01
2026-07-09 07:15:00+00:00,7.01,7.03,7.0,7.01
2026-07-09 07:30:00+00:00,7.01,7.02,6.98,7.02
2026-07-09 07:45:00+00:00,7.02,7.04,7.01,7.02
2026-07-09 08:00:00+00:00,7.02,7.04,7.01,7.02
2026-07-09 08:15:00+00:00,7.02,7.03,7.01,7.01
2026-07-09 08:30:00+00:00,7.01,7.02,7.01,7.02
2026-07-09 08:45:00+00:00,7.02,7.02,7.0,7.0
2026-07-09 09:00:00+00:00,7.0,7.01,6.99,7.01
2026-07-09 09:15:00+00:00,7.01,7.02,7.0,7.02
2026-07-09 09:30:00+00:00,7.01,7.02,7.01,7.01
2026-07-09 09:45:00+00:00,7.0,7.04,7.0,7.03
2026-07-09 10:00:00+00:00,7.03,7.04,7.02,7.03
2026-07-09 10:15:00+00:00,7.03,7.04,7.0,7.0
2026-07-09 10:30:00+00:00,7.0,7.02,7.0,7.01
2026-07-09 10:45:00+00:00,7.01,7.01,6.98,6.99
2026-07-09 11:00:00+00:00,6.99,7.0,6.99,7.0
2026-07-09 11:15:00+00:00,7.0,7.01,6.99,7.0
2026-07-09 11:30:00+00:00,7.0,7.02,7.0,7.01
2026-07-09 11:45:00+00:00,7.0,7.02,7.0,7.0
2026-07-09 12:00:00+00:00,7.0,7.01,6.96,7.0
2026-07-09 12:15:00+00:00,7.0,7.0,6.98,7.0
2026-07-09 12:30:00+00:00,7.0,7.02,7.0,7.01
2026-07-09 12:45:00+00:00,7.0,7.02,6.99,7.0
2026-07-09 13:00:00+00:00,7.0,7.02,7.0,7.01
2026-07-09 13:15:00+00:00,7.01,7.01,6.99,7.0
2026-07-09 13:30:00+00:00,7.0,7.03,6.98,7.02
2026-07-09 13:45:00+00:00,7.02,7.04,7.01,7.04
2026-07-09 14:00:00+00:00,7.04,7.04,7.01,7.02
2026-07-09 14:15:00+00:00,7.02,7.02,7.0,7.01
2026-07-09 14:30:00+00:00,7.01,7.04,6.99,7.01
2026-07-09 14:45:00+00:00,7.01,7.02,6.99,6.99
2026-07-09 15:00:00+00:00,6.99,7.02,6.98,7.01
2026-07-09 15:15:00+00:00,7.01,7.04,7.01,7.02
2026-07-09 15:30:00+00:00,7.02,7.02,7.0,7.0
2026-07-09 15:45:00+00:00,7.0,7.01,7.0,7.0
2026-07-09 16:00:00+00:00,7.0,7.02,7.0,7.0
2026-07-09 16:15:00+00:00,7.0,7.01,6.97,6.98
2026-07-09 16:30:00+00:00,6.98,7.0,6.98,6.99
2026-07-09 16:45:00+00:00,6.99,6.99,6.98,6.98
2026-07-09 17:00:00+00:00,6.98,6.99,6.98,6.98
2026-07-09 17:15:00+00:00,6.99,6.99,6.99,6.99
2026-07-09 17:30:00+00:00,6.98,7.01,6.98,7.0
2026-07-09 17:45:00+00:00,7.0,7.01,7.0,7.0
2026-07-09 18:00:00+00:00,7.0,7.03,7.0,7.03
2026-07-09 18:15:00+00:00,7.02,7.03,7.01,7.01
2026-07-09 18:30:00+00:00,7.02,7.03,7.02,7.02
2026-07-09 18:45:00+00:00,7.03,7.03,7.02,7.03
2026-07-09 19:00:00+00:00,7.02,7.02,7.01,7.02
2026-07-09 19:15:00+00:00,7.01,7.03,7.01,7.02
2026-07-09 19:30:00+00:00,7.02,7.04,7.02,7.04
2026-07-09 19:45:00+00:00,7.05,7.05,7.03,7.03
2026-07-09 20:00:00+00:00,7.03,7.04,7.02,7.04
2026-07-09 20:15:00+00:00,7.03,7.03,7.03,7.03
2026-07-09 20:30:00+00:00,7.04,7.05,7.04,7.04
2026-07-09 20:45:00+00:00,7.05,7.05,7.02,7.03
2026-07-09 21:00:00+00:00,7.02,7.04,7.02,7.04
2026-07-09 21:15:00+00:00,7.04,7.04,7.02,7.02
2026-07-09 21:30:00+00:00,7.03,7.03,7.02,7.03
2026-07-09 21:45:00+00:00,7.02,7.03,7.01,7.02
2026-07-09 22:00:00+00:00,7.03,7.03,7.02,7.03
2026-07-09 22:15:00+00:00,7.03,7.05,7.03,7.04
2026-07-09 22:30:00+00:00,7.03,7.04,7.03,7.04
2026-07-09 22:45:00+00:00,7.04,7.04,7.03,7.04
2026-07-09 23:00:00+00:00,7.04,7.06,7.03,7.03
2026-07-09 23:15:00+00:00,7.03,7.03,7.01,7.03
2026-07-09 23:30:00+00:00,7.02,7.04,7.02,7.03
2026-07-09 23:45:00+00:00,7.03,7.04,7.03,7.04
2026-07-10 00:00:00+00:00,7.03,7.03,7.01,7.03
2026-07-10 00:15:00+00:00,7.04,7.04,7.02,7.02
2026-07-10 00:30:00+00:00,7.02,7.03,7.01,7.02
2026-07-10 00:45:00+00:00,7.02,7.02,7.02,7.02
2026-07-10 01:00:00+00:00,7.03,7.03,7.02,7.02
2026-07-10 01:15:00+00:00,7.02,7.04,7.02,7.04
2026-07-10 01:30:00+00:00,7.04,7.04,7.03,7.04
2026-07-10 01:45:00+00:00,7.04,7.11,7.04,7.08
2026-07-10 02:00:00+00:00,7.09,7.11,7.08,7.09
2026-07-10 02:15:00+00:00,7.09,7.09,7.08,7.08
2026-07-10 02:30:00+00:00,7.08,7.09,7.08,7.08
2026-07-10 02:45:00+00:00,7.08,7.1,7.08,7.09
2026-07-10 03:00:00+00:00,7.09,7.09,7.07,7.08
2026-07-10 03:15:00+00:00,7.07,7.07,7.06,7.07
2026-07-10 03:30:00+00:00,7.06,7.07,7.04,7.06
2026-07-10 03:45:00+00:00,7.06,7.06,7.05,7.05
2026-07-10 04:00:00+00:00,7.05,7.06,7.04,7.06
2026-07-10 04:15:00+00:00,7.06,7.07,7.05,7.06
2026-07-10 04:30:00+00:00,7.06,7.07,7.06,7.07
2026-07-10 04:45:00+00:00,7.07,7.07,7.07,7.07
2026-07-10 05:00:00+00:00,7.07,7.07,7.06,7.07
2026-07-10 05:15:00+00:00,7.07,7.07,7.06,7.07
2026-07-10 05:30:00+00:00,7.07,7.09,7.07,7.08
2026-07-10 05:45:00+00:00,7.08,7.09,7.07,7.09
2026-07-10 06:00:00+00:00,7.08,7.09,7.07,7.07
2026-07-10 06:15:00+00:00,7.07,7.08,7.07,7.07
2026-07-10 06:30:00+00:00,7.07,7.08,7.07,7.07
2026-07-10 06:45:00+00:00,7.08,7.08,7.06,7.06
2026-07-10 07:00:00+00:00,7.06,7.07,7.06,7.06
2026-07-10 07:15:00+00:00,7.06,7.07,7.06,7.07
2026-07-10 07:30:00+00:00,7.08,7.08,7.06,7.06
2026-07-10 07:45:00+00:00,7.06,7.06,7.04,7.05
2026-07-10 08:00:00+00:00,7.05,7.06,7.04,7.06
2026-07-10 08:15:00+00:00,7.06,7.09,7.06,7.09
2026-07-10 08:30:00+00:00,7.09,7.1,7.09,7.1
2026-07-10 08:45:00+00:00,7.1,7.1,7.08,7.09
2026-07-10 09:00:00+00:00,7.09,7.09,7.07,7.07
2026-07-10 09:15:00+00:00,7.08,7.09,7.07,7.09
2026-07-10 09:30:00+00:00,7.09,7.1,7.09,7.1
2026-07-10 09:45:00+00:00,7.1,7.1,7.09,7.1
2026-07-10 10:00:00+00:00,7.1,7.1,7.09,7.1
2026-07-10 10:15:00+00:00,7.1,7.13,7.09,7.13
2026-07-10 10:30:00+00:00,7.12,7.14,7.11,7.12
2026-07-10 10:45:00+00:00,7.12,7.13,7.11,7.11
2026-07-10 11:00:00+00:00,7.12,7.13,7.11,7.11
2026-07-10 11:15:00+00:00,7.11,7.11,7.1,7.11
2026-07-10 11:30:00+00:00,7.11,7.11,7.09,7.09
2026-07-10 11:45:00+00:00,7.1,7.1,7.08,7.09
2026-07-10 12:00:00+00:00,7.09,7.12,7.09,7.11
2026-07-10 12:15:00+00:00,7.11,7.11,7.1,7.11
2026-07-10 12:30:00+00:00,7.1,7.1,7.09,7.09
2026-07-10 12:45:00+00:00,7.09,7.1,7.08,7.09
2026-07-10 13:00:00+00:00,7.08,7.09,7.08,7.09
2026-07-10 13:15:00+00:00,7.08,7.1,7.08,7.08
2026-07-10 13:30:00+00:00,7.07,7.1,7.07,7.1
2026-07-10 13:45:00+00:00,7.1,7.11,7.1,7.11
2026-07-10 14:00:00+00:00,7.11,7.11,7.09,7.09
2026-07-10 14:15:00+00:00,7.09,7.09,7.05,7.08
2026-07-10 14:30:00+00:00,7.09,7.09,7.03,7.06
2026-07-10 14:45:00+00:00,7.05,7.06,7.05,7.06
2026-07-10 15:00:00+00:00,7.06,7.06,7.05,7.06
2026-07-10 15:15:00+00:00,7.07,7.08,7.07,7.08
2026-07-10 15:30:00+00:00,7.08,7.09,7.07,7.07
2026-07-10 15:45:00+00:00,7.07,7.08,7.06,7.08
2026-07-10 16:00:00+00:00,7.09,7.09,7.07,7.09
2026-07-10 16:15:00+00:00,7.09,7.1,7.09,7.09
2026-07-10 16:30:00+00:00,7.09,7.1,7.08,7.09
2026-07-10 16:45:00+00:00,7.09,7.12,7.09,7.11
2026-07-10 17:00:00+00:00,7.11,7.11,7.09,7.09
2026-07-10 17:15:00+00:00,7.09,7.1,7.09,7.1
2026-07-10 17:30:00+00:00,7.09,7.1,7.08,7.08
2026-07-10 17:45:00+00:00,7.08,7.09,7.08,7.08
2026-07-10 18:00:00+00:00,7.08,7.11,7.08,7.1
2026-07-10 18:15:00+00:00,7.09,7.1,7.08,7.08
2026-07-10 18:30:00+00:00,7.09,7.09,7.08,7.08
2026-07-10 18:45:00+00:00,7.08,7.08,7.05,7.07
2026-07-10 19:00:00+00:00,7.06,7.09,7.06,7.09
2026-07-10 19:15:00+00:00,7.08,7.08,7.07,7.07
2026-07-10 19:30:00+00:00,7.08,7.1,7.08,7.09
2026-07-10 19:45:00+00:00,7.09,7.1,7.08,7.08
2026-07-10 20:00:00+00:00,7.08,7.09,7.08,7.09
2026-07-10 20:15:00+00:00,7.08,7.09,7.06,7.07
2026-07-10 20:30:00+00:00,7.08,7.08,7.07,7.08
2026-07-10 20:45:00+00:00,7.07,7.07,7.07,7.07
2026-07-10 21:00:00+00:00,7.06,7.08,7.06,7.07
2026-07-10 21:15:00+00:00,7.08,7.09,7.07,7.08
2026-07-10 21:30:00+00:00,7.08,7.09,7.08,7.09
2026-07-10 21:45:00+00:00,7.09,7.09,7.08,7.08
2026-07-10 22:00:00+00:00,7.08,7.09,7.08,7.08
2026-07-10 22:15:00+00:00,7.08,7.09,7.07,7.08
2026-07-10 22:30:00+00:00,7.08,7.08,7.08,7.08
2026-07-10 22:45:00+00:00,7.08,7.08,7.07,7.07
2026-07-10 23:00:00+00:00,7.07,7.07,7.06,7.07
2026-07-10 23:15:00+00:00,7.07,7.07,7.07,7.07
2026-07-10 23:30:00+00:00,7.07,7.08,7.07,7.07
2026-07-10 23:45:00+00:00,7.07,7.07,7.06,7.06
2026-07-11 00:00:00+00:00,7.06,7.07,7.05,7.05
2026-07-11 00:15:00+00:00,7.05,7.08,7.05,7.08
2026-07-11 00:30:00+00:00,7.08,7.08,7.07,7.08
2026-07-11 00:45:00+00:00,7.09,7.09,7.08,7.08
2026-07-11 01:00:00+00:00,7.08,7.08,7.07,7.08
2026-07-11 01:15:00+00:00,7.08,7.1,7.07,7.07
2026-07-11 01:30:00+00:00,7.08,7.08,7.06,7.07
2026-07-11 01:45:00+00:00,7.07,7.08,7.07,7.07
2026-07-11 02:00:00+00:00,7.07,7.08,7.07,7.08
2026-07-11 02:15:00+00:00,7.08,7.09,7.07,7.07
2026-07-11 02:30:00+00:00,7.07,7.08,7.06,7.07
2026-07-11 02:45:00+00:00,7.08,7.09,7.08,7.09
2026-07-11 03:00:00+00:00,7.08,7.1,7.08,7.09
2026-07-11 03:15:00+00:00,7.09,7.09,7.08,7.08
2026-07-11 03:30:00+00:00,7.09,7.09,7.08,7.08
2026-07-11 03:45:00+00:00,7.09,7.11,7.09,7.1
2026-07-11 04:00:00+00:00,7.11,7.11,7.1,7.1
2026-07-11 04:15:00+00:00,7.1,7.11,7.1,7.11
2026-07-11 04:30:00+00:00,7.11,7.13,7.11,7.12
2026-07-11 04:45:00+00:00,7.11,7.11,7.1,7.1
2026-07-11 05:00:00+00:00,7.11,7.12,7.1,7.12
2026-07-11 05:15:00+00:00,7.11,7.12,7.1,7.11
2026-07-11 05:30:00+00:00,7.11,7.12,7.1,7.1
2026-07-11 05:45:00+00:00,7.1,7.12,7.1,7.11
2026-07-11 06:00:00+00:00,7.11,7.12,7.11,7.11
2026-07-11 06:15:00+00:00,7.11,7.12,7.11,7.12
2026-07-11 06:30:00+00:00,7.12,7.13,7.12,7.12
2026-07-11 06:45:00+00:00,7.12,7.13,7.1,7.1
2026-07-11 07:00:00+00:00,7.1,7.11,7.09,7.09
2026-07-11 07:15:00+00:00,7.09,7.1,7.09,7.09
2026-07-11 07:30:00+00:00,7.09,7.1,7.09,7.09
2026-07-11 07:45:00+00:00,7.09,7.1,7.09,7.09
2026-07-11 08:00:00+00:00,7.09,7.1,7.09,7.1
2026-07-11 08:15:00+00:00,7.1,7.11,7.1,7.1
2026-07-11 08:30:00+00:00,7.1,7.1,7.1,7.1
2026-07-11 08:45:00+00:00,7.1,7.11,7.1,7.1
2026-07-11 09:00:00+00:00,7.1,7.12,7.1,7.11
2026-07-11 09:15:00+00:00,7.11,7.12,7.11,7.11
2026-07-11 09:30:00+00:00,7.11,7.12,7.11,7.11
2026-07-11 09:45:00+00:00,7.11,7.12,7.1,7.1
2026-07-11 10:00:00+00:00,7.11,7.12,7.1,7.1
2026-07-11 10:15:00+00:00,7.1,7.11,7.1,7.1
2026-07-11 10:30:00+00:00,7.1,7.1,7.1,7.1
2026-07-11 10:45:00+00:00,7.1,7.1,7.07,7.07
2026-07-11 11:00:00+00:00,7.07,7.08,7.07,7.07
2026-07-11 11:15:00+00:00,7.06,7.07,7.06,7.07
2026-07-11 11:30:00+00:00,7.07,7.09,7.07,7.08
2026-07-11 11:45:00+00:00,7.08,7.09,7.07,7.07
2026-07-11 12:00:00+00:00,7.07,7.08,7.07,7.08
2026-07-11 12:15:00+00:00,7.08,7.09,7.08,7.08
2026-07-11 12:30:00+00:00,7.09,7.09,7.07,7.07
2026-07-11 12:45:00+00:00,7.07,7.08,7.07,7.07
2026-07-11 13:00:00+00:00,7.07,7.08,7.07,7.07
2026-07-11 13:15:00+00:00,7.07,7.08,7.07,7.08
2026-07-11 13:30:00+00:00,7.08,7.09,7.07,7.07
2026-07-11 13:45:00+00:00,7.07,7.08,7.06,7.07
2026-07-11 14:00:00+00:00,7.08,7.08,7.07,7.08
2026-07-11 14:15:00+00:00,7.08,7.09,7.08,7.08
2026-07-11 14:30:00+00:00,7.08,7.1,7.08,7.09
2026-07-11 14:45:00+00:00,7.1,7.1,7.09,7.09
2026-07-11 15:00:00+00:00,7.09,7.12,7.08,7.11
2026-07-11 15:15:00+00:00,7.11,7.11,7.1,7.11
2026-07-11 15:30:00+00:00,7.11,7.13,7.07,7.1
2026-07-11 15:45:00+00:00,7.09,7.11,7.08,7.1
2026-07-11 16:00:00+00:00,7.1,7.11,7.09,7.1
2026-07-11 16:15:00+00:00,7.09,7.1,7.09,7.1
2026-07-11 16:30:00+00:00,7.1,7.1,7.09,7.09
2026-07-11 16:45:00+00:00,7.09,7.1,7.08,7.09
2026-07-11 17:00:00+00:00,7.09,7.11,7.09,7.1
2026-07-11 17:15:00+00:00,7.1,7.11,7.09,7.11
2026-07-11 17:30:00+00:00,7.11,7.13,7.1,7.11
2026-07-11 17:45:00+00:00,7.11,7.12,7.1,7.1
2026-07-11 18:00:00+00:00,7.1,7.11,7.1,7.1
2026-07-11 18:15:00+00:00,7.1,7.1,7.09,7.1
2026-07-11 18:30:00+00:00,7.1,7.1,7.1,7.1
2026-07-11 18:45:00+00:00,7.1,7.1,7.09,7.09
2026-07-11 19:00:00+00:00,7.1,7.1,7.09,7.09
2026-07-11 19:15:00+00:00,7.09,7.1,7.09,7.09
2026-07-11 19:30:00+00:00,7.09,7.09,7.08,7.08
2026-07-11 19:45:00+00:00,7.08,7.09,7.08,7.08
2026-07-11 20:00:00+00:00,7.08,7.09,7.08,7.08
2026-07-11 20:15:00+00:00,7.09,7.09,7.08,7.08
2026-07-11 20:30:00+00:00,7.08,7.1,7.08,7.09
2026-07-11 20:45:00+00:00,7.09,7.1,7.08,7.08
2026-07-11 21:00:00+00:00,7.08,7.09,7.08,7.08
2026-07-11 21:15:00+00:00,7.08,7.08,7.08,7.08
2026-07-11 21:30:00+00:00,7.08,7.08,7.08,7.08
2026-07-11 21:45:00+00:00,7.08,7.08,7.07,7.07
2026-07-11 22:00:00+00:00,7.07,7.07,7.05,7.06
2026-07-11 22:15:00+00:00,7.07,7.07,7.03,7.04
2026-07-11 22:30:00+00:00,7.03,7.04,7.02,7.02
2026-07-11 22:45:00+00:00,7.02,7.03,7.02,7.02
2026-07-11 23:00:00+00:00,7.02,7.04,7.0,7.01
2026-07-11 23:15:00+00:00,7.01,7.01,6.98,6.99
2026-07-11 23:30:00+00:00,6.98,6.98,6.96,6.98
2026-07-11 23:45:00+00:00,6.98,6.99,6.96,6.96
2026-07-12 00:00:00+00:00,6.96,6.96,6.89,6.91
2026-07-12 00:15:00+00:00,6.91,6.94,6.9,6.91
2026-07-12 00:30:00+00:00,6.91,6.91,6.81,6.86
2026-07-12 00:45:00+00:00,6.86,6.87,6.85,6.86
2026-07-12 01:00:00+00:00,6.87,6.89,6.87,6.87
2026-07-12 01:15:00+00:00,6.88,6.91,6.88,6.9
2026-07-12 01:30:00+00:00,6.9,6.91,6.9,6.9
2026-07-12 01:45:00+00:00,6.91,6.93,6.9,6.92
2026-07-12 02:00:00+00:00,6.92,6.93,6.9,6.9
2026-07-12 02:15:00+00:00,6.91,6.91,6.9,6.9
2026-07-12 02:30:00+00:00,6.9,6.91,6.89,6.89
2026-07-12 02:45:00+00:00,6.89,6.9,6.88,6.89
2026-07-12 03:00:00+00:00,6.89,6.9,6.88,6.9
2026-07-12 03:15:00+00:00,6.9,6.92,6.89,6.91
2026-07-12 03:30:00+00:00,6.91,6.93,6.91,6.91
2026-07-12 03:45:00+00:00,6.92,6.95,6.92,6.92
2026-07-12 04:00:00+00:00,6.92,6.93,6.9,6.9
2026-07-12 04:15:00+00:00,6.91,6.92,6.9,6.91
2026-07-12 04:30:00+00:00,6.92,6.92,6.9,6.91
2026-07-12 04:45:00+00:00,6.91,6.92,6.88,6.89
2026-07-12 05:00:00+00:00,6.89,6.91,6.89,6.9
2026-07-12 05:15:00+00:00,6.91,6.91,6.89,6.9
2026-07-12 05:30:00+00:00,6.89,6.91,6.89,6.89
2026-07-12 05:45:00+00:00,6.89,6.91,6.89,6.9
2026-07-12 06:00:00+00:00,6.9,6.91,6.86,6.87
2026-07-12 06:15:00+00:00,6.88,6.88,6.83,6.84
2026-07-12 06:30:00+00:00,6.84,6.87,6.84,6.87
2026-07-12 06:45:00+00:00,6.86,6.87,6.85,6.86
2026-07-12 07:00:00+00:00,6.87,6.88,6.86,6.86
2026-07-12 07:15:00+00:00,6.86,6.87,6.86,6.86
2026-07-12 07:30:00+00:00,6.86,6.87,6.85,6.85
2026-07-12 07:45:00+00:00,6.85,6.87,6.85,6.86
2026-07-12 08:00:00+00:00,6.86,6.88,6.86,6.88
2026-07-12 08:15:00+00:00,6.88,6.89,6.86,6.86
2026-07-12 08:30:00+00:00,6.86,6.87,6.86,6.86
2026-07-12 08:45:00+00:00,6.86,6.87,6.85,6.86
2026-07-12 09:00:00+00:00,6.86,6.88,6.85,6.86
2026-07-12 09:15:00+00:00,6.85,6.86,6.85,6.85
2026-07-12 09:30:00+00:00,6.85,6.88,6.85,6.87
2026-07-12 09:45:00+00:00,6.87,6.88,6.87,6.87
2026-07-12 10:00:00+00:00,6.87,6.87,6.86,6.86
2026-07-12 10:15:00+00:00,6.86,6.87,6.86,6.86
2026-07-12 10:30:00+00:00,6.86,6.87,6.86,6.86
2026-07-12 10:45:00+00:00,6.86,6.87,6.86,6.86
2026-07-12 11:00:00+00:00,6.86,6.87,6.85,6.86
2026-07-12 11:15:00+00:00,6.86,6.88,6.86,6.87
2026-07-12 11:30:00+00:00,6.87,6.89,6.87,6.89
2026-07-12 11:45:00+00:00,6.89,6.9,6.89,6.9
2026-07-12 12:00:00+00:00,6.89,6.92,6.89,6.91
2026-07-12 12:15:00+00:00,6.91,6.92,6.9,6.9
2026-07-12 12:30:00+00:00,6.9,6.93,6.9,6.91
2026-07-12 12:45:00+00:00,6.92,6.95,6.92,6.95
2026-07-12 13:00:00+00:00,6.94,6.95,6.93,6.94
2026-07-12 13:15:00+00:00,6.94,6.95,6.93,6.93
2026-07-12 13:30:00+00:00,6.93,6.94,6.92,6.92
2026-07-12 13:45:00+00:00,6.93,6.94,6.92,6.93
2026-07-12 14:00:00+00:00,6.93,6.94,6.91,6.92
2026-07-12 14:15:00+00:00,6.92,6.92,6.91,6.91
2026-07-12 14:30:00+00:00,6.91,6.93,6.91,6.92
2026-07-12 14:45:00+00:00,6.93,6.95,6.92,6.95
2026-07-12 15:00:00+00:00,6.96,6.97,6.96,6.96
2026-07-12 15:15:00+00:00,6.96,6.97,6.95,6.95
2026-07-12 15:30:00+00:00,6.95,6.95,6.94,6.94
2026-07-12 15:45:00+00:00,6.94,6.95,6.94,6.94
2026-07-12 16:00:00+00:00,6.94,6.94,6.91,6.91
2026-07-12 16:15:00+00:00,6.91,6.92,6.9,6.91
2026-07-12 16:30:00+00:00,6.91,6.92,6.9,6.91
2026-07-12 16:45:00+00:00,6.9,6.93,6.9,6.93
2026-07-12 17:00:00+00:00,6.92,6.94,6.92,6.93
2026-07-12 17:15:00+00:00,6.93,6.93,6.92,6.92
2026-07-12 17:30:00+00:00,6.92,6.94,6.92,6.93
2026-07-12 17:45:00+00:00,6.93,6.94,6.9,6.91
2026-07-12 18:00:00+00:00,6.91,6.92,6.91,6.91
2026-07-12 18:15:00+00:00,6.91,6.92,6.91,6.92
2026-07-12 18:30:00+00:00,6.91,6.92,6.91,6.92
2026-07-12 18:45:00+00:00,6.92,6.93,6.92,6.93
2026-07-12 19:00:00+00:00,6.93,6.94,6.92,6.92
2026-07-12 19:15:00+00:00,6.92,6.93,6.92,6.92
2026-07-12 19:30:00+00:00,6.92,6.92,6.91,6.91
2026-07-12 19:45:00+00:00,6.91,6.92,6.91,6.91
2026-07-12 20:00:00+00:00,6.91,6.92,6.9,6.91
2026-07-12 20:15:00+00:00,6.91,6.92,6.91,6.91
2026-07-12 20:30:00+00:00,6.91,6.92,6.91,6.91
2026-07-12 20:45:00+00:00,6.91,6.92,6.91,6.91
2026-07-12 21:00:00+00:00,6.91,6.93,6.91,6.91
2026-07-12 21:15:00+00:00,6.91,6.92,6.91,6.91
2026-07-12 21:30:00+00:00,6.91,6.92,6.88,6.89
2026-07-12 21:45:00+00:00,6.89,6.9,6.88,6.88
2026-07-12 22:00:00+00:00,6.88,6.88,6.83,6.86
2026-07-12 22:15:00+00:00,6.86,6.86,6.84,6.85
2026-07-12 22:30:00+00:00,6.85,6.86,6.84,6.84
2026-07-12 22:45:00+00:00,6.84,6.86,6.83,6.85
2026-07-12 23:00:00+00:00,6.85,6.85,6.83,6.84
2026-07-12 23:15:00+00:00,6.84,6.84,6.83,6.84
2026-07-12 23:30:00+00:00,6.84,6.85,6.84,6.84
2026-07-12 23:45:00+00:00,6.84,6.85,6.83,6.85
2026-07-13 00:00:00+00:00,6.85,6.94,6.83,6.93
2026-07-13 00:15:00+00:00,6.94,6.95,6.91,6.92
2026-07-13 00:30:00+00:00,6.91,6.92,6.87,6.88
2026-07-13 00:45:00+00:00,6.89,6.93,6.89,6.91
2026-07-13 01:00:00+00:00,6.91,6.92,6.89,6.92
2026-07-13 01:15:00+00:00,6.92,6.92,6.86,6.88
2026-07-13 01:30:00+00:00,6.88,6.9,6.87,6.9
2026-07-13 01:45:00+00:00,6.89,6.89,6.85,6.85
2026-07-13 02:00:00+00:00,6.85,6.87,6.82,6.87
2026-07-13 02:15:00+00:00,6.87,6.89,6.87,6.89
2026-07-13 02:30:00+00:00,6.89,6.9,6.88,6.89
2026-07-13 02:45:00+00:00,6.89,6.91,6.88,6.89
2026-07-13 03:00:00+00:00,6.89,6.89,6.84,6.86
2026-07-13 03:15:00+00:00,6.86,6.89,6.85,6.89
2026-07-13 03:30:00+00:00,6.89,6.89,6.84,6.85
2026-07-13 03:45:00+00:00,6.85,6.89,6.85,6.88
2026-07-13 04:00:00+00:00,6.88,6.89,6.87,6.89
2026-07-13 04:15:00+00:00,6.88,6.9,6.88,6.9
2026-07-13 04:30:00+00:00,6.89,6.89,6.86,6.86
2026-07-13 04:45:00+00:00,6.86,6.88,6.86,6.86
2026-07-13 05:00:00+00:00,6.86,6.89,6.85,6.88
2026-07-13 05:15:00+00:00,6.88,6.88,6.86,6.86
2026-07-13 05:30:00+00:00,6.86,6.89,6.86,6.88
2026-07-13 05:45:00+00:00,6.88,6.89,6.88,6.89
2026-07-13 06:00:00+00:00,6.9,6.91,6.86,6.86
2026-07-13 06:15:00+00:00,6.86,6.9,6.86,6.9
2026-07-13 06:30:00+00:00,6.9,6.9,6.88,6.88
2026-07-13 06:45:00+00:00,6.89,6.89,6.87,6.88
2026-07-13 07:00:00+00:00,6.88,6.9,6.88,6.9
2026-07-13 07:15:00+00:00,6.89,6.94,6.89,6.94
2026-07-13 07:30:00+00:00,6.94,6.99,6.93,6.94
2026-07-13 07:45:00+00:00,6.93,6.97,6.93,6.97
2026-07-13 08:00:00+00:00,6.96,6.99,6.94,6.94
2026-07-13 08:15:00+00:00,6.94,6.96,6.93,6.94
2026-07-13 08:30:00+00:00,6.94,6.97,6.94,6.97
2026-07-13 08:45:00+00:00,6.97,7.04,6.97,7.03
2026-07-13 09:00:00+00:00,7.04,7.09,7.03,7.05
2026-07-13 09:15:00+00:00,7.04,7.06,7.02,7.04
2026-07-13 09:30:00+00:00,7.04,7.05,7.01,7.02
2026-07-13 09:45:00+00:00,7.02,7.02,6.98,6.99
2026-07-13 10:00:00+00:00,6.99,7.0,6.99,7.0
2026-07-13 10:15:00+00:00,6.99,7.01,6.99,6.99
2026-07-13 10:30:00+00:00,6.99,7.01,6.98,6.98
2026-07-13 10:45:00+00:00,6.98,7.0,6.98,7.0
2026-07-13 11:00:00+00:00,7.0,7.02,7.0,7.01
2026-07-13 11:15:00+00:00,7.0,7.02,7.0,7.01
2026-07-13 11:30:00+00:00,7.0,7.0,6.98,6.98
2026-07-13 11:45:00+00:00,6.98,6.99,6.95,6.96
2026-07-13 12:00:00+00:00,6.96,6.96,6.94,6.94
2026-07-13 12:15:00+00:00,6.95,6.96,6.95,6.95
2026-07-13 12:30:00+00:00,6.94,6.96,6.94,6.95
2026-07-13 12:45:00+00:00,6.95,6.97,6.95,6.96
2026-07-13 13:00:00+00:00,6.96,6.97,6.95,6.95
2026-07-13 13:15:00+00:00,6.95,6.96,6.94,6.95
2026-07-13 13:30:00+00:00,6.95,6.97,6.94,6.94
2026-07-13 13:45:00+00:00,6.94,6.95,6.93,6.94
2026-07-13 14:00:00+00:00,6.94,6.96,6.93,6.94
2026-07-13 14:15:00+00:00,6.94,6.95,6.9,6.94
2026-07-13 14:30:00+00:00,6.94,6.94,6.92,6.93
2026-07-13 14:45:00+00:00,6.93,6.95,6.93,6.94
2026-07-13 15:00:00+00:00,6.95,6.95,6.93,6.93
2026-07-13 15:15:00+00:00,6.94,6.95,6.93,6.95
2026-07-13 15:30:00+00:00,6.95,6.95,6.93,6.94
2026-07-13 15:45:00+00:00,6.94,6.94,6.92,6.94
2026-07-13 16:00:00+00:00,6.93,6.97,6.92,6.95
2026-07-13 16:15:00+00:00,6.94,6.95,6.93,6.94
2026-07-13 16:30:00+00:00,6.95,6.97,6.93,6.97
2026-07-13 16:45:00+00:00,6.97,6.98,6.96,6.96
2026-07-13 17:00:00+00:00,6.97,6.97,6.95,6.96
2026-07-13 17:15:00+00:00,6.95,6.95,6.93,6.93
2026-07-13 17:30:00+00:00,6.93,6.93,6.9,6.92
2026-07-13 17:45:00+00:00,6.92,6.92,6.87,6.87
2026-07-13 18:00:00+00:00,6.87,6.9,6.86,6.88
2026-07-13 18:15:00+00:00,6.88,6.88,6.86,6.87
2026-07-13 18:30:00+00:00,6.87,6.87,6.86,6.87
2026-07-13 18:45:00+00:00,6.87,6.89,6.87,6.87
2026-07-13 19:00:00+00:00,6.87,6.88,6.87,6.88
2026-07-13 19:15:00+00:00,6.88,6.89,6.88,6.88
2026-07-13 19:30:00+00:00,6.88,6.9,6.88,6.9
2026-07-13 19:45:00+00:00,6.9,6.91,6.9,6.91
2026-07-13 20:00:00+00:00,6.91,6.91,6.91,6.91
2026-07-13 20:15:00+00:00,6.9,6.91,6.89,6.9
2026-07-13 20:30:00+00:00,6.9,6.91,6.9,6.9
2026-07-13 20:45:00+00:00,6.89,6.89,6.88,6.89
2026-07-13 21:00:00+00:00,6.89,6.89,6.88,6.89
2026-07-13 21:15:00+00:00,6.89,6.89,6.87,6.87
2026-07-13 21:30:00+00:00,6.86,6.87,6.81,6.83
2026-07-13 21:45:00+00:00,6.83,6.85,6.83,6.84
2026-07-13 22:00:00+00:00,6.84,6.86,6.84,6.85
2026-07-13 22:15:00+00:00,6.85,6.86,6.85,6.86
2026-07-13 22:30:00+00:00,6.85,6.85,6.85,6.85
2026-07-13 22:45:00+00:00,6.85,6.86,6.85,6.85
2026-07-13 23:00:00+00:00,6.85,6.88,6.85,6.88
2026-07-13 23:15:00+00:00,6.88,6.88,6.87,6.88
2026-07-13 23:30:00+00:00,6.87,6.88,6.87,6.87
2026-07-13 23:45:00+00:00,6.87,6.88,6.86,6.88
2026-07-14 00:00:00+00:00,6.89,6.89,6.87,6.89
2026-07-14 00:15:00+00:00,6.89,6.89,6.88,6.89
2026-07-14 00:30:00+00:00,6.9,6.92,6.9,6.91
2026-07-14 00:45:00+00:00,6.9,6.92,6.9,6.92
2026-07-14 01:00:00+00:00,6.92,6.93,6.9,6.91
2026-07-14 01:15:00+00:00,6.91,6.93,6.9,6.9
2026-07-14 01:30:00+00:00,6.91,6.91,6.88,6.88
2026-07-14 01:45:00+00:00,6.88,6.89,6.88,6.88
2026-07-14 02:00:00+00:00,6.88,6.89,6.86,6.87
2026-07-14 02:15:00+00:00,6.87,6.88,6.84,6.85
2026-07-14 02:30:00+00:00,6.85,6.87,6.85,6.87
2026-07-14 02:45:00+00:00,6.87,6.87,6.86,6.86
2026-07-14 03:00:00+00:00,6.86,6.86,6.83,6.83
2026-07-14 03:15:00+00:00,6.83,6.85,6.83,6.84
2026-07-14 03:30:00+00:00,6.84,6.86,6.84,6.85
2026-07-14 03:45:00+00:00,6.85,6.86,6.85,6.86
2026-07-14 04:00:00+00:00,6.86,6.87,6.85,6.85
2026-07-14 04:15:00+00:00,6.85,6.88,6.85,6.87
2026-07-14 04:30:00+00:00,6.87,6.89,6.87,6.87
2026-07-14 04:45:00+00:00,6.87,6.95,6.87,6.95
2026-07-14 05:00:00+00:00,6.95,6.96,6.93,6.95
2026-07-14 05:15:00+00:00,6.95,6.98,6.93,6.96
2026-07-14 05:30:00+00:00,6.96,6.96,6.93,6.94
2026-07-14 05:45:00+00:00,6.94,6.96,6.93,6.96
2026-07-14 06:00:00+00:00,6.96,6.97,6.93,6.94
2026-07-14 06:15:00+00:00,6.95,6.98,6.95,6.96
2026-07-14 06:30:00+00:00,6.96,7.0,6.96,6.98
2026-07-14 06:45:00+00:00,6.98,6.98,6.92,6.95
2026-07-14 07:00:00+00:00,6.95,6.95,6.92,6.93
2026-07-14 07:15:00+00:00,6.93,6.94,6.92,6.93
2026-07-14 07:30:00+00:00,6.93,6.93,6.92,6.92
2026-07-14 07:45:00+00:00,6.92,6.92,6.91,6.91
2026-07-14 08:00:00+00:00,6.9,6.91,6.89,6.9
2026-07-14 08:15:00+00:00,6.91,6.91,6.9,6.91
2026-07-14 08:30:00+00:00,6.91,6.92,6.91,6.92
2026-07-14 08:45:00+00:00,6.92,6.93,6.9,6.9
2026-07-14 09:00:00+00:00,6.9,6.91,6.9,6.9
2026-07-14 09:15:00+00:00,6.91,6.91,6.89,6.89
2026-07-14 09:30:00+00:00,6.89,6.9,6.87,6.88
2026-07-14 09:45:00+00:00,6.87,6.88,6.86,6.87
2026-07-14 10:00:00+00:00,6.87,6.89,6.87,6.88
2026-07-14 10:15:00+00:00,6.88,6.88,6.86,6.86
2026-07-14 10:30:00+00:00,6.87,6.88,6.86,6.86
2026-07-14 10:45:00+00:00,6.86,6.88,6.86,6.88
2026-07-14 11:00:00+00:00,6.87,6.88,6.87,6.88
2026-07-14 11:15:00+00:00,6.88,6.88,6.87,6.87
2026-07-14 11:30:00+00:00,6.87,6.87,6.86,6.86
2026-07-14 11:45:00+00:00,6.86,6.87,6.86,6.86
2026-07-14 12:00:00+00:00,6.87,6.87,6.86,6.86
2026-07-14 12:15:00+00:00,6.86,6.9,6.86,6.88
2026-07-14 12:30:00+00:00,6.89,6.95,6.89,6.93
2026-07-14 12:45:00+00:00,6.93,6.97,6.93,6.96
2026-07-14 13:00:00+00:00,6.96,6.98,6.95,6.97
2026-07-14 13:15:00+00:00,6.97,7.07,6.97,7.04
2026-07-14 13:30:00+00:00,7.03,7.04,7.01,7.02
2026-07-14 13:45:00+00:00,7.02,7.02,7.0,7.0
2026-07-14 14:00:00+00:00,7.01,7.01,6.98,7.0
2026-07-14 14:15:00+00:00,7.0,7.02,6.99,7.02
2026-07-14 14:30:00+00:00,7.01,7.05,7.01,7.04
2026-07-14 14:45:00+00:00,7.03,7.08,7.03,7.07
2026-07-14 15:00:00+00:00,7.06,7.07,7.04,7.05
2026-07-14 15:15:00+00:00,7.04,7.09,7.04,7.08
2026-07-14 15:30:00+00:00,7.09,7.12,7.07,7.1
2026-07-14 15:45:00+00:00,7.1,7.1,7.06,7.06
2026-07-14 16:00:00+00:00,7.07,7.09,7.07,7.09
2026-07-14 16:15:00+00:00,7.08,7.09,7.07,7.08
2026-07-14 16:30:00+00:00,7.08,7.09,7.08,7.09
2026-07-14 16:45:00+00:00,7.08,7.09,7.06,7.06
2026-07-14 17:00:00+00:00,7.06,7.06,7.02,7.04
2026-07-14 17:15:00+00:00,7.04,7.05,7.03,7.05
2026-07-14 17:30:00+00:00,7.05,7.05,7.04,7.05
2026-07-14 17:45:00+00:00,7.04,7.06,7.04,7.06
2026-07-14 18:00:00+00:00,7.06,7.07,7.05,7.05
2026-07-14 18:15:00+00:00,7.05,7.06,7.04,7.05
2026-07-14 18:30:00+00:00,7.04,7.05,7.04,7.05
2026-07-14 18:45:00+00:00,7.04,7.06,7.04,7.06
2026-07-14 19:00:00+00:00,7.06,7.08,7.06,7.07
2026-07-14 19:15:00+00:00,7.08,7.09,7.07,7.07
2026-07-14 19:30:00+00:00,7.06,7.07,7.05,7.07
2026-07-14 19:45:00+00:00,7.07,7.08,7.07,7.07
2026-07-14 20:00:00+00:00,7.08,7.08,7.06,7.06
2026-07-14 20:15:00+00:00,7.06,7.07,7.06,7.06
2026-07-14 20:30:00+00:00,7.06,7.07,7.06,7.06
2026-07-14 20:45:00+00:00,7.06,7.09,7.06,7.09
2026-07-14 21:00:00+00:00,7.1,7.1,7.08,7.09
2026-07-14 21:15:00+00:00,7.08,7.09,7.07,7.08
2026-07-14 21:30:00+00:00,7.09,7.1,7.08,7.1
2026-07-14 21:45:00+00:00,7.1,7.1,7.08,7.09
2026-07-14 22:00:00+00:00,7.09,7.1,7.08,7.08
2026-07-14 22:15:00+00:00,7.08,7.11,7.08,7.09
2026-07-14 22:30:00+00:00,7.09,7.12,7.09,7.11
2026-07-14 22:45:00+00:00,7.11,7.12,7.08,7.08
2026-07-14 23:00:00+00:00,7.08,7.11,7.08,7.1
2026-07-14 23:15:00+00:00,7.1,7.11,7.09,7.09
2026-07-14 23:30:00+00:00,7.09,7.1,7.09,7.09
2026-07-14 23:45:00+00:00,7.1,7.11,7.09,7.09
2026-07-15 00:00:00+00:00,7.1,7.11,7.09,7.1
2026-07-15 00:15:00+00:00,7.11,7.11,7.09,7.09
2026-07-15 00:30:00+00:00,7.1,7.1,7.08,7.08
2026-07-15 00:45:00+00:00,7.09,7.1,7.08,7.1
2026-07-15 01:00:00+00:00,7.11,7.11,7.08,7.09
2026-07-15 01:15:00+00:00,7.1,7.11,7.09,7.1
2026-07-15 01:30:00+00:00,7.1,7.12,7.09,7.09
2026-07-15 01:45:00+00:00,7.09,7.1,7.07,7.07
2026-07-15 02:00:00+00:00,7.07,7.08,7.07,7.07
2026-07-15 02:15:00+00:00,7.07,7.08,7.05,7.06
2026-07-15 02:30:00+00:00,7.06,7.06,7.05,7.05
2026-07-15 02:45:00+00:00,7.05,7.06,7.03,7.03
2026-07-15 03:00:00+00:00,7.02,7.04,7.02,7.03
2026-07-15 03:15:00+00:00,7.04,7.04,7.03,7.03
2026-07-15 03:30:00+00:00,7.03,7.04,7.03,7.03
2026-07-15 03:45:00+00:00,7.03,7.05,7.03,7.04
2026-07-15 04:00:00+00:00,7.04,7.05,7.04,7.04
2026-07-15 04:15:00+00:00,7.04,7.04,7.02,7.02
2026-07-15 04:30:00+00:00,7.02,7.05,7.02,7.04
2026-07-15 04:45:00+00:00,7.04,7.04,7.03,7.03
2026-07-15 05:00:00+00:00,7.04,7.05,7.02,7.03
2026-07-15 05:15:00+00:00,7.02,7.03,7.01,7.01
2026-07-15 05:30:00+00:00,7.01,7.04,7.01,7.02
2026-07-15 05:45:00+00:00,7.02,7.05,7.02,7.05
2026-07-15 06:00:00+00:00,7.04,7.06,7.04,7.05
2026-07-15 06:15:00+00:00,7.05,7.07,7.04,7.06
2026-07-15 06:30:00+00:00,7.06,7.08,7.05,7.06
2026-07-15 06:45:00+00:00,7.06,7.06,7.04,7.05
2026-07-15 07:00:00+00:00,7.04,7.05,7.03,7.03
2026-07-15 07:15:00+00:00,7.03,7.04,6.99,6.99
2026-07-15 07:30:00+00:00,6.99,7.01,6.99,7.01
2026-07-15 07:45:00+00:00,7.01,7.02,7.0,7.0
2026-07-15 08:00:00+00:00,7.0,7.01,6.99,7.0
2026-07-15 08:15:00+00:00,7.0,7.08,7.0,7.07
2026-07-15 08:30:00+00:00,7.07,7.07,7.05,7.05
2026-07-15 08:45:00+00:00,7.06,7.06,7.04,7.06
2026-07-15 09:00:00+00:00,7.05,7.05,7.04,7.04
2026-07-15 09:15:00+00:00,7.04,7.06,7.04,7.06
2026-07-15 09:30:00+00:00,7.05,7.05,7.03,7.05
2026-07-15 09:45:00+00:00,7.04,7.04,7.02,7.03
2026-07-15 10:00:00+00:00,7.03,7.06,7.03,7.06
2026-07-15 10:15:00+00:00,7.06,7.06,7.04,7.04
2026-07-15 10:30:00+00:00,7.04,7.06,7.03,7.06
2026-07-15 10:45:00+00:00,7.05,7.07,7.05,7.07
2026-07-15 11:00:00+00:00,7.07,7.08,7.06,7.07
2026-07-15 11:15:00+00:00,7.07,7.07,7.05,7.05
2026-07-15 11:30:00+00:00,7.06,7.06,7.05,7.05
2026-07-15 11:45:00+00:00,7.05,7.06,7.04,7.04
2026-07-15 12:00:00+00:00,7.04,7.1,7.04,7.08
2026-07-15 12:15:00+00:00,7.09,7.09,7.07,7.07
2026-07-15 12:30:00+00:00,7.07,7.09,7.07,7.08
2026-07-15 12:45:00+00:00,7.08,7.15,7.08,7.15
2026-07-15 13:00:00+00:00,7.16,7.23,7.14,7.16
2026-07-15 13:15:00+00:00,7.16,7.18,7.13,7.14
2026-07-15 13:30:00+00:00,7.14,7.17,7.13,7.15
2026-07-15 13:45:00+00:00,7.14,7.14,7.1,7.13
2026-07-15 14:00:00+00:00,7.14,7.15,7.12,7.12
2026-07-15 14:15:00+00:00,7.12,7.14,7.1,7.12
2026-07-15 14:30:00+00:00,7.12,7.13,7.11,7.13
2026-07-15 14:45:00+00:00,7.13,7.14,7.12,7.13
2026-07-15 15:00:00+00:00,7.13,7.15,7.12,7.12
2026-07-15 15:15:00+00:00,7.12,7.13,7.1,7.12
2026-07-15 15:30:00+00:00,7.12,7.14,7.12,7.14
2026-07-15 15:45:00+00:00,7.13,7.15,7.13,7.13
2026-07-15 16:00:00+00:00,7.13,7.14,7.1,7.1
2026-07-15 16:15:00+00:00,7.11,7.12,7.09,7.11
2026-07-15 16:30:00+00:00,7.11,7.12,7.05,7.07
2026-07-15 16:45:00+00:00,7.07,7.11,7.07,7.08
2026-07-15 17:00:00+00:00,7.08,7.1,7.08,7.08
2026-07-15 17:15:00+00:00,7.08,7.1,7.07,7.08
2026-07-15 17:30:00+00:00,7.08,7.09,7.08,7.09
2026-07-15 17:45:00+00:00,7.09,7.11,7.09,7.11
2026-07-15 18:00:00+00:00,7.11,7.14,7.11,7.13
2026-07-15 18:15:00+00:00,7.12,7.13,7.11,7.12
2026-07-15 18:30:00+00:00,7.12,7.13,7.1,7.1
2026-07-15 18:45:00+00:00,7.1,7.11,7.08,7.08
2026-07-15 19:00:00+00:00,7.09,7.1,7.07,7.07
2026-07-15 19:15:00+00:00,7.07,7.07,7.06,7.06
2026-07-15 19:30:00+00:00,7.06,7.07,7.06,7.07
2026-07-15 19:45:00+00:00,7.07,7.08,7.06,7.08
2026-07-15 20:00:00+00:00,7.08,7.09,7.07,7.08
2026-07-15 20:15:00+00:00,7.08,7.11,7.08,7.09
2026-07-15 20:30:00+00:00,7.09,7.11,7.09,7.09
2026-07-15 20:45:00+00:00,7.09,7.1,7.09,7.09
2026-07-15 21:00:00+00:00,7.09,7.11,7.08,7.09
2026-07-15 21:15:00+00:00,7.09,7.1,7.09,7.09
2026-07-15 21:30:00+00:00,7.09,7.1,7.08,7.09
2026-07-15 21:45:00+00:00,7.09,7.1,7.08,7.1
2026-07-15 22:00:00+00:00,7.09,7.11,7.08,7.1
2026-07-15 22:15:00+00:00,7.09,7.11,7.09,7.09
2026-07-15 22:30:00+00:00,7.1,7.1,7.09,7.09
2026-07-15 22:45:00+00:00,7.09,7.1,7.09,7.09
2026-07-15 23:00:00+00:00,7.08,7.11,7.08,7.1
2026-07-15 23:15:00+00:00,7.1,7.11,7.09,7.09
2026-07-15 23:30:00+00:00,7.09,7.09,7.08,7.08
2026-07-15 23:45:00+00:00,7.08,7.09,7.07,7.08
2026-07-16 00:00:00+00:00,7.08,7.1,7.08,7.09
2026-07-16 00:15:00+00:00,7.1,7.1,7.06,7.06
2026-07-16 00:30:00+00:00,7.06,7.06,7.03,7.03
2026-07-16 00:45:00+00:00,7.03,7.04,7.03,7.04
2026-07-16 01:00:00+00:00,7.03,7.05,7.03,7.04
2026-07-16 01:15:00+00:00,7.03,7.03,7.02,7.03
2026-07-16 01:30:00+00:00,7.03,7.05,7.03,7.03
2026-07-16 01:45:00+00:00,7.03,7.07,7.03,7.06
2026-07-16 02:00:00+00:00,7.05,7.06,7.05,7.06
2026-07-16 02:15:00+00:00,7.06,7.06,7.05,7.06
2026-07-16 02:30:00+00:00,7.06,7.08,7.06,7.06
2026-07-16 02:45:00+00:00,7.06,7.07,7.06,7.07
2026-07-16 03:00:00+00:00,7.07,7.08,7.06,7.07
2026-07-16 03:15:00+00:00,7.07,7.07,7.06,7.06
2026-07-16 03:30:00+00:00,7.06,7.07,7.06,7.06
2026-07-16 03:45:00+00:00,7.06,7.07,7.05,7.07
2026-07-16 04:00:00+00:00,7.07,7.07,7.05,7.06
2026-07-16 04:15:00+00:00,7.06,7.06,7.04,7.05
2026-07-16 04:30:00+00:00,7.05,7.06,7.04,7.05
2026-07-16 04:45:00+00:00,7.05,7.06,7.05,7.05
2026-07-16 05:00:00+00:00,7.05,7.07,7.05,7.07
2026-07-16 05:15:00+00:00,7.07,7.09,7.06,7.08
2026-07-16 05:30:00+00:00,7.08,7.08,7.06,7.08
2026-07-16 05:45:00+00:00,7.08,7.09,7.07,7.07
2026-07-16 06:00:00+00:00,7.07,7.09,7.07,7.07
2026-07-16 06:15:00+00:00,7.07,7.08,7.06,7.06
2026-07-16 06:30:00+00:00,7.06,7.06,7.05,7.05
2026-07-16 06:45:00+00:00,7.05,7.08,7.05,7.08
2026-07-16 07:00:00+00:00,7.07,7.07,7.05,7.05
2026-07-16 07:15:00+00:00,7.05,7.07,7.05,7.05
2026-07-16 07:30:00+00:00,7.05,7.05,7.02,7.02
2026-07-16 07:45:00+00:00,7.02,7.06,7.02,7.04
2026-07-16 08:00:00+00:00,7.04,7.04,6.96,6.96
2026-07-16 08:15:00+00:00,6.96,7.0,6.95,7.0
2026-07-16 08:30:00+00:00,6.99,7.0,6.97,6.97
2026-07-16 08:45:00+00:00,6.97,7.0,6.97,6.98
2026-07-16 09:00:00+00:00,6.98,7.0,6.98,6.99
2026-07-16 09:15:00+00:00,6.99,6.99,6.97,6.97
2026-07-16 09:30:00+00:00,6.97,6.98,6.96,6.97
2026-07-16 09:45:00+00:00,6.96,6.97,6.95,6.96
2026-07-16 10:00:00+00:00,6.96,6.99,6.96,6.98
2026-07-16 10:15:00+00:00,6.98,6.99,6.98,6.98
2026-07-16 10:30:00+00:00,6.99,7.0,6.98,6.98
2026-07-16 10:45:00+00:00,6.98,6.99,6.98,6.98
2026-07-16 11:00:00+00:00,6.98,6.99,6.97,6.97
2026-07-16 11:15:00+00:00,6.97,6.98,6.96,6.96
2026-07-16 11:30:00+00:00,6.96,6.98,6.96,6.98
2026-07-16 11:45:00+00:00,6.97,6.97,6.96,6.96
2026-07-16 12:00:00+00:00,6.96,6.96,6.95,6.96
2026-07-16 12:15:00+00:00,6.95,6.97,6.95,6.97
2026-07-16 12:30:00+00:00,6.98,6.98,6.94,6.95
2026-07-16 12:45:00+00:00,6.95,6.97,6.95,6.96
2026-07-16 13:00:00+00:00,6.96,6.98,6.95,6.97
2026-07-16 13:15:00+00:00,6.97,7.01,6.97,7.0
2026-07-16 13:30:00+00:00,7.01,7.03,7.0,7.01
2026-07-16 13:45:00+00:00,7.01,7.02,7.0,7.01
2026-07-16 14:00:00+00:00,7.01,7.04,7.01,7.03
2026-07-16 14:15:00+00:00,7.02,7.04,7.02,7.02
2026-07-16 14:30:00+00:00,7.02,7.04,7.01,7.03
2026-07-16 14:45:00+00:00,7.02,7.03,6.99,7.01
2026-07-16 15:00:00+00:00,7.02,7.02,6.99,7.0
2026-07-16 15:15:00+00:00,7.01,7.07,7.0,7.05
2026-07-16 15:30:00+00:00,7.05,7.06,7.03,7.03
2026-07-16 15:45:00+00:00,7.03,7.05,7.02,7.03
2026-07-16 16:00:00+00:00,7.03,7.04,7.02,7.02
2026-07-16 16:15:00+00:00,7.02,7.04,7.02,7.04
2026-07-16 16:30:00+00:00,7.04,7.06,7.04,7.04
2026-07-16 16:45:00+00:00,7.04,7.06,7.04,7.05
2026-07-16 17:00:00+00:00,7.05,7.05,7.0,7.0
2026-07-16 17:15:00+00:00,7.01,7.02,6.99,7.01
2026-07-16 17:30:00+00:00,7.01,7.04,7.01,7.01
2026-07-16 17:45:00+00:00,7.02,7.02,6.99,7.0
2026-07-16 18:00:00+00:00,7.0,7.04,7.0,7.02
2026-07-16 18:15:00+00:00,7.02,7.04,7.01,7.02
2026-07-16 18:30:00+00:00,7.02,7.03,7.01,7.01
2026-07-16 18:45:00+00:00,7.01,7.03,7.01,7.01
2026-07-16 19:00:00+00:00,7.01,7.03,7.01,7.01
2026-07-16 19:15:00+00:00,7.01,7.02,7.0,7.01
2026-07-16 19:30:00+00:00,7.01,7.02,7.0,7.0
2026-07-16 19:45:00+00:00,7.01,7.01,6.99,7.0
2026-07-16 20:00:00+00:00,7.0,7.01,6.99,7.0
2026-07-16 20:15:00+00:00,7.0,7.0,6.99,7.0
2026-07-16 20:30:00+00:00,7.0,7.01,7.0,7.0
2026-07-16 20:45:00+00:00,7.0,7.01,6.99,7.0
2026-07-16 21:00:00+00:00,7.0,7.02,7.0,7.0
2026-07-16 21:15:00+00:00,7.0,7.0,7.0,7.0
2026-07-16 21:30:00+00:00,7.0,7.02,7.0,7.0
2026-07-16 21:45:00+00:00,7.01,7.01,6.99,7.01
2026-07-16 22:00:00+00:00,7.01,7.02,7.0,7.02
2026-07-16 22:15:00+00:00,7.01,7.01,6.99,6.99
2026-07-16 22:30:00+00:00,6.99,7.0,6.97,6.98
2026-07-16 22:45:00+00:00,6.97,6.98,6.96,6.96
2026-07-16 23:00:00+00:00,6.96,6.96,6.94,6.95
2026-07-16 23:15:00+00:00,6.95,6.95,6.91,6.93
2026-07-16 23:30:00+00:00,6.93,6.94,6.92,6.94
2026-07-16 23:45:00+00:00,6.94,6.95,6.93,6.94
2026-07-17 00:00:00+00:00,6.94,6.96,6.92,6.95
2026-07-17 00:15:00+00:00,6.95,6.97,6.95,6.95
2026-07-17 00:30:00+00:00,6.95,6.96,6.93,6.96
2026-07-17 00:45:00+00:00,6.95,6.99,6.95,6.99
2026-07-17 01:00:00+00:00,6.98,7.0,6.98,6.99
2026-07-17 01:15:00+00:00,6.99,6.99,6.97,6.97
2026-07-17 01:30:00+00:00,6.98,6.98,6.94,6.94
2026-07-17 01:45:00+00:00,6.94,6.95,6.91,6.91
2026-07-17 02:00:00+00:00,6.91,6.93,6.88,6.92
2026-07-17 02:15:00+00:00,6.91,6.92,6.9,6.91
2026-07-17 02:30:00+00:00,6.9,6.91,6.88,6.89
2026-07-17 02:45:00+00:00,6.89,6.9,6.88,6.9
2026-07-17 03:00:00+00:00,6.9,6.95,6.9,6.95
2026-07-17 03:15:00+00:00,6.95,6.97,6.95,6.96
2026-07-17 03:30:00+00:00,6.96,6.97,6.95,6.96
2026-07-17 03:45:00+00:00,6.96,6.97,6.95,6.95
2026-07-17 04:00:00+00:00,6.95,6.95,6.93,6.93
2026-07-17 04:15:00+00:00,6.93,6.93,6.91,6.92
2026-07-17 04:30:00+00:00,6.92,6.94,6.92,6.93
2026-07-17 04:45:00+00:00,6.93,6.95,6.93,6.94
2026-07-17 05:00:00+00:00,6.94,6.94,6.92,6.93
2026-07-17 05:15:00+00:00,6.93,6.93,6.9,6.91
2026-07-17 05:30:00+00:00,6.9,6.91,6.89,6.9
2026-07-17 05:45:00+00:00,6.89,6.89,6.86,6.87
2026-07-17 06:00:00+00:00,6.87,6.89,6.86,6.88
2026-07-17 06:15:00+00:00,6.88,6.91,6.87,6.9
2026-07-17 06:30:00+00:00,6.9,6.91,6.89,6.89
2026-07-17 06:45:00+00:00,6.89,6.9,6.89,6.9
2026-07-17 07:00:00+00:00,6.9,6.9,6.89,6.9
2026-07-17 07:15:00+00:00,6.9,6.91,6.89,6.9
2026-07-17 07:30:00+00:00,6.9,6.91,6.89,6.9
2026-07-17 07:45:00+00:00,6.9,6.92,6.89,6.9
2026-07-17 08:00:00+00:00,6.89,6.91,6.89,6.9
2026-07-17 08:15:00+00:00,6.9,6.91,6.89,6.91
2026-07-17 08:30:00+00:00,6.9,6.91,6.88,6.9
2026-07-17 08:45:00+00:00,6.9,6.92,6.9,6.91
2026-07-17 09:00:00+00:00,6.91,6.92,6.9,6.91
2026-07-17 09:15:00+00:00,6.91,6.94,6.91,6.93
2026-07-17 09:30:00+00:00,6.93,6.96,6.92,6.93
2026-07-17 09:45:00+00:00,6.93,6.94,6.93,6.94
2026-07-17 10:00:00+00:00,6.93,6.97,6.93,6.96
2026-07-17 10:15:00+00:00,6.97,6.97,6.95,6.95
2026-07-17 10:30:00+00:00,6.96,6.96,6.95,6.95
2026-07-17 10:45:00+00:00,6.95,6.96,6.94,6.94
2026-07-17 11:00:00+00:00,6.95,6.95,6.92,6.92
2026-07-17 11:15:00+00:00,6.92,6.95,6.92,6.94
2026-07-17 11:30:00+00:00,6.94,6.95,6.94,6.94
2026-07-17 11:45:00+00:00,6.94,6.95,6.94,6.94
2026-07-17 12:00:00+00:00,6.95,6.95,6.94,6.95
2026-07-17 12:15:00+00:00,6.94,6.96,6.94,6.95
2026-07-17 12:30:00+00:00,6.95,6.96,6.95,6.95
2026-07-17 12:45:00+00:00,6.95,6.96,6.94,6.95
2026-07-17 13:00:00+00:00,6.96,6.96,6.89,6.91
2026-07-17 13:15:00+00:00,6.91,6.92,6.9,6.92
2026-07-17 13:30:00+00:00,6.92,6.92,6.87,6.88
2026-07-17 13:45:00+00:00,6.88,6.97,6.88,6.97
2026-07-17 14:00:00+00:00,6.97,7.0,6.97,6.99
2026-07-17 14:15:00+00:00,6.99,6.99,6.97,6.97
2026-07-17 14:30:00+00:00,6.97,6.99,6.96,6.98
2026-07-17 14:45:00+00:00,6.97,6.97,6.96,6.97
2026-07-17 15:00:00+00:00,6.97,6.97,6.95,6.95
2026-07-17 15:15:00+00:00,6.95,6.99,6.95,6.99
2026-07-17 15:30:00+00:00,7.0,7.0,6.96,6.98
2026-07-17 15:45:00+00:00,6.99,7.03,6.98,7.03
2026-07-17 16:00:00+00:00,7.04,7.05,7.02,7.03
2026-07-17 16:15:00+00:00,7.03,7.07,7.03,7.06
2026-07-17 16:30:00+00:00,7.06,7.1,7.05,7.09
2026-07-17 16:45:00+00:00,7.09,7.1,7.06,7.07
2026-07-17 17:00:00+00:00,7.07,7.1,7.07,7.08
2026-07-17 17:15:00+00:00,7.07,7.07,7.06,7.06
2026-07-17 17:30:00+00:00,7.06,7.07,7.04,7.04
2026-07-17 17:45:00+00:00,7.03,7.05,7.03,7.04
2026-07-17 18:00:00+00:00,7.04,7.04,7.02,7.03
2026-07-17 18:15:00+00:00,7.03,7.03,7.01,7.01
2026-07-17 18:30:00+00:00,7.01,7.02,7.01,7.01
2026-07-17 18:45:00+00:00,7.02,7.04,7.02,7.03
2026-07-17 19:00:00+00:00,7.03,7.04,7.01,7.01
2026-07-17 19:15:00+00:00,7.01,7.01,6.99,7.01
2026-07-17 19:30:00+00:00,7.01,7.02,7.01,7.02
2026-07-17 19:45:00+00:00,7.02,7.02,7.02,7.02
2026-07-17 20:00:00+00:00,7.02,7.02,7.01,7.02
2026-07-17 20:15:00+00:00,7.02,7.03,7.01,7.03
2026-07-17 20:30:00+00:00,7.03,7.03,7.01,7.02
2026-07-17 20:45:00+00:00,7.02,7.02,7.01,7.02
2026-07-17 21:00:00+00:00,7.03,7.05,7.03,7.04
2026-07-17 21:15:00+00:00,7.03,7.04,7.03,7.03
2026-07-17 21:30:00+00:00,7.04,7.04,7.02,7.02
2026-07-17 21:45:00+00:00,7.02,7.03,7.02,7.03
2026-07-17 22:00:00+00:00,7.03,7.04,7.03,7.04
2026-07-17 22:15:00+00:00,7.03,7.03,7.03,7.03
2026-07-17 22:30:00+00:00,7.03,7.04,7.03,7.03
2026-07-17 22:45:00+00:00,7.04,7.04,7.03,7.04
2026-07-17 23:00:00+00:00,7.04,7.04,7.02,7.02
2026-07-17 23:15:00+00:00,7.02,7.04,7.02,7.04
2026-07-17 23:30:00+00:00,7.04,7.04,7.04,7.04
2026-07-17 23:45:00+00:00,7.04,7.05,7.04,7.04
2026-07-18 00:00:00+00:00,7.04,7.07,7.03,7.06
2026-07-18 00:15:00+00:00,7.05,7.05,7.03,7.04
2026-07-18 00:30:00+00:00,7.03,7.03,7.01,7.02
2026-07-18 00:45:00+00:00,7.02,7.02,7.02,7.02
2026-07-18 01:00:00+00:00,7.02,7.03,7.02,7.03
2026-07-18 01:15:00+00:00,7.02,7.03,7.02,7.03
2026-07-18 01:30:00+00:00,7.04,7.04,7.03,7.03
2026-07-18 01:45:00+00:00,7.03,7.04,7.03,7.03
2026-07-18 02:00:00+00:00,7.03,7.03,7.02,7.02
2026-07-18 02:15:00+00:00,7.03,7.03,7.02,7.02
2026-07-18 02:30:00+00:00,7.03,7.03,7.03,7.03
2026-07-18 02:45:00+00:00,7.02,7.03,7.02,7.02
2026-07-18 03:00:00+00:00,7.02,7.03,7.02,7.03
2026-07-18 03:15:00+00:00,7.04,7.04,7.03,7.03
2026-07-18 03:30:00+00:00,7.03,7.06,7.03,7.05
2026-07-18 03:45:00+00:00,7.05,7.07,7.04,7.07
2026-07-18 04:00:00+00:00,7.07,7.08,7.05,7.06
2026-07-18 04:15:00+00:00,7.06,7.06,7.04,7.04
2026-07-18 04:30:00+00:00,7.05,7.05,7.04,7.05
2026-07-18 04:45:00+00:00,7.04,7.05,7.04,7.05
2026-07-18 05:00:00+00:00,7.04,7.05,7.04,7.04
2026-07-18 05:15:00+00:00,7.05,7.06,7.05,7.05
2026-07-18 05:30:00+00:00,7.06,7.07,7.04,7.04
2026-07-18 05:45:00+00:00,7.04,7.04,7.02,7.03
2026-07-18 06:00:00+00:00,7.03,7.03,7.03,7.03
2026-07-18 06:15:00+00:00,7.03,7.04,7.03,7.03
2026-07-18 06:30:00+00:00,7.04,7.04,7.03,7.03
2026-07-18 06:45:00+00:00,7.04,7.05,7.04,7.05
2026-07-18 07:00:00+00:00,7.05,7.05,7.03,7.03
2026-07-18 07:15:00+00:00,7.03,7.03,7.03,7.03
2026-07-18 07:30:00+00:00,7.03,7.05,7.03,7.04
2026-07-18 07:45:00+00:00,7.04,7.07,7.03,7.07
2026-07-18 08:00:00+00:00,7.06,7.06,7.04,7.05
2026-07-18 08:15:00+00:00,7.05,7.07,7.05,7.06
2026-07-18 08:30:00+00:00,7.06,7.07,7.06,7.06
2026-07-18 08:45:00+00:00,7.06,7.07,7.05,7.06
2026-07-18 09:00:00+00:00,7.07,7.08,7.04,7.05
2026-07-18 09:15:00+00:00,7.05,7.05,7.03,7.03
2026-07-18 09:30:00+00:00,7.03,7.04,7.01,7.02
2026-07-18 09:45:00+00:00,7.02,7.02,7.0,7.01
2026-07-18 10:00:00+00:00,7.01,7.04,7.01,7.03
2026-07-18 10:15:00+00:00,7.03,7.04,7.02,7.04
2026-07-18 10:30:00+00:00,7.03,7.04,7.02,7.03
2026-07-18 10:45:00+00:00,7.03,7.03,7.02,7.02
2026-07-18 11:00:00+00:00,7.02,7.03,7.01,7.02
2026-07-18 11:15:00+00:00,7.02,7.04,7.02,7.03
2026-07-18 11:30:00+00:00,7.03,7.04,7.02,7.02
2026-07-18 11:45:00+00:00,7.02,7.03,7.01,7.01
2026-07-18 12:00:00+00:00,7.01,7.03,7.01,7.02
2026-07-18 12:15:00+00:00,7.03,7.03,7.0,7.0
2026-07-18 12:30:00+00:00,7.0,7.03,7.0,7.03
2026-07-18 12:45:00+00:00,7.02,7.04,7.02,7.02
2026-07-18 13:00:00+00:00,7.02,7.02,7.0,7.01
2026-07-18 13:15:00+00:00,7.01,7.02,7.0,7.02
2026-07-18 13:30:00+00:00,7.02,7.03,7.01,7.02
2026-07-18 13:45:00+00:00,7.02,7.03,7.02,7.02
2026-07-18 14:00:00+00:00,7.02,7.04,7.02,7.04
2026-07-18 14:15:00+00:00,7.03,7.06,7.03,7.06
2026-07-18 14:30:00+00:00,7.06,7.07,7.04,7.04
2026-07-18 14:45:00+00:00,7.05,7.06,7.04,7.04
2026-07-18 15:00:00+00:00,7.05,7.05,7.03,7.04
2026-07-18 15:15:00+00:00,7.04,7.04,7.02,7.02
2026-07-18 15:30:00+00:00,7.03,7.03,7.01,7.01
2026-07-18 15:45:00+00:00,7.01,7.02,7.0,7.0
2026-07-18 16:00:00+00:00,7.0,7.01,6.99,7.0
2026-07-18 16:15:00+00:00,7.0,7.01,7.0,7.0
2026-07-18 16:30:00+00:00,7.0,7.01,6.97,6.97
2026-07-18 16:45:00+00:00,6.98,7.0,6.96,7.0
2026-07-18 17:00:00+00:00,7.0,7.0,6.98,6.99
2026-07-18 17:15:00+00:00,6.99,7.0,6.98,6.98
2026-07-18 17:30:00+00:00,6.98,7.01,6.98,7.0
2026-07-18 17:45:00+00:00,7.01,7.01,7.0,7.01
2026-07-18 18:00:00+00:00,7.01,7.01,7.0,7.0
2026-07-18 18:15:00+00:00,7.0,7.03,7.0,7.01
2026-07-18 18:30:00+00:00,7.01,7.01,6.98,6.98
2026-07-18 18:45:00+00:00,6.99,6.99,6.98,6.99
2026-07-18 19:00:00+00:00,6.99,6.99,6.98,6.98
2026-07-18 19:15:00+00:00,6.99,6.99,6.97,6.97
2026-07-18 19:30:00+00:00,6.97,6.98,6.97,6.97
2026-07-18 19:45:00+00:00,6.97,6.98,6.97,6.98
2026-07-18 20:00:00+00:00,6.97,6.99,6.96,6.98
2026-07-18 20:15:00+00:00,6.98,6.99,6.98,6.98
2026-07-18 20:30:00+00:00,6.98,6.98,6.98,6.98
2026-07-18 20:45:00+00:00,6.98,6.99,6.97,6.98
2026-07-18 21:00:00+00:00,6.98,7.0,6.98,7.0
2026-07-18 21:15:00+00:00,7.0,7.0,6.98,6.98
2026-07-18 21:30:00+00:00,6.99,7.0,6.98,6.99
2026-07-18 21:45:00+00:00,6.99,7.0,6.99,6.99
2026-07-18 22:00:00+00:00,6.99,7.01,6.99,7.01
2026-07-18 22:15:00+00:00,7.0,7.01,6.99,6.99
2026-07-18 22:30:00+00:00,6.99,7.0,6.99,6.99
2026-07-18 22:45:00+00:00,6.99,7.01,6.99,7.01
2026-07-18 23:00:00+00:00,7.0,7.0,6.99,7.0
2026-07-18 23:15:00+00:00,6.99,7.01,6.99,7.01
2026-07-18 23:30:00+00:00,7.01,7.01,7.01,7.01
2026-07-18 23:45:00+00:00,7.01,7.01,7.01,7.01
2026-07-19 00:00:00+00:00,7.01,7.02,7.01,7.01
2026-07-19 00:15:00+00:00,7.01,7.01,7.0,7.0
2026-07-19 00:30:00+00:00,7.0,7.01,7.0,7.01
2026-07-19 00:45:00+00:00,7.01,7.02,7.01,7.02
2026-07-19 01:00:00+00:00,7.02,7.03,7.02,7.02
2026-07-19 01:15:00+00:00,7.02,7.03,7.02,7.02
2026-07-19 01:30:00+00:00,7.01,7.02,7.01,7.01
2026-07-19 01:45:00+00:00,7.01,7.02,7.01,7.01
2026-07-19 02:00:00+00:00,7.01,7.05,7.01,7.03
2026-07-19 02:15:00+00:00,7.03,7.03,7.02,7.02
2026-07-19 02:30:00+00:00,7.02,7.04,7.02,7.04
2026-07-19 02:45:00+00:00,7.03,7.04,7.03,7.03
2026-07-19 03:00:00+00:00,7.03,7.04,7.02,7.02
2026-07-19 03:15:00+00:00,7.02,7.02,7.01,7.01
2026-07-19 03:30:00+00:00,7.01,7.02,7.01,7.01
2026-07-19 03:45:00+00:00,7.01,7.02,7.01,7.01
2026-07-19 04:00:00+00:00,7.01,7.02,7.0,7.0
2026-07-19 04:15:00+00:00,7.0,7.0,7.0,7.0
2026-07-19 04:30:00+00:00,7.0,7.02,7.0,7.02
2026-07-19 04:45:00+00:00,7.01,7.01,6.99,6.99
2026-07-19 05:00:00+00:00,6.99,7.01,6.99,7.01
2026-07-19 05:15:00+00:00,7.01,7.02,7.01,7.01
2026-07-19 05:30:00+00:00,7.01,7.01,7.0,7.0
2026-07-19 05:45:00+00:00,7.0,7.02,7.0,7.0
2026-07-19 06:00:00+00:00,7.0,7.0,6.99,7.0
2026-07-19 06:15:00+00:00,7.0,7.01,6.99,7.0
2026-07-19 06:30:00+00:00,7.0,7.02,7.0,7.0
2026-07-19 06:45:00+00:00,7.0,7.01,6.98,6.99
2026-07-19 07:00:00+00:00,6.98,6.99,6.97,6.98
2026-07-19 07:15:00+00:00,6.98,6.98,6.95,6.96
2026-07-19 07:30:00+00:00,6.96,6.98,6.96,6.97
2026-07-19 07:45:00+00:00,6.97,6.98,6.96,6.97
2026-07-19 08:00:00+00:00,6.97,6.97,6.96,6.97
2026-07-19 08:15:00+00:00,6.97,6.98,6.97,6.97
2026-07-19 08:30:00+00:00,6.97,6.98,6.97,6.97
2026-07-19 08:45:00+00:00,6.97,6.99,6.97,6.98
2026-07-19 09:00:00+00:00,6.98,6.99,6.97,6.97
2026-07-19 09:15:00+00:00,6.97,6.98,6.96,6.96
2026-07-19 09:30:00+00:00,6.96,6.97,6.96,6.96
2026-07-19 09:45:00+00:00,6.96,6.98,6.96,6.98
2026-07-19 10:00:00+00:00,6.97,6.97,6.96,6.97
2026-07-19 10:15:00+00:00,6.97,6.98,6.97,6.97
2026-07-19 10:30:00+00:00,6.97,6.98,6.97,6.98
2026-07-19 10:45:00+00:00,6.98,6.99,6.96,6.96
2026-07-19 11:00:00+00:00,6.96,6.96,6.95,6.95
2026-07-19 11:15:00+00:00,6.95,6.96,6.93,6.94
2026-07-19 11:30:00+00:00,6.94,6.96,6.94,6.94
2026-07-19 11:45:00+00:00,6.94,6.94,6.92,6.92
2026-07-19 12:00:00+00:00,6.92,6.93,6.91,6.92
2026-07-19 12:15:00+00:00,6.92,6.94,6.92,6.94
2026-07-19 12:30:00+00:00,6.94,6.94,6.92,6.93
2026-07-19 12:45:00+00:00,6.93,6.94,6.93,6.94
2026-07-19 13:00:00+00:00,6.95,6.95,6.93,6.93
2026-07-19 13:15:00+00:00,6.93,6.94,6.92,6.93
2026-07-19 13:30:00+00:00,6.93,6.94,6.92,6.93
2026-07-19 13:45:00+00:00,6.93,6.94,6.91,6.91
2026-07-19 14:00:00+00:00,6.91,6.94,6.9,6.94
2026-07-19 14:15:00+00:00,6.93,6.93,6.9,6.93
2026-07-19 14:30:00+00:00,6.92,6.93,6.92,6.93
2026-07-19 14:45:00+00:00,6.92,6.95,6.92,6.93
2026-07-19 15:00:00+00:00,6.93,6.93,6.92,6.92
2026-07-19 15:15:00+00:00,6.93,6.93,6.92,6.92
2026-07-19 15:30:00+00:00,6.92,6.93,6.91,6.92
2026-07-19 15:45:00+00:00,6.92,6.93,6.91,6.91
2026-07-19 16:00:00+00:00,6.91,6.91,6.89,6.9
2026-07-19 16:15:00+00:00,6.89,6.91,6.88,6.9
2026-07-19 16:30:00+00:00,6.9,6.9,6.88,6.89
2026-07-19 16:45:00+00:00,6.89,6.89,6.87,6.88
2026-07-19 17:00:00+00:00,6.87,6.87,6.81,6.86
2026-07-19 17:15:00+00:00,6.86,6.91,6.84,6.89
2026-07-19 17:30:00+00:00,6.89,6.91,6.89,6.91
2026-07-19 17:45:00+00:00,6.91,6.92,6.9,6.91
2026-07-19 18:00:00+00:00,6.92,6.92,6.88,6.91
2026-07-19 18:15:00+00:00,6.91,6.91,6.9,6.91
2026-07-19 18:30:00+00:00,6.91,6.93,6.9,6.92
2026-07-19 18:45:00+00:00,6.93,6.94,6.91,6.94
2026-07-19 19:00:00+00:00,6.94,6.95,6.92,6.93
2026-07-19 19:15:00+00:00,6.93,6.94,6.93,6.93
2026-07-19 19:30:00+00:00,6.93,6.94,6.93,6.94
2026-07-19 19:45:00+00:00,6.94,6.97,6.94,6.96
2026-07-19 20:00:00+00:00,6.96,6.97,6.94,6.95
2026-07-19 20:15:00+00:00,6.95,6.97,6.95,6.96
2026-07-19 20:30:00+00:00,6.96,6.98,6.96,6.97
2026-07-19 20:45:00+00:00,6.97,7.0,6.97,7.0
2026-07-19 21:00:00+00:00,7.0,7.02,6.98,6.98
2026-07-19 21:15:00+00:00,6.98,6.98,6.93,6.95
2026-07-19 21:30:00+00:00,6.94,6.94,6.92,6.94
2026-07-19 21:45:00+00:00,6.93,6.94,6.92,6.92
2026-07-19 22:00:00+00:00,6.93,6.97,6.93,6.95
2026-07-19 22:15:00+00:00,6.96,6.97,6.95,6.95
2026-07-19 22:30:00+00:00,6.96,6.96,6.94,6.96
2026-07-19 22:45:00+00:00,6.96,6.97,6.94,6.94
2026-07-19 23:00:00+00:00,6.95,6.96,6.93,6.95
2026-07-19 23:15:00+00:00,6.95,6.96,6.95,6.95
2026-07-19 23:30:00+00:00,6.95,6.97,6.94,6.95
2026-07-19 23:45:00+00:00,6.95,6.96,6.94,6.95
2026-07-20 00:00:00+00:00,6.95,6.98,6.94,6.98
2026-07-20 00:15:00+00:00,6.98,6.99,6.94,6.95
2026-07-20 00:30:00+00:00,6.95,6.97,6.93,6.93
2026-07-20 00:45:00+00:00,6.94,6.94,6.88,6.88
2026-07-20 01:00:00+00:00,6.87,6.92,6.87,6.91
2026-07-20 01:15:00+00:00,6.91,6.92,6.88,6.92
2026-07-20 01:30:00+00:00,6.91,6.93,6.9,6.9
2026-07-20 01:45:00+00:00,6.9,6.91,6.88,6.88
2026-07-20 02:00:00+00:00,6.89,6.93,6.89,6.91
2026-07-20 02:15:00+00:00,6.9,6.9,6.87,6.87
2026-07-20 02:30:00+00:00,6.87,6.9,6.87,6.9
2026-07-20 02:45:00+00:00,6.91,6.92,6.86,6.86
2026-07-20 03:00:00+00:00,6.87,6.91,6.87,6.91
2026-07-20 03:15:00+00:00,6.91,6.91,6.89,6.9
2026-07-20 03:30:00+00:00,6.9,6.91,6.9,6.91
2026-07-20 03:45:00+00:00,6.91,6.93,6.91,6.92
2026-07-20 04:00:00+00:00,6.92,6.92,6.89,6.89
2026-07-20 04:15:00+00:00,6.89,6.89,6.88,6.89
2026-07-20 04:30:00+00:00,6.89,6.91,6.89,6.9
2026-07-20 04:45:00+00:00,6.9,6.9,6.87,6.88
2026-07-20 05:00:00+00:00,6.88,6.89,6.82,6.86
2026-07-20 05:15:00+00:00,6.86,6.87,6.84,6.84
2026-07-20 05:30:00+00:00,6.84,6.85,6.83,6.84
2026-07-20 05:45:00+00:00,6.84,6.86,6.83,6.84
2026-07-20 06:00:00+00:00,6.84,6.85,6.83,6.84
2026-07-20 06:15:00+00:00,6.84,6.85,6.83,6.83
2026-07-20 06:30:00+00:00,6.83,6.84,6.77,6.79
2026-07-20 06:45:00+00:00,6.79,6.8,6.78,6.79
2026-07-20 07:00:00+00:00,6.79,6.8,6.75,6.78
2026-07-20 07:15:00+00:00,6.79,6.8,6.76,6.8
2026-07-20 07:30:00+00:00,6.8,6.8,6.79,6.8
2026-07-20 07:45:00+00:00,6.79,6.81,6.79,6.8
2026-07-20 08:00:00+00:00,6.8,6.81,6.77,6.79
2026-07-20 08:15:00+00:00,6.79,6.8,6.76,6.79
2026-07-20 08:30:00+00:00,6.79,6.79,6.73,6.75
2026-07-20 08:45:00+00:00,6.74,6.77,6.74,6.75
2026-07-20 09:00:00+00:00,6.74,6.75,6.73,6.75
2026-07-20 09:15:00+00:00,6.75,6.79,6.74,6.78
2026-07-20 09:30:00+00:00,6.78,6.8,6.77,6.79
2026-07-20 09:45:00+00:00,6.8,6.82,6.79,6.82
2026-07-20 10:00:00+00:00,6.81,6.81,6.79,6.79
2026-07-20 10:15:00+00:00,6.79,6.82,6.79,6.81
2026-07-20 10:30:00+00:00,6.8,6.8,6.78,6.79
2026-07-20 10:45:00+00:00,6.79,6.8,6.79,6.79
2026-07-20 11:00:00+00:00,6.8,6.82,6.79,6.81
2026-07-20 11:15:00+00:00,6.81,6.81,6.78,6.79
2026-07-20 11:30:00+00:00,6.8,6.86,6.8,6.84
2026-07-20 11:45:00+00:00,6.85,6.86,6.82,6.83
2026-07-20 12:00:00+00:00,6.84,6.84,6.8,6.81
2026-07-20 12:15:00+00:00,6.81,6.82,6.8,6.82
2026-07-20 12:30:00+00:00,6.81,6.83,6.81,6.81
2026-07-20 12:45:00+00:00,6.8,6.83,6.8,6.82
2026-07-20 13:00:00+00:00,6.83,6.83,6.82,6.82
2026-07-20 13:15:00+00:00,6.82,6.83,6.81,6.83
2026-07-20 13:30:00+00:00,6.83,6.86,6.83,6.84
2026-07-20 13:45:00+00:00,6.84,6.85,6.81,6.82
2026-07-20 14:00:00+00:00,6.82,6.84,6.81,6.82
2026-07-20 14:15:00+00:00,6.82,6.83,6.78,6.83
2026-07-20 14:30:00+00:00,6.83,6.83,6.82,6.83
2026-07-20 14:45:00+00:00,6.83,6.83,6.82,6.83
2026-07-20 15:00:00+00:00,6.83,6.89,6.83,6.87
2026-07-20 15:15:00+00:00,6.88,6.89,6.87,6.87
2026-07-20 15:30:00+00:00,6.88,6.9,6.87,6.9
2026-07-20 15:45:00+00:00,6.9,6.94,6.89,6.94
2026-07-20 16:00:00+00:00,6.95,6.97,6.93,6.95
2026-07-20 16:15:00+00:00,6.95,6.95,6.9,6.9
2026-07-20 16:30:00+00:00,6.91,6.92,6.88,6.89
2026-07-20 16:45:00+00:00,6.89,6.92,6.89,6.91
2026-07-20 17:00:00+00:00,6.91,6.91,6.9,6.91
2026-07-20 17:15:00+00:00,6.9,6.91,6.89,6.9
2026-07-20 17:30:00+00:00,6.9,6.92,6.89,6.89
2026-07-20 17:45:00+00:00,6.89,6.95,6.89,6.94
2026-07-20 18:00:00+00:00,6.95,7.0,6.95,6.99
2026-07-20 18:15:00+00:00,6.99,7.0,6.97,6.99
2026-07-20 18:30:00+00:00,6.99,7.0,6.98,6.99
2026-07-20 18:45:00+00:00,6.98,7.0,6.98,6.99
2026-07-20 19:00:00+00:00,7.0,7.04,6.98,6.98
2026-07-20 19:15:00+00:00,6.97,7.0,6.97,6.98
2026-07-20 19:30:00+00:00,6.98,6.98,6.95,6.96
2026-07-20 19:45:00+00:00,6.96,6.97,6.95,6.95
2026-07-20 20:00:00+00:00,6.96,6.97,6.95,6.96
2026-07-20 20:15:00+00:00,6.96,6.97,6.94,6.96
2026-07-20 20:30:00+00:00,6.96,6.99,6.96,6.98
2026-07-20 20:45:00+00:00,6.97,6.98,6.94,6.94
2026-07-20 21:00:00+00:00,6.95,6.97,6.94,6.95
2026-07-20 21:15:00+00:00,6.94,6.96,6.94,6.94
2026-07-20 21:30:00+00:00,6.94,6.95,6.93,6.93
2026-07-20 21:45:00+00:00,6.93,6.94,6.91,6.92
2026-07-20 22:00:00+00:00,6.92,6.92,6.9,6.91
2026-07-20 22:15:00+00:00,6.91,6.91,6.9,6.91
2026-07-20 22:30:00+00:00,6.91,6.92,6.89,6.9
2026-07-20 22:45:00+00:00,6.9,6.92,6.9,6.91
2026-07-20 23:00:00+00:00,6.91,6.93,6.91,6.91
2026-07-20 23:15:00+00:00,6.92,6.93,6.91,6.91
2026-07-20 23:30:00+00:00,6.91,6.92,6.91,6.91
2026-07-20 23:45:00+00:00,6.91,6.93,6.91,6.92
2026-07-21 00:00:00+00:00,6.92,6.93,6.89,6.92
2026-07-21 00:15:00+00:00,6.91,6.93,6.91,6.93
2026-07-21 00:30:00+00:00,6.92,6.95,6.92,6.94
2026-07-21 00:45:00+00:00,6.93,6.95,6.93,6.93
2026-07-21 01:00:00+00:00,6.94,6.95,6.93,6.94
2026-07-21 01:15:00+00:00,6.94,6.94,6.92,6.93
2026-07-21 01:30:00+00:00,6.93,6.93,6.91,6.91
2026-07-21 01:45:00+00:00,6.91,6.92,6.89,6.89
2026-07-21 02:00:00+00:00,6.89,6.91,6.89,6.9
2026-07-21 02:15:00+00:00,6.9,6.9,6.88,6.88
2026-07-21 02:30:00+00:00,6.89,6.9,6.89,6.89
2026-07-21 02:45:00+00:00,6.89,6.94,6.89,6.91
2026-07-21 03:00:00+00:00,6.91,6.93,6.91,6.92
2026-07-21 03:15:00+00:00,6.92,6.93,6.91,6.93
2026-07-21 03:30:00+00:00,6.94,6.97,6.93,6.95
2026-07-21 03:45:00+00:00,6.95,6.98,6.94,6.97
2026-07-21 04:00:00+00:00,6.98,7.0,6.96,6.96
2026-07-21 04:15:00+00:00,6.96,6.97,6.95,6.95
2026-07-21 04:30:00+00:00,6.94,6.96,6.94,6.96
2026-07-21 04:45:00+00:00,6.96,6.97,6.96,6.97
2026-07-21 05:00:00+00:00,6.97,6.99,6.97,6.98
2026-07-21 05:15:00+00:00,6.98,6.98,6.97,6.98
2026-07-21 05:30:00+00:00,6.98,6.99,6.97,6.98
2026-07-21 05:45:00+00:00,6.98,7.0,6.97,6.98
2026-07-21 06:00:00+00:00,6.98,7.0,6.97,6.97
2026-07-21 06:15:00+00:00,6.97,6.99,6.96,6.98
2026-07-21 06:30:00+00:00,6.98,7.0,6.98,6.98
2026-07-21 06:45:00+00:00,6.98,6.99,6.97,6.98
2026-07-21 07:00:00+00:00,6.98,6.99,6.98,6.99
2026-07-21 07:15:00+00:00,6.99,7.0,6.98,6.98
2026-07-21 07:30:00+00:00,6.98,7.01,6.98,7.0
2026-07-21 07:45:00+00:00,7.0,7.04,7.0,7.04
2026-07-21 08:00:00+00:00,7.03,7.05,7.02,7.04
2026-07-21 08:15:00+00:00,7.03,7.06,7.02,7.02
2026-07-21 08:30:00+00:00,7.02,7.04,7.01,7.03
2026-07-21 08:45:00+00:00,7.03,7.04,7.03,7.04
2026-07-21 09:00:00+00:00,7.03,7.1,7.03,7.06
2026-07-21 09:15:00+00:00,7.07,7.09,7.05,7.06
2026-07-21 09:30:00+00:00,7.05,7.07,7.05,7.07
2026-07-21 09:45:00+00:00,7.07,7.08,7.06,7.07
2026-07-21 10:00:00+00:00,7.07,7.09,7.06,7.06
2026-07-21 10:15:00+00:00,7.06,7.08,7.06,7.08
2026-07-21 10:30:00+00:00,7.08,7.1,7.06,7.06
2026-07-21 10:45:00+00:00,7.06,7.06,7.04,7.06
2026-07-21 11:00:00+00:00,7.05,7.06,7.04,7.05
2026-07-21 11:15:00+00:00,7.04,7.06,7.04,7.05
2026-07-21 11:30:00+00:00,7.06,7.07,7.05,7.06
2026-07-21 11:45:00+00:00,7.06,7.07,7.06,7.06
2026-07-21 12:00:00+00:00,7.06,7.07,7.05,7.06
2026-07-21 12:15:00+00:00,7.06,7.08,7.05,7.05
2026-07-21 12:30:00+00:00,7.05,7.07,7.05,7.06
2026-07-21 12:45:00+00:00,7.06,7.07,7.05,7.06
2026-07-21 13:00:00+00:00,7.06,7.07,7.05,7.05
2026-07-21 13:15:00+00:00,7.06,7.06,7.04,7.04
2026-07-21 13:30:00+00:00,7.04,7.05,7.03,7.04
2026-07-21 13:45:00+00:00,7.03,7.06,7.03,7.04
2026-07-21 14:00:00+00:00,7.04,7.05,7.03,7.04
2026-07-21 14:15:00+00:00,7.04,7.04,7.01,7.01
2026-07-21 14:30:00+00:00,7.01,7.02,6.99,7.01
2026-07-21 14:45:00+00:00,7.01,7.01,7.0,7.0
2026-07-21 15:00:00+00:00,7.0,7.02,6.99,7.02
2026-07-21 15:15:00+00:00,7.01,7.04,7.01,7.01
2026-07-21 15:30:00+00:00,7.01,7.01,6.99,7.0
2026-07-21 15:45:00+00:00,7.0,7.0,6.99,7.0
2026-07-21 16:00:00+00:00,7.0,7.0,6.99,7.0
2026-07-21 16:15:00+00:00,7.0,7.01,7.0,7.01
2026-07-21 16:30:00+00:00,7.01,7.02,7.0,7.01
2026-07-21 16:45:00+00:00,7.01,7.02,7.01,7.01
2026-07-21 17:00:00+00:00,7.01,7.01,7.0,7.01
2026-07-21 17:15:00+00:00,7.01,7.01,6.98,6.99
2026-07-21 17:30:00+00:00,6.99,7.0,6.99,6.99
2026-07-21 17:45:00+00:00,6.99,6.99,6.96,6.98
2026-07-21 18:00:00+00:00,6.97,7.0,6.97,6.99
2026-07-21 18:15:00+00:00,7.0,7.0,6.99,7.0
2026-07-21 18:30:00+00:00,7.0,7.01,7.0,7.01
2026-07-21 18:45:00+00:00,7.01,7.02,7.01,7.02
2026-07-21 19:00:00+00:00,7.03,7.03,7.01,7.02
2026-07-21 19:15:00+00:00,7.01,7.02,7.0,7.0
2026-07-21 19:30:00+00:00,7.01,7.02,7.0,7.02
2026-07-21 19:45:00+00:00,7.02,7.02,7.0,7.01
2026-07-21 20:00:00+00:00,7.01,7.02,7.01,7.02
2026-07-21 20:15:00+00:00,7.01,7.01,7.0,7.0
2026-07-21 20:30:00+00:00,7.0,7.01,7.0,7.01
2026-07-21 20:45:00+00:00,7.0,7.0,6.99,6.99
2026-07-21 21:00:00+00:00,6.99,7.01,6.99,7.0
2026-07-21 21:15:00+00:00,7.0,7.01,7.0,7.01
2026-07-21 21:30:00+00:00,7.01,7.01,7.0,7.01
2026-07-21 21:45:00+00:00,7.0,7.01,7.0,7.01
2026-07-21 22:00:00+00:00,7.0,7.0,6.98,6.99
2026-07-21 22:15:00+00:00,6.98,6.99,6.98,6.98
2026-07-21 22:30:00+00:00,6.98,7.0,6.98,6.98
2026-07-21 22:45:00+00:00,6.98,6.99,6.98,6.99
2026-07-21 23:00:00+00:00,6.99,6.99,6.98,6.98
2026-07-21 23:15:00+00:00,6.99,6.99,6.98,6.98
2026-07-21 23:30:00+00:00,6.98,6.99,6.98,6.98
2026-07-21 23:45:00+00:00,6.98,7.0,6.98,7.0
2026-07-22 00:00:00+00:00,7.0,7.04,6.99,7.02
2026-07-22 00:15:00+00:00,7.01,7.02,7.01,7.02
2026-07-22 00:30:00+00:00,7.02,7.02,7.01,7.02
2026-07-22 00:45:00+00:00,7.02,7.03,7.01,7.02
2026-07-22 01:00:00+00:00,7.02,7.03,7.01,7.01
2026-07-22 01:15:00+00:00,7.01,7.01,7.0,7.0
2026-07-22 01:30:00+00:00,7.0,7.01,7.0,7.0
2026-07-22 01:45:00+00:00,7.01,7.02,7.01,7.02
2026-07-22 02:00:00+00:00,7.02,7.02,7.0,7.02
2026-07-22 02:15:00+00:00,7.02,7.03,7.01,7.03
2026-07-22 02:30:00+00:00,7.02,7.02,7.0,7.01
2026-07-22 02:45:00+00:00,7.01,7.03,7.0,7.02
2026-07-22 03:00:00+00:00,7.02,7.02,7.0,7.0
2026-07-22 03:15:00+00:00,7.0,7.01,6.99,7.01
2026-07-22 03:30:00+00:00,7.0,7.01,6.99,6.99
2026-07-22 03:45:00+00:00,7.0,7.0,6.98,6.98
2026-07-22 04:00:00+00:00,6.98,7.01,6.98,7.0
2026-07-22 04:15:00+00:00,7.01,7.01,7.0,7.0
2026-07-22 04:30:00+00:00,7.0,7.0,7.0,7.0
2026-07-22 04:45:00+00:00,7.0,7.01,7.0,7.0
2026-07-22 05:00:00+00:00,7.0,7.01,6.99,6.99
2026-07-22 05:15:00+00:00,6.99,6.99,6.96,6.96
2026-07-22 05:30:00+00:00,6.96,6.97,6.95,6.97
2026-07-22 05:45:00+00:00,6.96,6.96,6.95,6.96
2026-07-22 06:00:00+00:00,6.95,6.95,6.93,6.94
2026-07-22 06:15:00+00:00,6.94,6.94,6.91,6.93
2026-07-22 06:30:00+00:00,6.92,6.95,6.92,6.93
2026-07-22 06:45:00+00:00,6.93,6.94,6.93,6.94
2026-07-22 07:00:00+00:00,6.93,6.94,6.93,6.94
2026-07-22 07:15:00+00:00,6.94,6.94,6.93,6.94
2026-07-22 07:30:00+00:00,6.93,6.94,6.92,6.94
2026-07-22 07:45:00+00:00,6.94,6.94,6.93,6.94
2026-07-22 08:00:00+00:00,6.93,6.96,6.93,6.95
2026-07-22 08:15:00+00:00,6.96,6.98,6.96,6.97
2026-07-22 08:30:00+00:00,6.97,6.97,6.95,6.95
2026-07-22 08:45:00+00:00,6.96,6.97,6.96,6.96
2026-07-22 09:00:00+00:00,6.97,6.97,6.96,6.96
2026-07-22 09:15:00+00:00,6.96,6.97,6.96,6.97
2026-07-22 09:30:00+00:00,6.97,6.97,6.94,6.95
2026-07-22 09:45:00+00:00,6.95,6.96,6.95,6.96
2026-07-22 10:00:00+00:00,6.96,6.96,6.95,6.95
2026-07-22 10:15:00+00:00,6.95,6.97,6.95,6.96
2026-07-22 10:30:00+00:00,6.97,6.97,6.96,6.96
2026-07-22 10:45:00+00:00,6.97,6.97,6.96,6.97
2026-07-22 11:00:00+00:00,6.96,6.97,6.96,6.97
2026-07-22 11:15:00+00:00,6.97,6.97,6.95,6.96
2026-07-22 11:30:00+00:00,6.96,6.96,6.95,6.95
2026-07-22 11:45:00+00:00,6.95,6.95,6.94,6.94
2026-07-22 12:00:00+00:00,6.94,6.95,6.93,6.95
2026-07-22 12:15:00+00:00,6.94,6.95,6.94,6.95
2026-07-22 12:30:00+00:00,6.94,6.95,6.93,6.94
2026-07-22 12:45:00+00:00,6.94,6.94,6.93,6.94
2026-07-22 13:00:00+00:00,6.94,6.94,6.93,6.94
2026-07-22 13:15:00+00:00,6.94,6.94,6.93,6.94
2026-07-22 13:30:00+00:00,6.94,6.97,6.94,6.97
2026-07-22 13:45:00+00:00,6.97,6.98,6.96,6.97
2026-07-22 14:00:00+00:00,6.97,7.01,6.96,6.98
2026-07-22 14:15:00+00:00,6.98,6.98,6.96,6.96
2026-07-22 14:30:00+00:00,6.96,6.98,6.96,6.97
2026-07-22 14:45:00+00:00,6.97,6.98,6.97,6.98
2026-07-22 15:00:00+00:00,6.99,7.0,6.99,6.99
2026-07-22 15:15:00+00:00,6.99,7.01,6.99,7.01
2026-07-22 15:30:00+00:00,7.02,7.02,7.0,7.01
2026-07-22 15:45:00+00:00,7.01,7.03,7.01,7.01
2026-07-22 16:00:00+00:00,7.01,7.03,7.01,7.02
2026-07-22 16:15:00+00:00,7.01,7.01,6.99,7.0
2026-07-22 16:30:00+00:00,7.0,7.04,7.0,7.04
2026-07-22 16:45:00+00:00,7.03,7.03,7.02,7.02
2026-07-22 17:00:00+00:00,7.02,7.02,7.02,7.02
2026-07-22 17:15:00+00:00,7.02,7.02,6.99,7.0
2026-07-22 17:30:00+00:00,7.0,7.02,6.99,7.01
2026-07-22 17:45:00+00:00,7.01,7.01,7.0,7.0
2026-07-22 18:00:00+00:00,6.99,7.0,6.99,6.99
2026-07-22 18:15:00+00:00,6.99,7.0,6.98,6.98
2026-07-22 18:30:00+00:00,6.98,6.98,6.96,6.97
2026-07-22 18:45:00+00:00,6.97,6.98,6.97,6.97
2026-07-22 19:00:00+00:00,6.97,6.98,6.94,6.97
2026-07-22 19:15:00+00:00,6.96,6.98,6.96,6.97
2026-07-22 19:30:00+00:00,6.97,6.98,6.95,6.95
2026-07-22 19:45:00+00:00,6.95,6.95,6.94,6.94
2026-07-22 20:00:00+00:00,6.94,6.96,6.93,6.95
2026-07-22 20:15:00+00:00,6.95,6.95,6.94,6.94
2026-07-22 20:30:00+00:00,6.94,6.96,6.94,6.95
2026-07-22 20:45:00+00:00,6.95,6.95,6.94,6.94
2026-07-22 21:00:00+00:00,6.94,6.96,6.94,6.94
2026-07-22 21:15:00+00:00,6.94,6.95,6.94,6.94
2026-07-22 21:30:00+00:00,6.94,6.96,6.94,6.95
2026-07-22 21:45:00+00:00,6.95,6.96,6.94,6.94
2026-07-22 22:00:00+00:00,6.95,6.96,6.94,6.95
2026-07-22 22:15:00+00:00,6.95,6.95,6.94,6.94
2026-07-22 22:30:00+00:00,6.94,6.94,6.92,6.92
2026-07-22 22:45:00+00:00,6.93,6.94,6.92,6.93
2026-07-22 23:00:00+00:00,6.93,6.93,6.9,6.9
2026-07-22 23:15:00+00:00,6.9,6.93,6.9,6.92
2026-07-22 23:30:00+00:00,6.92,6.94,6.92,6.93
2026-07-22 23:45:00+00:00,6.93,6.94,6.93,6.94
2026-07-23 00:00:00+00:00,6.94,6.95,6.93,6.93
2026-07-23 00:15:00+00:00,6.93,6.96,6.93,6.95
2026-07-23 00:30:00+00:00,6.95,6.96,6.95,6.96
2026-07-23 00:45:00+00:00,6.96,6.97,6.94,6.94
2026-07-23 01:00:00+00:00,6.94,6.95,6.94,6.94
2026-07-23 01:15:00+00:00,6.94,6.95,6.93,6.94
2026-07-23 01:30:00+00:00,6.94,6.94,6.93,6.93
2026-07-23 01:45:00+00:00,6.93,6.93,6.93,6.93
2026-07-23 02:00:00+00:00,6.93,6.93,6.93,6.93
2026-07-23 02:15:00+00:00,6.93,6.93,6.91,6.92
2026-07-23 02:30:00+00:00,6.92,6.93,6.92,6.92
2026-07-23 02:45:00+00:00,6.92,6.93,6.92,6.92
2026-07-23 03:00:00+00:00,6.92,6.92,6.9,6.9
2026-07-23 03:15:00+00:00,6.91,6.91,6.9,6.9
2026-07-23 03:30:00+00:00,6.9,6.93,6.9,6.91
2026-07-23 03:45:00+00:00,6.91,6.92,6.91,6.92
2026-07-23 04:00:00+00:00,6.91,6.93,6.91,6.92
2026-07-23 04:15:00+00:00,6.92,6.93,6.92,6.93
2026-07-23 04:30:00+00:00,6.94,6.94,6.92,6.92
2026-07-23 04:45:00+00:00,6.92,6.93,6.92,6.92
2026-07-23 05:00:00+00:00,6.92,6.93,6.92,6.92
2026-07-23 05:15:00+00:00,6.92,6.93,6.91,6.93
2026-07-23 05:30:00+00:00,6.93,6.95,6.93,6.94
2026-07-23 05:45:00+00:00,6.94,6.94,6.92,6.92
2026-07-23 06:00:00+00:00,6.92,6.93,6.92,6.92
2026-07-23 06:15:00+00:00,6.93,6.94,6.93,6.94
2026-07-23 06:30:00+00:00,6.94,6.95,6.93,6.94
2026-07-23 06:45:00+00:00,6.94,6.95,6.94,6.94
2026-07-23 07:00:00+00:00,6.94,6.94,6.91,6.92
2026-07-23 07:15:00+00:00,6.92,6.93,6.91,6.91
2026-07-23 07:30:00+00:00,6.91,6.91,6.9,6.91
2026-07-23 07:45:00+00:00,6.91,6.92,6.91,6.91
2026-07-23 08:00:00+00:00,6.91,6.92,6.91,6.92
2026-07-23 08:15:00+00:00,6.92,6.93,6.92,6.92
2026-07-23 08:30:00+00:00,6.93,6.94,6.92,6.93
2026-07-23 08:45:00+00:00,6.93,6.94,6.92,6.94
2026-07-23 09:00:00+00:00,6.93,6.94,6.93,6.93
2026-07-23 09:15:00+00:00,6.93,6.94,6.93,6.93
2026-07-23 09:30:00+00:00,6.93,6.94,6.93,6.93
2026-07-23 09:45:00+00:00,6.93,6.95,6.93,6.94
2026-07-23 10:00:00+00:00,6.94,6.95,6.94,6.94
2026-07-23 10:15:00+00:00,6.94,6.96,6.94,6.95
2026-07-23 10:30:00+00:00,6.95,6.95,6.95,6.95
2026-07-23 10:45:00+00:00,6.95,6.96,6.95,6.95
2026-07-23 11:00:00+00:00,6.95,6.97,6.94,6.97
2026-07-23 11:15:00+00:00,6.97,6.99,6.97,6.98
2026-07-23 11:30:00+00:00,6.98,6.99,6.97,6.97
2026-07-23 11:45:00+00:00,6.97,6.99,6.97,6.98
2026-07-23 12:00:00+00:00,6.97,6.98,6.96,6.97
2026-07-23 12:15:00+00:00,6.97,6.99,6.97,6.98
2026-07-23 12:30:00+00:00,6.98,6.98,6.94,6.96
2026-07-23 12:45:00+00:00,6.96,7.0,6.94,6.97
2026-07-23 13:00:00+00:00,6.96,6.97,6.94,6.94
2026-07-23 13:15:00+00:00,6.94,6.95,6.92,6.94
2026-07-23 13:30:00+00:00,6.94,6.96,6.93,6.95
2026-07-23 13:45:00+00:00,6.95,6.95,6.93,6.93
2026-07-23 14:00:00+00:00,6.92,6.94,6.91,6.93
2026-07-23 14:15:00+00:00,6.92,6.95,6.92,6.94
2026-07-23 14:30:00+00:00,6.94,6.94,6.9,6.91
2026-07-23 14:45:00+00:00,6.91,6.91,6.86,6.87
2026-07-23 15:00:00+00:00,6.87,6.87,6.84,6.84
2026-07-23 15:15:00+00:00,6.84,6.84,6.8,6.83
2026-07-23 15:30:00+00:00,6.84,6.85,6.83,6.85
2026-07-23 15:45:00+00:00,6.84,6.86,6.84,6.85
2026-07-23 16:00:00+00:00,6.85,6.85,6.83,6.84
2026-07-23 16:15:00+00:00,6.84,6.87,6.83,6.87
2026-07-23 16:30:00+00:00,6.86,6.87,6.85,6.86
2026-07-23 16:45:00+00:00,6.86,6.87,6.86,6.86
2026-07-23 17:00:00+00:00,6.86,6.86,6.84,6.85
2026-07-23 17:15:00+00:00,6.85,6.86,6.84,6.84
2026-07-23 17:30:00+00:00,6.85,6.87,6.84,6.85
2026-07-23 17:45:00+00:00,6.85,6.85,6.82,6.82
2026-07-23 18:00:00+00:00,6.82,6.82,6.81,6.81
2026-07-23 18:15:00+00:00,6.81,6.85,6.8,6.84
2026-07-23 18:30:00+00:00,6.84,6.85,6.82,6.82
2026-07-23 18:45:00+00:00,6.82,6.83,6.82,6.82
2026-07-23 19:00:00+00:00,6.83,6.84,6.82,6.82
2026-07-23 19:15:00+00:00,6.82,6.84,6.82,6.84
2026-07-23 19:30:00+00:00,6.84,6.85,6.82,6.83
2026-07-23 19:45:00+00:00,6.82,6.83,6.81,6.83
2026-07-23 20:00:00+00:00,6.83,6.86,6.82,6.86
2026-07-23 20:15:00+00:00,6.86,6.88,6.86,6.87
2026-07-23 20:30:00+00:00,6.87,6.88,6.86,6.86
2026-07-23 20:45:00+00:00,6.86,6.87,6.86,6.86
2026-07-23 21:00:00+00:00,6.86,6.88,6.86,6.86
2026-07-23 21:15:00+00:00,6.86,6.87,6.86,6.87
2026-07-23 21:30:00+00:00,6.87,6.88,6.87,6.87
2026-07-23 21:45:00+00:00,6.87,6.87,6.86,6.86
2026-07-23 22:00:00+00:00,6.86,6.86,6.83,6.84
2026-07-23 22:15:00+00:00,6.83,6.85,6.82,6.84
2026-07-23 22:30:00+00:00,6.84,6.85,6.84,6.84
2026-07-23 22:45:00+00:00,6.84,6.84,6.84,6.84
2026-07-23 23:00:00+00:00,6.84,6.84,6.83,6.83
2026-07-23 23:15:00+00:00,6.83,6.84,6.83,6.83
2026-07-23 23:30:00+00:00,6.83,6.84,6.82,6.83
2026-07-23 23:45:00+00:00,6.83,6.85,6.83,6.83
2026-07-24 00:00:00+00:00,6.84,6.84,6.81,6.81
2026-07-24 00:15:00+00:00,6.81,6.83,6.81,6.82
2026-07-24 00:30:00+00:00,6.82,6.83,6.8,6.82
2026-07-24 00:45:00+00:00,6.82,6.84,6.82,6.84
2026-07-24 01:00:00+00:00,6.84,6.85,6.83,6.84
2026-07-24 01:15:00+00:00,6.84,6.85,6.83,6.83
2026-07-24 01:30:00+00:00,6.83,6.83,6.8,6.81
2026-07-24 01:45:00+00:00,6.8,6.81,6.79,6.79
2026-07-24 02:00:00+00:00,6.79,6.81,6.78,6.8
2026-07-24 02:15:00+00:00,6.8,6.8,6.79,6.8
2026-07-24 02:30:00+00:00,6.79,6.79,6.64,6.73
2026-07-24 02:45:00+00:00,6.72,6.72,6.69,6.71
2026-07-24 03:00:00+00:00,6.71,6.74,6.68,6.73
2026-07-24 03:15:00+00:00,6.73,6.76,6.73,6.76
2026-07-24 03:30:00+00:00,6.75,6.76,6.74,6.75
2026-07-24 03:45:00+00:00,6.75,6.77,6.74,6.76
2026-07-24 04:00:00+00:00,6.75,6.76,6.74,6.74
2026-07-24 04:15:00+00:00,6.74,6.76,6.74,6.75
2026-07-24 04:30:00+00:00,6.75,6.76,6.74,6.74
2026-07-24 04:45:00+00:00,6.74,6.75,6.74,6.75
2026-07-24 05:00:00+00:00,6.75,6.75,6.74,6.75
2026-07-24 05:15:00+00:00,6.75,6.76,6.75,6.75
2026-07-24 05:30:00+00:00,6.75,6.76,6.73,6.75
2026-07-24 05:45:00+00:00,6.74,6.75,6.73,6.73
2026-07-24 06:00:00+00:00,6.73,6.76,6.72,6.74
2026-07-24 06:15:00+00:00,6.74,6.76,6.74,6.75
2026-07-24 06:30:00+00:00,6.75,6.76,6.75,6.75
2026-07-24 06:45:00+00:00,6.75,6.76,6.75,6.75
2026-07-24 07:00:00+00:00,6.75,6.79,6.75,6.77
2026-07-24 07:15:00+00:00,6.77,6.78,6.77,6.77
2026-07-24 07:30:00+00:00,6.77,6.78,6.74,6.76
2026-07-24 07:45:00+00:00,6.75,6.78,6.75,6.77
2026-07-24 08:00:00+00:00,6.78,6.78,6.76,6.77
2026-07-24 08:15:00+00:00,6.77,6.78,6.76,6.76
2026-07-24 08:30:00+00:00,6.76,6.78,6.76,6.77
2026-07-24 08:45:00+00:00,6.78,6.79,6.77,6.78
2026-07-24 09:00:00+00:00,6.78,6.78,6.77,6.78
2026-07-24 09:15:00+00:00,6.77,6.77,6.76,6.77
2026-07-24 09:30:00+00:00,6.77,6.78,6.77,6.77
2026-07-24 09:45:00+00:00,6.77,6.78,6.77,6.78
2026-07-24 10:00:00+00:00,6.77,6.77,6.74,6.74
2026-07-24 10:15:00+00:00,6.74,6.75,6.74,6.74
2026-07-24 10:30:00+00:00,6.74,6.74,6.71,6.72
2026-07-24 10:45:00+00:00,6.72,6.73,6.71,6.71
2026-07-24 11:00:00+00:00,6.72,6.73,6.71,6.72
2026-07-24 11:15:00+00:00,6.72,6.73,6.71,6.71
2026-07-24 11:30:00+00:00,6.72,6.72,6.7,6.7
2026-07-24 11:45:00+00:00,6.7,6.72,6.7,6.72
2026-07-24 12:00:00+00:00,6.71,6.73,6.7,6.72
2026-07-24 12:15:00+00:00,6.72,6.74,6.72,6.72
2026-07-24 12:30:00+00:00,6.72,6.73,6.7,6.7
2026-07-24 12:45:00+00:00,6.71,6.72,6.68,6.68
2026-07-24 13:00:00+00:00,6.69,6.69,6.6,6.63
2026-07-24 13:15:00+00:00,6.63,6.65,6.62,6.64
2026-07-24 13:30:00+00:00,6.63,6.64,6.63,6.64
2026-07-24 13:45:00+00:00,6.65,6.66,6.61,6.64
2026-07-24 14:00:00+00:00,6.64,6.66,6.64,6.65
2026-07-24 14:15:00+00:00,6.64,6.64,6.62,6.64
2026-07-24 14:30:00+00:00,6.64,6.65,6.63,6.63
2026-07-24 14:45:00+00:00,6.62,6.66,6.62,6.66
2026-07-24 15:00:00+00:00,6.66,6.67,6.63,6.67
2026-07-24 15:15:00+00:00,6.67,6.67,6.65,6.65
2026-07-24 15:30:00+00:00,6.65,6.67,6.65,6.67
2026-07-24 15:45:00+00:00,6.67,6.67,6.66,6.66
2026-07-24 16:00:00+00:00,6.66,6.67,6.65,6.65
2026-07-24 16:15:00+00:00,6.66,6.66,6.65,6.65
2026-07-24 16:30:00+00:00,6.65,6.65,6.63,6.63
2026-07-24 16:45:00+00:00,6.63,6.63,6.61,6.62
2026-07-24 17:00:00+00:00,6.62,6.63,6.6,6.63
2026-07-24 17:15:00+00:00,6.62,6.65,6.62,6.64
2026-07-24 17:30:00+00:00,6.64,6.66,6.64,6.64
2026-07-24 17:45:00+00:00,6.64,6.66,6.64,6.65
2026-07-24 18:00:00+00:00,6.65,6.66,6.64,6.64
2026-07-24 18:15:00+00:00,6.64,6.64,6.62,6.62
2026-07-24 18:30:00+00:00,6.62,6.63,6.61,6.62
2026-07-24 18:45:00+00:00,6.61,6.63,6.61,6.62
2026-07-24 19:00:00+00:00,6.62,6.63,6.61,6.61
2026-07-24 19:15:00+00:00,6.61,6.63,6.61,6.62
2026-07-24 19:30:00+00:00,6.62,6.63,6.62,6.62
2026-07-24 19:45:00+00:00,6.62,6.62,6.61,6.62
2026-07-24 20:00:00+00:00,6.62,6.63,6.61,6.61
2026-07-24 20:15:00+00:00,6.61,6.62,6.61,6.61
2026-07-24 20:30:00+00:00,6.61,6.62,6.58,6.59
2026-07-24 20:45:00+00:00,6.59,6.6,6.57,6.58
2026-07-24 21:00:00+00:00,6.58,6.58,6.52,6.54
2026-07-24 21:15:00+00:00,6.54,6.55,6.54,6.54
2026-07-24 21:30:00+00:00,6.54,6.55,6.52,6.52
2026-07-24 21:45:00+00:00,6.52,6.55,6.5,6.52
2026-07-24 22:00:00+00:00,6.52,6.53,6.51,6.52
2026-07-24 22:15:00+00:00,6.53,6.55,6.52,6.54
2026-07-24 22:30:00+00:00,6.54,6.56,6.54,6.55
2026-07-24 22:45:00+00:00,6.55,6.56,6.55,6.55
2026-07-24 23:00:00+00:00,6.55,6.56,6.54,6.54
2026-07-24 23:15:00+00:00,6.54,6.56,6.54,6.56
2026-07-24 23:30:00+00:00,6.56,6.56,6.54,6.55
2026-07-24 23:45:00+00:00,6.55,6.57,6.55,6.56
2026-07-25 00:00:00+00:00,6.57,6.57,6.55,6.57
2026-07-25 00:15:00+00:00,6.56,6.59,6.55,6.58
2026-07-25 00:30:00+00:00,6.58,6.59,6.56,6.56
2026-07-25 00:45:00+00:00,6.56,6.58,6.55,6.58
2026-07-25 01:00:00+00:00,6.58,6.6,6.56,6.56
2026-07-25 01:15:00+00:00,6.57,6.57,6.56,6.56
2026-07-25 01:30:00+00:00,6.56,6.57,6.55,6.56
2026-07-25 01:45:00+00:00,6.56,6.57,6.55,6.55
2026-07-25 02:00:00+00:00,6.56,6.56,6.54,6.54
2026-07-25 02:15:00+00:00,6.54,6.57,6.54,6.56
2026-07-25 02:30:00+00:00,6.56,6.56,6.55,6.55
2026-07-25 02:45:00+00:00,6.55,6.57,6.54,6.57
2026-07-25 03:00:00+00:00,6.57,6.58,6.56,6.57
2026-07-25 03:15:00+00:00,6.57,6.6,6.57,6.59
2026-07-25 03:30:00+00:00,6.59,6.61,6.59,6.59
2026-07-25 03:45:00+00:00,6.59,6.61,6.59,6.6
2026-07-25 04:00:00+00:00,6.6,6.63,6.6,6.61
2026-07-25 04:15:00+00:00,6.61,6.62,6.61,6.61
2026-07-25 04:30:00+00:00,6.61,6.61,6.59,6.6
2026-07-25 04:45:00+00:00,6.6,6.61,6.6,6.6
2026-07-25 05:00:00+00:00,6.6,6.61,6.6,6.6
2026-07-25 05:15:00+00:00,6.6,6.61,6.59,6.6
2026-07-25 05:30:00+00:00,6.6,6.61,6.58,6.59
2026-07-25 05:45:00+00:00,6.59,6.6,6.59,6.59
2026-07-25 06:00:00+00:00,6.59,6.62,6.58,6.6
2026-07-25 06:15:00+00:00,6.6,6.61,6.58,6.6
2026-07-25 06:30:00+00:00,6.6,6.62,6.59,6.61
2026-07-25 06:45:00+00:00,6.6,6.61,6.59,6.61
2026-07-25 07:00:00+00:00,6.61,6.62,6.61,6.62
2026-07-25 07:15:00+00:00,6.61,6.63,6.61,6.62
2026-07-25 07:30:00+00:00,6.62,6.62,6.61,6.61
2026-07-25 07:45:00+00:00,6.61,6.62,6.59,6.6
2026-07-25 08:00:00+00:00,6.6,6.61,6.58,6.61
2026-07-25 08:15:00+00:00,6.61,6.63,6.61,6.62
2026-07-25 08:30:00+00:00,6.62,6.63,6.61,6.61
2026-07-25 08:45:00+00:00,6.62,6.62,6.58,6.59
2026-07-25 09:00:00+00:00,6.6,6.61,6.59,6.59
2026-07-25 09:15:00+00:00,6.59,6.6,6.59,6.59
2026-07-25 09:30:00+00:00,6.59,6.6,6.58,6.59
2026-07-25 09:45:00+00:00,6.59,6.59,6.57,6.57
2026-07-25 10:00:00+00:00,6.58,6.59,6.58,6.58
2026-07-25 10:15:00+00:00,6.58,6.59,6.57,6.57
2026-07-25 10:30:00+00:00,6.57,6.59,6.57,6.58
2026-07-25 10:45:00+00:00,6.58,6.59,6.58,6.58
2026-07-25 11:00:00+00:00,6.58,6.6,6.58,6.59
2026-07-25 11:15:00+00:00,6.59,6.59,6.58,6.58
2026-07-25 11:30:00+00:00,6.58,6.59,6.57,6.59
2026-07-25 11:45:00+00:00,6.58,6.59,6.58,6.58
2026-07-25 12:00:00+00:00,6.58,6.6,6.58,6.59
2026-07-25 12:15:00+00:00,6.59,6.6,6.58,6.58
2026-07-25 12:30:00+00:00,6.58,6.6,6.58,6.59
2026-07-25 12:45:00+00:00,6.59,6.6,6.58,6.58
2026-07-25 13:00:00+00:00,6.59,6.6,6.58,6.59
2026-07-25 13:15:00+00:00,6.59,6.6,6.59,6.59
2026-07-25 13:30:00+00:00,6.6,6.63,6.59,6.62
2026-07-25 13:45:00+00:00,6.62,6.62,6.59,6.6
2026-07-25 14:00:00+00:00,6.6,6.61,6.6,6.61
2026-07-25 14:15:00+00:00,6.6,6.61,6.6,6.61
2026-07-25 14:30:00+00:00,6.6,6.62,6.6,6.62
2026-07-25 14:45:00+00:00,6.61,6.62,6.6,6.61
2026-07-25 15:00:00+00:00,6.61,6.62,6.6,6.61
2026-07-25 15:15:00+00:00,6.61,6.62,6.61,6.61
2026-07-25 15:30:00+00:00,6.62,6.62,6.61,6.62
2026-07-25 15:45:00+00:00,6.61,6.64,6.61,6.63
2026-07-25 16:00:00+00:00,6.63,6.65,6.63,6.64
2026-07-25 16:15:00+00:00,6.63,6.64,6.63,6.63
2026-07-25 16:30:00+00:00,6.64,6.66,6.64,6.65
2026-07-25 16:45:00+00:00,6.65,6.71,6.65,6.71
2026-07-25 17:00:00+00:00,6.7,6.74,6.7,6.7
2026-07-25 17:15:00+00:00,6.71,6.71,6.7,6.71
2026-07-25 17:30:00+00:00,6.71,6.73,6.7,6.71
2026-07-25 17:45:00+00:00,6.71,6.72,6.7,6.71
2026-07-25 18:00:00+00:00,6.71,6.73,6.69,6.7
2026-07-25 18:15:00+00:00,6.69,6.7,6.69,6.69
2026-07-25 18:30:00+00:00,6.69,6.7,6.68,6.68
2026-07-25 18:45:00+00:00,6.68,6.7,6.68,6.69
2026-07-25 19:00:00+00:00,6.69,6.71,6.69,6.69
2026-07-25 19:15:00+00:00,6.69,6.71,6.69,6.69
2026-07-25 19:30:00+00:00,6.69,6.7,6.69,6.69
2026-07-25 19:45:00+00:00,6.69,6.7,6.69,6.69
2026-07-25 20:00:00+00:00,6.69,6.7,6.69,6.69
2026-07-25 20:15:00+00:00,6.69,6.7,6.69,6.69
2026-07-25 20:30:00+00:00,6.69,6.7,6.69,6.69
2026-07-25 20:45:00+00:00,6.69,6.71,6.68,6.7
2026-07-25 21:00:00+00:00,6.71,6.71,6.69,6.7
2026-07-25 21:15:00+00:00,6.7,6.7,6.69,6.69
2026-07-25 21:30:00+00:00,6.69,6.71,6.69,6.7
2026-07-25 21:45:00+00:00,6.7,6.71,6.69,6.69
2026-07-25 22:00:00+00:00,6.69,6.72,6.69,6.71
2026-07-25 22:15:00+00:00,6.71,6.73,6.71,6.72
2026-07-25 22:30:00+00:00,6.72,6.73,6.71,6.71
2026-07-25 22:45:00+00:00,6.71,6.71,6.7,6.71
2026-07-25 23:00:00+00:00,6.71,6.71,6.7,6.71
2026-07-25 23:15:00+00:00,6.72,6.72,6.7,6.7
2026-07-25 23:30:00+00:00,6.7,6.7,6.7,6.7
2026-07-25 23:45:00+00:00,6.7,6.71,6.7,6.7
2026-07-26 00:00:00+00:00,6.71,6.75,6.7,6.74
2026-07-26 00:15:00+00:00,6.74,6.74,6.71,6.71
2026-07-26 00:30:00+00:00,6.72,6.73,6.72,6.72
2026-07-26 00:45:00+00:00,6.72,6.73,6.72,6.72
2026-07-26 01:00:00+00:00,6.72,6.73,6.72,6.72
2026-07-26 01:15:00+00:00,6.72,6.72,6.71,6.71
2026-07-26 01:30:00+00:00,6.72,6.73,6.72,6.72
2026-07-26 01:45:00+00:00,6.72,6.77,6.72,6.77
2026-07-26 02:00:00+00:00,6.77,6.85,6.77,6.85
2026-07-26 02:15:00+00:00,6.84,6.84,6.81,6.84
2026-07-26 02:30:00+00:00,6.84,6.86,6.83,6.85
2026-07-26 02:45:00+00:00,6.85,6.89,6.85,6.88
2026-07-26 03:00:00+00:00,6.88,6.91,6.86,6.9
2026-07-26 03:15:00+00:00,6.9,6.9,6.86,6.86
2026-07-26 03:30:00+00:00,6.87,6.88,6.85,6.87
2026-07-26 03:45:00+00:00,6.87,6.9,6.87,6.9
2026-07-26 04:00:00+00:00,6.91,6.91,6.86,6.86
2026-07-26 04:15:00+00:00,6.86,6.87,6.84,6.85
2026-07-26 04:30:00+00:00,6.85,6.86,6.84,6.86
2026-07-26 04:45:00+00:00,6.85,6.89,6.84,6.86
2026-07-26 05:00:00+00:00,6.86,6.9,6.85,6.89
2026-07-26 05:15:00+00:00,6.89,6.93,6.89,6.92
2026-07-26 05:30:00+00:00,6.92,6.95,6.9,6.94
2026-07-26 05:45:00+00:00,6.93,6.95,6.92,6.93
2026-07-26 06:00:00+00:00,6.93,6.94,6.88,6.88
2026-07-26 06:15:00+00:00,6.88,6.89,6.87,6.87
2026-07-26 06:30:00+00:00,6.87,6.92,6.87,6.91
2026-07-26 06:45:00+00:00,6.91,6.94,6.91,6.93
2026-07-26 07:00:00+00:00,6.93,6.96,6.92,6.95
2026-07-26 07:15:00+00:00,6.95,6.98,6.93,6.94
2026-07-26 07:30:00+00:00,6.94,6.98,6.94,6.96
2026-07-26 07:45:00+00:00,6.97,7.04,6.97,7.04
2026-07-26 08:00:00+00:00,7.03,7.08,6.99,7.0
2026-07-26 08:15:00+00:00,7.0,7.02,6.98,7.0
2026-07-26 08:30:00+00:00,7.0,7.01,7.0,7.01
2026-07-26 08:45:00+00:00,7.01,7.03,7.0,7.0
2026-07-26 09:00:00+00:00,7.01,7.03,6.99,7.0
2026-07-26 09:15:00+00:00,7.0,7.01,6.96,6.97
2026-07-26 09:30:00+00:00,6.98,6.98,6.96,6.97
2026-07-26 09:45:00+00:00,6.97,6.98,6.95,6.95
2026-07-26 10:00:00+00:00,6.95,6.99,6.95,6.98
2026-07-26 10:15:00+00:00,6.98,6.99,6.96,6.96
2026-07-26 10:30:00+00:00,6.96,6.97,6.96,6.96
2026-07-26 10:45:00+00:00,6.96,6.96,6.93,6.95
2026-07-26 11:00:00+00:00,6.95,6.97,6.94,6.96
2026-07-26 11:15:00+00:00,6.96,6.97,6.95,6.97
2026-07-26 11:30:00+00:00,6.97,6.99,6.97,6.98
2026-07-26 11:45:00+00:00,6.98,7.0,6.98,6.99
2026-07-26 12:00:00+00:00,7.0,7.02,6.99,6.99
2026-07-26 12:15:00+00:00,6.99,7.0,6.98,6.99
2026-07-26 12:30:00+00:00,6.99,7.0,6.98,6.99
2026-07-26 12:45:00+00:00,6.99,7.0,6.98,6.99
2026-07-26 13:00:00+00:00,6.99,6.99,6.97,6.97
2026-07-26 13:15:00+00:00,6.97,6.98,6.94,6.94
2026-07-26 13:30:00+00:00,6.94,6.94,6.89,6.91
2026-07-26 13:45:00+00:00,6.91,6.92,6.91,6.92
2026-07-26 14:00:00+00:00,6.93,6.94,6.92,6.93
2026-07-26 14:15:00+00:00,6.93,6.93,6.91,6.91
2026-07-26 14:30:00+00:00,6.91,6.93,6.91,6.92
2026-07-26 14:45:00+00:00,6.92,6.93,6.91,6.92
2026-07-26 15:00:00+00:00,6.92,6.94,6.91,6.93
2026-07-26 15:15:00+00:00,6.93,6.95,6.92,6.92
2026-07-26 15:30:00+00:00,6.92,6.94,6.92,6.94
2026-07-26 15:45:00+00:00,6.94,6.97,6.94,6.97
2026-07-26 16:00:00+00:00,6.97,7.02,6.97,7.02
2026-07-26 16:15:00+00:00,7.02,7.06,7.01,7.05
2026-07-26 16:30:00+00:00,7.05,7.09,7.04,7.08
2026-07-26 16:45:00+00:00,7.09,7.2,7.07,7.19
2026-07-26 17:00:00+00:00,7.18,7.2,7.06,7.07
2026-07-26 17:15:00+00:00,7.07,7.08,7.04,7.05
2026-07-26 17:30:00+00:00,7.05,7.17,7.05,7.13
2026-07-26 17:45:00+00:00,7.14,7.18,7.13,7.15
2026-07-26 18:00:00+00:00,7.16,7.19,7.14,7.15
2026-07-26 18:15:00+00:00,7.14,7.19,7.14,7.15
2026-07-26 18:30:00+00:00,7.16,7.16,7.12,7.14
2026-07-26 18:45:00+00:00,7.13,7.16,7.12,7.12
2026-07-26 19:00:00+00:00,7.13,7.13,7.11,7.11
2026-07-26 19:15:00+00:00,7.1,7.15,7.1,7.12
2026-07-26 19:30:00+00:00,7.12,7.13,7.05,7.06
2026-07-26 19:45:00+00:00,7.06,7.07,7.06,7.07
2026-07-26 20:00:00+00:00,7.08,7.08,7.06,7.07
2026-07-26 20:15:00+00:00,7.07,7.07,7.05,7.06
2026-07-26 20:30:00+00:00,7.06,7.07,7.06,7.06
2026-07-26 20:45:00+00:00,7.06,7.06,7.05,7.05
2026-07-26 21:00:00+00:00,7.05,7.08,7.05,7.07
2026-07-26 21:15:00+00:00,7.06,7.08,7.05,7.05
2026-07-26 21:30:00+00:00,7.05,7.07,7.05,7.06
2026-07-26 21:45:00+00:00,7.06,7.08,7.06,7.07
2026-07-26 22:00:00+00:00,7.08,7.12,7.08,7.11
2026-07-26 22:15:00+00:00,7.11,7.11,7.09,7.1
2026-07-26 22:30:00+00:00,7.1,7.12,7.1,7.11
2026-07-26 22:45:00+00:00,7.11,7.13,7.11,7.13
2026-07-26 23:00:00+00:00,7.12,7.13,7.1,7.11
2026-07-26 23:15:00+00:00,7.1,7.12,7.08,7.08
2026-07-26 23:30:00+00:00,7.08,7.1,7.07,7.1
2026-07-26 23:45:00+00:00,7.1,7.11,7.09,7.1
2026-07-27 00:00:00+00:00,7.1,7.12,7.08,7.1
2026-07-27 00:15:00+00:00,7.11,7.11,7.08,7.09
2026-07-27 00:30:00+00:00,7.09,7.09,7.07,7.07
2026-07-27 00:45:00+00:00,7.07,7.08,7.07,7.07
2026-07-27 01:00:00+00:00,7.07,7.08,7.04,7.05
2026-07-27 01:15:00+00:00,7.04,7.04,7.03,7.03
2026-07-27 01:30:00+00:00,7.03,7.06,7.02,7.05
2026-07-27 01:45:00+00:00,7.05,7.07,7.04,7.07
2026-07-27 02:00:00+00:00,7.07,7.07,7.02,7.02
2026-07-27 02:15:00+00:00,7.02,7.03,7.01,7.02
2026-07-27 02:30:00+00:00,7.02,7.03,7.02,7.02
2026-07-27 02:45:00+00:00,7.02,7.04,7.02,7.03
2026-07-27 03:00:00+00:00,7.03,7.03,7.01,7.01
2026-07-27 03:15:00+00:00,7.01,7.02,7.01,7.02
2026-07-27 03:30:00+00:00,7.02,7.03,7.01,7.02
2026-07-27 03:45:00+00:00,7.02,7.03,7.01,7.02
2026-07-27 04:00:00+00:00,7.02,7.03,7.01,7.02
2026-07-27 04:15:00+00:00,7.02,7.05,7.02,7.02
2026-07-27 04:30:00+00:00,7.03,7.04,7.01,7.02
2026-07-27 04:45:00+00:00,7.02,7.03,7.02,7.02
2026-07-27 05:00:00+00:00,7.02,7.03,7.01,7.02
2026-07-27 05:15:00+00:00,7.02,7.03,7.01,7.02
2026-07-27 05:30:00+00:00,7.02,7.03,7.01,7.02
2026-07-27 05:45:00+00:00,7.02,7.04,7.02,7.03
2026-07-27 06:00:00+00:00,7.03,7.06,7.02,7.05
2026-07-27 06:15:00+00:00,7.04,7.05,7.03,7.03
2026-07-27 06:30:00+00:00,7.03,7.05,7.02,7.03
2026-07-27 06:45:00+00:00,7.03,7.04,7.02,7.02
2026-07-27 07:00:00+00:00,7.02,7.02,7.01,7.02
2026-07-27 07:15:00+00:00,7.02,7.04,7.01,7.03
2026-07-27 07:30:00+00:00,7.03,7.04,7.01,7.01
2026-07-27 07:45:00+00:00,7.01,7.02,7.0,7.0
2026-07-27 08:00:00+00:00,7.0,7.01,6.98,6.98
2026-07-27 08:15:00+00:00,6.98,7.0,6.98,6.99
2026-07-27 08:30:00+00:00,6.99,7.0,6.99,6.99
2026-07-27 08:45:00+00:00,7.0,7.0,6.99,6.99
2026-07-27 09:00:00+00:00,6.99,6.99,6.97,6.97
2026-07-27 09:15:00+00:00,6.98,7.0,6.97,6.99
2026-07-27 09:30:00+00:00,6.99,7.02,6.99,7.01
2026-07-27 09:45:00+00:00,7.01,7.03,7.01,7.01
2026-07-27 10:00:00+00:00,7.01,7.02,7.01,7.01
2026-07-27 10:15:00+00:00,7.01,7.02,7.01,7.01
2026-07-27 10:30:00+00:00,7.01,7.04,7.01,7.03
2026-07-27 10:45:00+00:00,7.02,7.03,7.02,7.02
2026-07-27 11:00:00+00:00,7.02,7.02,7.01,7.01
2026-07-27 11:15:00+00:00,7.01,7.02,7.01,7.01
2026-07-27 11:30:00+00:00,7.01,7.03,7.01,7.02
2026-07-27 11:45:00+00:00,7.02,7.03,7.01,7.02
2026-07-27 12:00:00+00:00,7.01,7.02,6.99,7.0
2026-07-27 12:15:00+00:00,7.0,7.0,6.98,6.98
2026-07-27 12:30:00+00:00,6.99,7.0,6.95,6.97
2026-07-27 12:45:00+00:00,6.97,6.99,6.97,6.97
2026-07-27 13:00:00+00:00,6.97,6.98,6.96,6.97
2026-07-27 13:15:00+00:00,6.97,6.98,6.96,6.96
2026-07-27 13:30:00+00:00,6.96,7.04,6.95,7.04
2026-07-27 13:45:00+00:00,7.03,7.04,7.01,7.01
2026-07-27 14:00:00+00:00,7.01,7.02,6.98,6.99
2026-07-27 14:15:00+00:00,6.99,7.0,6.93,6.94
2026-07-27 14:30:00+00:00,6.93,6.93,6.87,6.88
2026-07-27 14:45:00+00:00,6.88,6.94,6.88,6.93
2026-07-27 15:00:00+00:00,6.93,6.94,6.91,6.93
2026-07-27 15:15:00+00:00,6.93,6.94,6.91,6.92
2026-07-27 15:30:00+00:00,6.92,6.92,6.89,6.91
2026-07-27 15:45:00+00:00,6.91,6.91,6.9,6.9
2026-07-27 16:00:00+00:00,6.9,6.94,6.89,6.93
2026-07-27 16:15:00+00:00,6.93,6.96,6.93,6.95
2026-07-27 16:30:00+00:00,6.96,6.98,6.96,6.96
2026-07-27 16:45:00+00:00,6.96,6.96,6.95,6.95
2026-07-27 17:00:00+00:00,6.95,6.95,6.94,6.94
2026-07-27 17:15:00+00:00,6.94,6.96,6.93,6.94
2026-07-27 17:30:00+00:00,6.94,6.96,6.94,6.95
2026-07-27 17:45:00+00:00,6.94,6.95,6.93,6.95
2026-07-27 18:00:00+00:00,6.94,6.95,6.94,6.94
2026-07-27 18:15:00+00:00,6.94,6.95,6.93,6.94
2026-07-27 18:30:00+00:00,6.94,6.94,6.91,6.93
2026-07-27 18:45:00+00:00,6.93,6.93,6.91,6.93
2026-07-27 19:00:00+00:00,6.93,6.96,6.92,6.94
2026-07-27 19:15:00+00:00,6.94,6.95,6.93,6.94
2026-07-27 19:30:00+00:00,6.94,6.95,6.94,6.94
2026-07-27 19:45:00+00:00,6.94,6.94,6.93,6.93
2026-07-27 20:00:00+00:00,6.93,6.93,6.93,6.93
2026-07-27 20:15:00+00:00,6.93,6.95,6.92,6.94
2026-07-27 20:30:00+00:00,6.94,6.95,6.93,6.93
2026-07-27 20:45:00+00:00,6.93,6.94,6.93,6.93
2026-07-27 21:00:00+00:00,6.94,6.96,6.93,6.95
2026-07-27 21:15:00+00:00,6.95,6.95,6.93,6.93
2026-07-27 21:30:00+00:00,6.93,6.94,6.92,6.92
2026-07-27 21:45:00+00:00,6.92,6.94,6.92,6.94
2026-07-27 22:00:00+00:00,6.94,6.94,6.9,6.92
2026-07-27 22:15:00+00:00,6.92,6.93,6.9,6.9
2026-07-27 22:30:00+00:00,6.91,6.91,6.85,6.87
2026-07-27 22:45:00+00:00,6.87,6.87,6.78,6.8
2026-07-27 23:00:00+00:00,6.79,6.81,6.75,6.8
2026-07-27 23:15:00+00:00,6.81,6.83,6.79,6.82
2026-07-27 23:30:00+00:00,6.81,6.82,6.79,6.79
2026-07-27 23:45:00+00:00,6.79,6.8,6.78,6.79
2026-07-28 00:00:00+00:00,6.79,6.81,6.76,6.78
2026-07-28 00:15:00+00:00,6.79,6.79,6.76,6.77
2026-07-28 00:30:00+00:00,6.77,6.78,6.76,6.76
2026-07-28 00:45:00+00:00,6.76,6.76,6.73,6.73
2026-07-28 01:00:00+00:00,6.74,6.74,6.69,6.74
2026-07-28 01:15:00+00:00,6.73,6.76,6.72,6.75
2026-07-28 01:30:00+00:00,6.75,6.77,6.74,6.75
2026-07-28 01:45:00+00:00,6.75,6.76,6.74,6.74
2026-07-28 02:00:00+00:00,6.74,6.76,6.73,6.76
2026-07-28 02:15:00+00:00,6.76,6.77,6.76,6.76
2026-07-28 02:30:00+00:00,6.77,6.78,6.75,6.76
2026-07-28 02:45:00+00:00,6.76,6.78,6.75,6.78
2026-07-28 03:00:00+00:00,6.77,6.78,6.76,6.76
2026-07-28 03:15:00+00:00,6.76,6.78,6.76,6.77
2026-07-28 03:30:00+00:00,6.77,6.8,6.77,6.79
2026-07-28 03:45:00+00:00,6.79,6.8,6.79,6.79
2026-07-28 04:00:00+00:00,6.79,6.79,6.77,6.77
2026-07-28 04:15:00+00:00,6.77,6.78,6.77,6.77
2026-07-28 04:30:00+00:00,6.77,6.77,6.75,6.75
2026-07-28 04:45:00+00:00,6.75,6.77,6.75,6.76
2026-07-28 05:00:00+00:00,6.76,6.78,6.76,6.76
2026-07-28 05:15:00+00:00,6.76,6.78,6.75,6.75
2026-07-28 05:30:00+00:00,6.75,6.76,6.74,6.75
2026-07-28 05:45:00+00:00,6.75,6.76,6.74,6.74
2026-07-28 06:00:00+00:00,6.74,6.75,6.73,6.73
2026-07-28 06:15:00+00:00,6.73,6.75,6.73,6.74
2026-07-28 06:30:00+00:00,6.74,6.76,6.74,6.75
2026-07-28 06:45:00+00:00,6.75,6.76,6.75,6.75
2026-07-28 07:00:00+00:00,6.74,6.76,6.74,6.75
2026-07-28 07:15:00+00:00,6.75,6.76,6.75,6.75
2026-07-28 07:30:00+00:00,6.75,6.75,6.71,6.71
2026-07-28 07:45:00+00:00,6.71,6.73,6.71,6.73
2026-07-28 08:00:00+00:00,6.73,6.75,6.73,6.73
2026-07-28 08:15:00+00:00,6.73,6.75,6.73,6.74
2026-07-28 08:30:00+00:00,6.74,6.74,6.73,6.74
2026-07-28 08:45:00+00:00,6.73,6.74,6.73,6.73
2026-07-28 09:00:00+00:00,6.73,6.74,6.72,6.73
2026-07-28 09:15:00+00:00,6.73,6.74,6.72,6.73
2026-07-28 09:30:00+00:00,6.73,6.73,6.72,6.73
2026-07-28 09:45:00+00:00,6.72,6.73,6.71,6.71
2026-07-28 10:00:00+00:00,6.71,6.74,6.71,6.74
2026-07-28 10:15:00+00:00,6.74,6.74,6.72,6.72
2026-07-28 10:30:00+00:00,6.73,6.74,6.72,6.73
2026-07-28 10:45:00+00:00,6.73,6.73,6.72,6.72
2026-07-28 11:00:00+00:00,6.72,6.73,6.71,6.73
2026-07-28 11:15:00+00:00,6.72,6.73,6.71,6.71
2026-07-28 11:30:00+00:00,6.72,6.73,6.71,6.71
2026-07-28 11:45:00+00:00,6.71,6.72,6.71,6.72
2026-07-28 12:00:00+00:00,6.71,6.72,6.71,6.72
2026-07-28 12:15:00+00:00,6.71,6.75,6.71,6.75
2026-07-28 12:30:00+00:00,6.75,6.75,6.73,6.75
2026-07-28 12:45:00+00:00,6.75,6.76,6.74,6.76
2026-07-28 13:00:00+00:00,6.75,6.76,6.74,6.74
2026-07-28 13:15:00+00:00,6.74,6.74,6.71,6.71
2026-07-28 13:30:00+00:00,6.72,6.72,6.64,6.67
2026-07-28 13:45:00+00:00,6.68,6.7,6.65,6.69
2026-07-28 14:00:00+00:00,6.69,6.71,6.69,6.69
2026-07-28 14:15:00+00:00,6.69,6.7,6.67,6.7
2026-07-28 14:30:00+00:00,6.7,6.73,6.69,6.72
2026-07-28 14:45:00+00:00,6.72,6.74,6.72,6.74
2026-07-28 15:00:00+00:00,6.74,6.74,6.71,6.72
2026-07-28 15:15:00+00:00,6.72,6.78,6.72,6.77
2026-07-28 15:30:00+00:00,6.77,6.78,6.76,6.78
2026-07-28 15:45:00+00:00,6.77,6.78,6.76,6.78
2026-07-28 16:00:00+00:00,6.78,6.79,6.76,6.79
2026-07-28 16:15:00+00:00,6.78,6.8,6.75,6.76
2026-07-28 16:30:00+00:00,6.76,6.78,6.76,6.78
2026-07-28 16:45:00+00:00,6.78,6.79,6.77,6.79
2026-07-28 17:00:00+00:00,6.78,6.78,6.76,6.76
2026-07-28 17:15:00+00:00,6.75,6.76,6.72,6.73
2026-07-28 17:30:00+00:00,6.73,6.73,6.7,6.71
2026-07-28 17:45:00+00:00,6.71,6.74,6.71,6.73
2026-07-28 18:00:00+00:00,6.73,6.74,6.71,6.71
2026-07-28 18:15:00+00:00,6.72,6.72,6.71,6.72
2026-07-28 18:30:00+00:00,6.72,6.72,6.71,6.72
2026-07-28 18:45:00+00:00,6.72,6.73,6.72,6.72
2026-07-28 19:00:00+00:00,6.72,6.72,6.71,6.71
2026-07-28 19:15:00+00:00,6.71,6.73,6.71,6.72
2026-07-28 19:30:00+00:00,6.73,6.74,6.72,6.72
2026-07-28 19:45:00+00:00,6.72,6.75,6.72,6.75
2026-07-28 20:00:00+00:00,6.75,6.75,6.73,6.75
2026-07-28 20:15:00+00:00,6.75,6.75,6.75,6.75
2026-07-28 20:30:00+00:00,6.74,6.75,6.74,6.74
2026-07-28 20:45:00+00:00,6.74,6.77,6.74,6.77
2026-07-28 21:00:00+00:00,6.77,6.77,6.75,6.76
2026-07-28 21:15:00+00:00,6.75,6.76,6.75,6.75
2026-07-28 21:30:00+00:00,6.75,6.77,6.75,6.77
2026-07-28 21:45:00+00:00,6.77,6.78,6.76,6.77
2026-07-28 22:00:00+00:00,6.77,6.77,6.76,6.76
2026-07-28 22:15:00+00:00,6.76,6.77,6.76,6.76
2026-07-28 22:30:00+00:00,6.75,6.76,6.74,6.75
2026-07-28 22:45:00+00:00,6.74,6.74,6.71,6.72
2026-07-28 23:00:00+00:00,6.71,6.73,6.71,6.72
2026-07-28 23:15:00+00:00,6.72,6.72,6.72,6.72
2026-07-28 23:30:00+00:00,6.73,6.75,6.73,6.75
2026-07-28 23:45:00+00:00,6.75,6.76,6.74,6.76
2026-07-29 00:00:00+00:00,6.76,6.78,6.75,6.75
2026-07-29 00:15:00+00:00,6.74,6.75,6.74,6.74
2026-07-29 00:30:00+00:00,6.74,6.74,6.73,6.73
2026-07-29 00:45:00+00:00,6.74,6.74,6.73,6.73
2026-07-29 01:00:00+00:00,6.72,6.73,6.69,6.69
2026-07-29 01:15:00+00:00,6.7,6.7,6.69,6.7
2026-07-29 01:30:00+00:00,6.7,6.7,6.69,6.69
2026-07-29 01:45:00+00:00,6.69,6.69,6.68,6.69
2026-07-29 02:00:00+00:00,6.68,6.68,6.66,6.68
2026-07-29 02:15:00+00:00,6.67,6.7,6.66,6.7
2026-07-29 02:30:00+00:00,6.71,6.72,6.69,6.71
2026-07-29 02:45:00+00:00,6.71,6.71,6.68,6.69
2026-07-29 03:00:00+00:00,6.69,6.71,6.68,6.7
2026-07-29 03:15:00+00:00,6.69,6.7,6.68,6.68
2026-07-29 03:30:00+00:00,6.67,6.69,6.66,6.67
2026-07-29 03:45:00+00:00,6.67,6.68,6.67,6.67
2026-07-29 04:00:00+00:00,6.67,6.67,6.63,6.66
2026-07-29 04:15:00+00:00,6.65,6.66,6.63,6.66
2026-07-29 04:30:00+00:00,6.65,6.68,6.64,6.67
2026-07-29 04:45:00+00:00,6.66,6.67,6.65,6.67
2026-07-29 05:00:00+00:00,6.68,6.68,6.67,6.67
2026-07-29 05:15:00+00:00,6.68,6.68,6.67,6.68
2026-07-29 05:30:00+00:00,6.68,6.71,6.68,6.7
2026-07-29 05:45:00+00:00,6.7,6.7,6.7,6.7
2026-07-29 06:00:00+00:00,6.69,6.69,6.68,6.69
2026-07-29 06:15:00+00:00,6.7,6.71,6.69,6.71
2026-07-29 06:30:00+00:00,6.72,6.73,6.71,6.72
2026-07-29 06:45:00+00:00,6.72,6.72,6.72,6.72
2026-07-29 07:00:00+00:00,6.72,6.72,6.72,6.72
2026-07-29 07:15:00+00:00,6.72,6.72,6.7,6.71
2026-07-29 07:30:00+00:00,6.71,6.71,6.69,6.69
2026-07-29 07:45:00+00:00,6.69,6.72,6.69,6.72
2026-07-29 08:00:00+00:00,6.72,6.72,6.68,6.68
2026-07-29 08:15:00+00:00,6.69,6.69,6.68,6.69
2026-07-29 08:30:00+00:00,6.69,6.7,6.68,6.69
2026-07-29 08:45:00+00:00,6.7,6.7,6.68,6.68
2026-07-29 09:00:00+00:00,6.69,6.7,6.68,6.7
2026-07-29 09:15:00+00:00,6.69,6.71,6.69,6.7
2026-07-29 09:30:00+00:00,6.71,6.73,6.7,6.72
2026-07-29 09:45:00+00:00,6.71,6.72,6.71,6.72
2026-07-29 10:00:00+00:00,6.72,6.72,6.71,6.72
2026-07-29 10:15:00+00:00,6.72,6.72,6.71,6.71
2026-07-29 10:30:00+00:00,6.71,6.73,6.71,6.72
2026-07-29 10:45:00+00:00,6.72,6.72,6.69,6.7
2026-07-29 11:00:00+00:00,6.7,6.72,6.7,6.72
2026-07-29 11:15:00+00:00,6.72,6.72,6.72,6.72
2026-07-29 11:30:00+00:00,6.71,6.71,6.7,6.71
2026-07-29 11:45:00+00:00,6.7,6.71,6.7,6.7
2026-07-29 12:00:00+00:00,6.7,6.71,6.69,6.71
2026-07-29 12:15:00+00:00,6.71,6.71,6.69,6.71
2026-07-29 12:30:00+00:00,6.7,6.71,6.7,6.7
2026-07-29 12:45:00+00:00,6.7,6.7,6.69,6.7
2026-07-29 13:00:00+00:00,6.69,6.7,6.68,6.69
2026-07-29 13:15:00+00:00,6.69,6.7,6.67,6.7
2026-07-29 13:30:00+00:00,6.69,6.71,6.69,6.7
2026-07-29 13:45:00+00:00,6.7,6.71,6.67,6.7
2026-07-29 14:00:00+00:00,6.71,6.71,6.68,6.68
2026-07-29 14:15:00+00:00,6.69,6.69,6.67,6.68
2026-07-29 14:30:00+00:00,6.68,6.69,6.67,6.67
2026-07-29 14:45:00+00:00,6.66,6.66,6.66,6.66
2026-07-29 15:00:00+00:00,6.65,6.66,6.65,6.65
2026-07-29 15:15:00+00:00,6.65,6.66,6.64,6.65
2026-07-29 15:30:00+00:00,6.65,6.67,6.64,6.65
2026-07-29 15:45:00+00:00,6.66,6.66,6.64,6.66
2026-07-29 16:00:00+00:00,6.65,6.66,6.64,6.66
2026-07-29 16:15:00+00:00,6.66,6.68,6.66,6.67
2026-07-29 16:30:00+00:00,6.67,6.67,6.64,6.65
2026-07-29 16:45:00+00:00,6.65,6.66,6.63,6.64
2026-07-29 17:00:00+00:00,6.64,6.67,6.64,6.67
2026-07-29 17:15:00+00:00,6.67,6.67,6.66,6.66
2026-07-29 17:30:00+00:00,6.66,6.68,6.66,6.68
2026-07-29 17:45:00+00:00,6.68,6.71,6.67,6.7
2026-07-29 18:00:00+00:00,6.71,6.78,6.71,6.73
2026-07-29 18:15:00+00:00,6.73,6.73,6.7,6.7
2026-07-29 18:30:00+00:00,6.71,6.73,6.68,6.73
2026-07-29 18:45:00+00:00,6.73,6.76,6.73,6.74
2026-07-29 19:00:00+00:00,6.74,6.74,6.71,6.72
2026-07-29 19:15:00+00:00,6.72,6.72,6.69,6.69
2026-07-29 19:30:00+00:00,6.69,6.7,6.67,6.67
2026-07-29 19:45:00+00:00,6.67,6.67,6.64,6.66
2026-07-29 20:00:00+00:00,6.65,6.66,6.6,6.63
2026-07-29 20:15:00+00:00,6.64,6.65,6.58,6.6
2026-07-29 20:30:00+00:00,6.61,6.64,6.6,6.63
2026-07-29 20:45:00+00:00,6.63,6.63,6.6,6.6
2026-07-29 21:00:00+00:00,6.6,6.62,6.59,6.62
2026-07-29 21:15:00+00:00,6.63,6.63,6.61,6.63
2026-07-29 21:30:00+00:00,6.64,6.66,6.64,6.64
2026-07-29 21:45:00+00:00,6.64,6.65,6.64,6.65
2026-07-29 22:00:00+00:00,6.66,6.68,6.66,6.68
2026-07-29 22:15:00+00:00,6.68,6.68,6.66,6.68
2026-07-29 22:30:00+00:00,6.67,6.68,6.67,6.68
2026-07-29 22:45:00+00:00,6.68,6.68,6.68,6.68
2026-07-29 23:00:00+00:00,6.67,6.67,6.67,6.67
2026-07-29 23:15:00+00:00,6.67,6.67,6.67,6.67
2026-07-29 23:30:00+00:00,6.68,6.68,6.67,6.68
2026-07-29 23:45:00+00:00,6.68,6.69,6.68,6.68
2026-07-30 00:00:00+00:00,6.69,6.74,6.69,6.72
2026-07-30 00:15:00+00:00,6.72,6.73,6.71,6.71
2026-07-30 00:30:00+00:00,6.7,6.7,6.68,6.69
2026-07-30 00:45:00+00:00,6.68,6.68,6.67,6.68
2026-07-30 01:00:00+00:00,6.69,6.73,6.69,6.71
2026-07-30 01:15:00+00:00,6.71,6.74,6.71,6.74
2026-07-30 01:30:00+00:00,6.74,6.77,6.73,6.76
2026-07-30 01:45:00+00:00,6.75,6.76,6.75,6.76
2026-07-30 02:00:00+00:00,6.75,6.76,6.75,6.76
2026-07-30 02:15:00+00:00,6.75,6.77,6.75,6.76
2026-07-30 02:30:00+00:00,6.76,6.76,6.74,6.76
2026-07-30 02:45:00+00:00,6.76,6.76,6.76,6.76
2026-07-30 03:00:00+00:00,6.77,6.77,6.75,6.75
2026-07-30 03:15:00+00:00,6.75,6.76,6.75,6.76
2026-07-30 03:30:00+00:00,6.76,6.76,6.74,6.75
2026-07-30 03:45:00+00:00,6.75,6.76,6.75,6.75
2026-07-30 04:00:00+00:00,6.75,6.75,6.72,6.73
2026-07-30 04:15:00+00:00,6.73,6.73,6.72,6.73
2026-07-30 04:30:00+00:00,6.73,6.74,6.72,6.72
2026-07-30 04:45:00+00:00,6.73,6.74,6.73,6.73
2026-07-30 05:00:00+00:00,6.73,6.74,6.72,6.72
2026-07-30 05:15:00+00:00,6.72,6.73,6.72,6.73
2026-07-30 05:30:00+00:00,6.74,6.75,6.74,6.75
2026-07-30 05:45:00+00:00,6.75,6.76,6.74,6.74
2026-07-30 06:00:00+00:00,6.74,6.75,6.74,6.75
2026-07-30 06:15:00+00:00,6.75,6.77,6.75,6.76
2026-07-30 06:30:00+00:00,6.77,6.77,6.76,6.77
2026-07-30 06:45:00+00:00,6.76,6.77,6.75,6.75
2026-07-30 07:00:00+00:00,6.76,6.76,6.75,6.75
2026-07-30 07:15:00+00:00,6.76,6.77,6.76,6.76
2026-07-30 07:30:00+00:00,6.76,6.76,6.74,6.76
2026-07-30 07:45:00+00:00,6.76,6.76,6.74,6.74
2026-07-30 08:00:00+00:00,6.75,6.76,6.75,6.75
2026-07-30 08:15:00+00:00,6.75,6.78,6.75,6.78
2026-07-30 08:30:00+00:00,6.78,6.78,6.77,6.78
2026-07-30 08:45:00+00:00,6.79,6.81,6.78,6.8
2026-07-30 09:00:00+00:00,6.79,6.79,6.78,6.79
2026-07-30 09:15:00+00:00,6.79,6.8,6.78,6.79
2026-07-30 09:30:00+00:00,6.79,6.81,6.79,6.8
2026-07-30 09:45:00+00:00,6.79,6.81,6.79,6.79
2026-07-30 10:00:00+00:00,6.79,6.81,6.79,6.8
2026-07-30 10:15:00+00:00,6.8,6.8,6.78,6.78
2026-07-30 10:30:00+00:00,6.78,6.79,6.78,6.78
2026-07-30 10:45:00+00:00,6.78,6.78,6.77,6.77
2026-07-30 11:00:00+00:00,6.77,6.78,6.76,6.77
2026-07-30 11:15:00+00:00,6.78,6.79,6.78,6.78
2026-07-30 11:30:00+00:00,6.79,6.8,6.79,6.8
2026-07-30 11:45:00+00:00,6.79,6.81,6.79,6.8
2026-07-30 12:00:00+00:00,6.81,6.83,6.8,6.82
2026-07-30 12:15:00+00:00,6.81,6.81,6.8,6.8
2026-07-30 12:30:00+00:00,6.8,6.81,6.78,6.78
2026-07-30 12:45:00+00:00,6.79,6.8,6.79,6.8
2026-07-30 13:00:00+00:00,6.79,6.79,6.78,6.79
2026-07-30 13:15:00+00:00,6.79,6.79,6.77,6.78
2026-07-30 13:30:00+00:00,6.78,6.79,6.76,6.79
2026-07-30 13:45:00+00:00,6.8,6.82,6.8,6.81
2026-07-30 14:00:00+00:00,6.81,6.82,6.79,6.79
2026-07-30 14:15:00+00:00,6.78,6.79,6.77,6.79
2026-07-30 14:30:00+00:00,6.79,6.8,6.79,6.8
2026-07-30 14:45:00+00:00,6.8,6.8,6.79,6.79
2026-07-30 15:00:00+00:00,6.79,6.79,6.77,6.78
2026-07-30 15:15:00+00:00,6.78,6.79,6.76,6.76
2026-07-30 15:30:00+00:00,6.76,6.78,6.75,6.78
2026-07-30 15:45:00+00:00,6.78,6.78,6.77,6.78
2026-07-30 16:00:00+00:00,6.78,6.8,6.78,6.79
2026-07-30 16:15:00+00:00,6.79,6.79,6.77,6.77
2026-07-30 16:30:00+00:00,6.78,6.79,6.76,6.77
2026-07-30 16:45:00+00:00,6.78,6.79,6.77,6.78
2026-07-30 17:00:00+00:00,6.77,6.78,6.76,6.77
2026-07-30 17:15:00+00:00,6.77,6.78,6.77,6.78
2026-07-30 17:30:00+00:00,6.78,6.81,6.78,6.8
2026-07-30 17:45:00+00:00,6.81,6.81,6.79,6.8
2026-07-30 18:00:00+00:00,6.79,6.8,6.79,6.79
2026-07-30 18:15:00+00:00,6.78,6.79,6.77,6.79
2026-07-30 18:30:00+00:00,6.78,6.78,6.77,6.77
2026-07-30 18:45:00+00:00,6.77,6.79,6.77,6.78
2026-07-30 19:00:00+00:00,6.78,6.79,6.78,6.79
2026-07-30 19:15:00+00:00,6.79,6.79,6.79,6.79
2026-07-30 19:30:00+00:00,6.79,6.79,6.79,6.79
2026-07-30 19:45:00+00:00,6.79,6.8,6.79,6.8
2026-07-30 20:00:00+00:00,6.8,6.81,6.8,6.8
2026-07-30 20:15:00+00:00,6.79,6.8,6.79,6.79
2026-07-30 20:30:00+00:00,6.79,6.79,6.79,6.79
2026-07-30 20:45:00+00:00,6.78,6.79,6.78,6.78
2026-07-30 21:00:00+00:00,6.78,6.79,6.78,6.78
2026-07-30 21:15:00+00:00,6.79,6.79,6.79,6.79
2026-07-30 21:30:00+00:00,6.79,6.8,6.79,6.8
2026-07-30 21:45:00+00:00,6.79,6.79,6.79,6.79
2026-07-30 22:00:00+00:00,6.78,6.79,6.78,6.79
2026-07-30 22:15:00+00:00,6.79,6.8,6.79,6.8
2026-07-30 22:30:00+00:00,6.81,6.81,6.79,6.79
2026-07-30 22:45:00+00:00,6.8,6.8,6.79,6.79
2026-07-30 23:00:00+00:00,6.79,6.8,6.78,6.8
2026-07-30 23:15:00+00:00,6.79,6.79,6.78,6.78
2026-07-30 23:30:00+00:00,6.79,6.81,6.78,6.78
2026-07-30 23:45:00+00:00,6.78,6.78,6.77,6.77
2026-07-31 00:00:00+00:00,6.77,6.78,6.74,6.75
2026-07-31 00:15:00+00:00,6.75,6.75,6.73,6.75
2026-07-31 00:30:00+00:00,6.75,6.75,6.75,6.75
2026-07-31 00:45:00+00:00,6.75,6.77,6.75,6.76
2026-07-31 01:00:00+00:00,6.76,6.81,6.76,6.8
2026-07-31 01:15:00+00:00,6.79,6.79,6.77,6.78
2026-07-31 01:30:00+00:00,6.78,6.78,6.76,6.76
2026-07-31 01:45:00+00:00,6.75,6.75,6.73,6.74
2026-07-31 02:00:00+00:00,6.73,6.73,6.71,6.71
2026-07-31 02:15:00+00:00,6.71,6.71,6.69,6.69
2026-07-31 02:30:00+00:00,6.69,6.69,6.67,6.68
2026-07-31 02:45:00+00:00,6.68,6.69,6.67,6.67
2026-07-31 03:00:00+00:00,6.67,6.67,6.64,6.65
2026-07-31 03:15:00+00:00,6.66,6.67,6.65,6.66
2026-07-31 03:30:00+00:00,6.67,6.67,6.67,6.67
2026-07-31 03:45:00+00:00,6.67,6.67,6.66,6.67
2026-07-31 04:00:00+00:00,6.67,6.67,6.66,6.66
2026-07-31 04:15:00+00:00,6.66,6.66,6.64,6.65
2026-07-31 04:30:00+00:00,6.65,6.66,6.65,6.66
2026-07-31 04:45:00+00:00,6.66,6.66,6.66,6.66
2026-07-31 05:00:00+00:00,6.65,6.67,6.65,6.66
2026-07-31 05:15:00+00:00,6.66,6.67,6.66,6.66
2026-07-31 05:30:00+00:00,6.67,6.67,6.66,6.66
2026-07-31 05:45:00+00:00,6.66,6.67,6.66,6.67
2026-07-31 06:00:00+00:00,6.67,6.69,6.67,6.69
2026-07-31 06:15:00+00:00,6.69,6.69,6.68,6.69
2026-07-31 06:30:00+00:00,6.69,6.7,6.68,6.68
2026-07-31 06:45:00+00:00,6.67,6.68,6.66,6.67
2026-07-31 07:00:00+00:00,6.67,6.67,6.64,6.65
2026-07-31 07:15:00+00:00,6.66,6.66,6.64,6.66
2026-07-31 07:30:00+00:00,6.65,6.67,6.65,6.66
2026-07-31 07:45:00+00:00,6.67,6.69,6.67,6.67
2026-07-31 08:00:00+00:00,6.67,6.68,6.67,6.67
2026-07-31 08:15:00+00:00,6.67,6.67,6.66,6.67
2026-07-31 08:30:00+00:00,6.67,6.68,6.65,6.66
2026-07-31 08:45:00+00:00,6.66,6.66,6.65,6.65
2026-07-31 09:00:00+00:00,6.65,6.66,6.64,6.64
2026-07-31 09:15:00+00:00,6.65,6.65,6.63,6.64
2026-07-31 09:30:00+00:00,6.65,6.65,6.63,6.65
2026-07-31 09:45:00+00:00,6.65,6.65,6.64,6.64
2026-07-31 10:00:00+00:00,6.64,6.64,6.62,6.64
2026-07-31 10:15:00+00:00,6.64,6.66,6.64,6.65
2026-07-31 10:30:00+00:00,6.65,6.66,6.65,6.66
2026-07-31 10:45:00+00:00,6.66,6.67,6.65,6.66
2026-07-31 11:00:00+00:00,6.66,6.66,6.65,6.66
2026-07-31 11:15:00+00:00,6.65,6.66,6.65,6.66
2026-07-31 11:30:00+00:00,6.66,6.66,6.65,6.66
2026-07-31 11:45:00+00:00,6.65,6.66,6.65,6.65
2026-07-31 12:00:00+00:00,6.65,6.66,6.64,6.65
2026-07-31 12:15:00+00:00,6.64,6.66,6.64,6.65
2026-07-31 12:30:00+00:00,6.65,6.66,6.64,6.66
2026-07-31 12:45:00+00:00,6.66,6.66,6.65,6.65
2026-07-31 13:00:00+00:00,6.65,6.66,6.65,6.66
2026-07-31 13:15:00+00:00,6.66,6.67,6.65,6.67
2026-07-31 13:30:00+00:00,6.66,6.67,6.64,6.64
2026-07-31 13:45:00+00:00,6.64,6.64,6.61,6.62
2026-07-31 14:00:00+00:00,6.62,6.63,6.56,6.62
2026-07-31 14:15:00+00:00,6.62,6.64,6.61,6.61
2026-07-31 14:30:00+00:00,6.62,6.63,6.61,6.62
2026-07-31 14:45:00+00:00,6.62,6.63,6.61,6.63
2026-07-31 15:00:00+00:00,6.62,6.63,6.62,6.62
2026-07-31 15:15:00+00:00,6.62,6.63,6.61,6.61
2026-07-31 15:30:00+00:00,6.62,6.63,6.6,6.62
2026-07-31 15:45:00+00:00,6.62,6.63,6.62,6.63
2026-07-31 16:00:00+00:00,6.63,6.65,6.63,6.65
2026-07-31 16:15:00+00:00,6.64,6.64,6.62,6.63
2026-07-31 16:30:00+00:00,6.63,6.63,6.63,6.63
2026-07-31 16:45:00+00:00,6.63,6.63,6.62,6.62
2026-07-31 17:00:00+00:00,6.63,6.64,6.63,6.64
2026-07-31 17:15:00+00:00,6.63,6.64,6.63,6.64
2026-07-31 17:30:00+00:00,6.64,6.64,6.64,6.64
2026-07-31 17:45:00+00:00,6.64,6.65,6.64,6.64
2026-07-31 18:00:00+00:00,6.65,6.65,6.63,6.64
2026-07-31 18:15:00+00:00,6.64,6.64,6.63,6.63
2026-07-31 18:30:00+00:00,6.63,6.63,6.62,6.63
2026-07-31 18:45:00+00:00,6.64,6.64,6.64,6.64
2026-07-31 19:00:00+00:00,6.63,6.63,6.61,6.62
2026-07-31 19:15:00+00:00,6.61,6.62,6.61,6.61
2026-07-31 19:30:00+00:00,6.61,6.61,6.6,6.61
2026-07-31 19:45:00+00:00,6.62,6.62,6.61,6.62
2026-07-31 20:00:00+00:00,6.62,6.62,6.61,6.61
2026-07-31 20:15:00+00:00,6.62,6.62,6.61,6.61
2026-07-31 20:30:00+00:00,6.61,6.62,6.6,6.6
2026-07-31 20:45:00+00:00,6.6,6.6,6.6,6.6
2026-07-31 21:00:00+00:00,6.6,6.63,6.6,6.63
2026-07-31 21:15:00+00:00,6.62,6.62,6.61,6.62
2026-07-31 21:30:00+00:00,6.62,6.62,6.61,6.62
2026-07-31 21:45:00+00:00,6.63,6.63,6.61,6.61
2026-07-31 22:00:00+00:00,6.61,6.62,6.6,6.61
2026-07-31 22:15:00+00:00,6.61,6.62,6.61,6.61
2026-07-31 22:30:00+00:00,6.61,6.61,6.61,6.61
2026-07-31 22:45:00+00:00,6.61,6.61,6.59,6.6
2026-07-31 23:00:00+00:00,6.6,6.6,6.6,6.6
2026-07-31 23:15:00+00:00,6.59,6.6,6.59,6.6
2026-07-31 23:30:00+00:00,6.61,6.61,6.6,6.6
2026-07-31 23:45:00+00:00,6.61,6.61,6.61,6.61
2026-08-01 00:00:00+00:00,6.62,6.64,6.61,6.64
2026-08-01 00:15:00+00:00,6.64,6.65,6.64,6.65
2026-08-01 00:30:00+00:00,6.65,6.66,6.65,6.66
2026-08-01 00:45:00+00:00,6.66,6.66,6.64,6.65
2026-08-01 01:00:00+00:00,6.66,6.66,6.65,6.65
2026-08-01 01:15:00+00:00,6.65,6.65,6.65,6.65
2026-08-01 01:30:00+00:00,6.66,6.67,6.65,6.66
2026-08-01 01:45:00+00:00,6.66,6.67,6.66,6.66
2026-08-01 02:00:00+00:00,6.67,6.68,6.67,6.67
2026-08-01 02:15:00+00:00,6.68,6.69,6.67,6.68
2026-08-01 02:30:00+00:00,6.68,6.69,6.68,6.68
2026-08-01 02:45:00+00:00,6.68,6.72,6.68,6.71
2026-08-01 03:00:00+00:00,6.71,6.73,6.69,6.69
2026-08-01 03:15:00+00:00,6.69,6.7,6.69,6.69
2026-08-01 03:30:00+00:00,6.69,6.71,6.69,6.7
2026-08-01 03:45:00+00:00,6.69,6.71,6.68,6.69
2026-08-01 04:00:00+00:00,6.7,6.7,6.67,6.68
2026-08-01 04:15:00+00:00,6.68,6.7,6.68,6.69
2026-08-01 04:30:00+00:00,6.69,6.7,6.68,6.69
2026-08-01 04:45:00+00:00,6.69,6.73,6.69,6.72
2026-08-01 05:00:00+00:00,6.72,6.72,6.7,6.7
2026-08-01 05:15:00+00:00,6.7,6.7,6.67,6.67
2026-08-01 05:30:00+00:00,6.67,6.7,6.66,6.66
2026-08-01 05:45:00+00:00,6.66,6.66,6.65,6.66
2026-08-01 06:00:00+00:00,6.66,6.67,6.65,6.65
2026-08-01 06:15:00+00:00,6.65,6.66,6.64,6.65
2026-08-01 06:30:00+00:00,6.65,6.66,6.64,6.65
2026-08-01 06:45:00+00:00,6.65,6.68,6.65,6.66
2026-08-01 07:00:00+00:00,6.66,6.69,6.66,6.67
2026-08-01 07:15:00+00:00,6.68,6.68,6.67,6.67
2026-08-01 07:30:00+00:00,6.67,6.68,6.67,6.67
2026-08-01 07:45:00+00:00,6.67,6.67,6.66,6.66
2026-08-01 08:00:00+00:00,6.66,6.67,6.65,6.65
2026-08-01 08:15:00+00:00,6.65,6.67,6.65,6.67
2026-08-01 08:30:00+00:00,6.66,6.67,6.66,6.66
2026-08-01 08:45:00+00:00,6.66,6.67,6.66,6.67
2026-08-01 09:00:00+00:00,6.67,6.68,6.65,6.67
2026-08-01 09:15:00+00:00,6.66,6.66,6.65,6.65
2026-08-01 09:30:00+00:00,6.65,6.65,6.64,6.64
2026-08-01 09:45:00+00:00,6.64,6.65,6.63,6.63
2026-08-01 10:00:00+00:00,6.63,6.64,6.61,6.63
2026-08-01 10:15:00+00:00,6.63,6.63,6.62,6.62
2026-08-01 10:30:00+00:00,6.62,6.63,6.62,6.62
2026-08-01 10:45:00+00:00,6.62,6.63,6.62,6.62
2026-08-01 11:00:00+00:00,6.62,6.64,6.62,6.62
2026-08-01 11:15:00+00:00,6.62,6.63,6.61,6.61
2026-08-01 11:30:00+00:00,6.62,6.63,6.61,6.61
2026-08-01 11:45:00+00:00,6.61,6.63,6.61,6.61
2026-08-01 12:00:00+00:00,6.62,6.62,6.61,6.61
2026-08-01 12:15:00+00:00,6.61,6.62,6.61,6.61
2026-08-01 12:30:00+00:00,6.61,6.62,6.61,6.61
2026-08-01 12:45:00+00:00,6.61,6.63,6.61,6.62
2026-08-01 13:00:00+00:00,6.62,6.64,6.62,6.62
2026-08-01 13:15:00+00:00,6.62,6.62,6.61,6.61
2026-08-01 13:30:00+00:00,6.61,6.62,6.61,6.61
2026-08-01 13:45:00+00:00,6.61,6.62,6.61,6.62
2026-08-01 14:00:00+00:00,6.62,6.63,6.61,6.61
2026-08-01 14:15:00+00:00,6.61,6.62,6.6,6.6
2026-08-01 14:30:00+00:00,6.6,6.61,6.56,6.58
2026-08-01 14:45:00+00:00,6.59,6.6,6.58,6.59
2026-08-01 15:00:00+00:00,6.59,6.6,6.58,6.59
2026-08-01 15:15:00+00:00,6.59,6.59,6.57,6.58
2026-08-01 15:30:00+00:00,6.58,6.6,6.58,6.59
2026-08-01 15:45:00+00:00,6.59,6.59,6.58,6.58
2026-08-01 16:00:00+00:00,6.58,6.6,6.58,6.59
2026-08-01 16:15:00+00:00,6.59,6.6,6.59,6.6
2026-08-01 16:30:00+00:00,6.6,6.62,6.6,6.6
2026-08-01 16:45:00+00:00,6.6,6.61,6.58,6.6
2026-08-01 17:00:00+00:00,6.59,6.6,6.59,6.59
2026-08-01 17:15:00+00:00,6.59,6.59,6.58,6.58
2026-08-01 17:30:00+00:00,6.58,6.59,6.56,6.57
2026-08-01 17:45:00+00:00,6.57,6.58,6.55,6.57
2026-08-01 18:00:00+00:00,6.56,6.57,6.55,6.56
2026-08-01 18:15:00+00:00,6.55,6.56,6.54,6.54
2026-08-01 18:30:00+00:00,6.55,6.55,6.47,6.49
2026-08-01 18:45:00+00:00,6.49,6.49,6.41,6.47
2026-08-01 19:00:00+00:00,6.47,6.48,6.46,6.47
2026-08-01 19:15:00+00:00,6.47,6.48,6.45,6.47
2026-08-01 19:30:00+00:00,6.47,6.47,6.46,6.47
2026-08-01 19:45:00+00:00,6.46,6.48,6.46,6.48
2026-08-01 20:00:00+00:00,6.48,6.49,6.46,6.47
2026-08-01 20:15:00+00:00,6.47,6.48,6.46,6.46
2026-08-01 20:30:00+00:00,6.46,6.47,6.45,6.46
2026-08-01 20:45:00+00:00,6.46,6.48,6.46,6.47
2026-08-01 21:00:00+00:00,6.47,6.49,6.47,6.48
2026-08-01 21:15:00+00:00,6.48,6.48,6.47,6.48
2026-08-01 21:30:00+00:00,6.48,6.5,6.48,6.5
2026-08-01 21:45:00+00:00,6.5,6.51,6.5,6.51
2026-08-01 22:00:00+00:00,6.52,6.54,6.52,6.52
2026-08-01 22:15:00+00:00,6.52,6.53,6.52,6.52
2026-08-01 22:30:00+00:00,6.52,6.53,6.52,6.52
2026-08-01 22:45:00+00:00,6.52,6.53,6.52,6.52
2026-08-01 23:00:00+00:00,6.52,6.52,6.51,6.51
2026-08-01 23:15:00+00:00,6.51,6.51,6.5,6.5
2026-08-01 23:30:00+00:00,6.5,6.52,6.5,6.52
2026-08-01 23:45:00+00:00,6.51,6.52,6.5,6.51
2026-08-02 00:00:00+00:00,6.51,6.54,6.51,6.53
2026-08-02 00:15:00+00:00,6.54,6.54,6.52,6.52
2026-08-02 00:30:00+00:00,6.52,6.52,6.51,6.52
2026-08-02 00:45:00+00:00,6.53,6.53,6.52,6.52
2026-08-02 01:00:00+00:00,6.53,6.58,6.53,6.57
2026-08-02 01:15:00+00:00,6.58,6.59,6.56,6.56
2026-08-02 01:30:00+00:00,6.56,6.58,6.56,6.57
2026-08-02 01:45:00+00:00,6.57,6.59,6.57,6.58
2026-08-02 02:00:00+00:00,6.57,6.65,6.57,6.63
2026-08-02 02:15:00+00:00,6.62,6.64,6.61,6.63
2026-08-02 02:30:00+00:00,6.62,6.62,6.59,6.6
2026-08-02 02:45:00+00:00,6.6,6.62,6.6,6.62
2026-08-02 03:00:00+00:00,6.61,6.62,6.58,6.59
2026-08-02 03:15:00+00:00,6.59,6.6,6.58,6.6
2026-08-02 03:30:00+00:00,6.59,6.6,6.59,6.6
2026-08-02 03:45:00+00:00,6.6,6.6,6.59,6.59
2026-08-02 04:00:00+00:00,6.6,6.6,6.59,6.59
2026-08-02 04:15:00+00:00,6.59,6.61,6.59,6.6
2026-08-02 04:30:00+00:00,6.6,6.61,6.6,6.6
2026-08-02 04:45:00+00:00,6.6,6.63,6.6,6.62
2026-08-02 05:00:00+00:00,6.62,6.63,6.59,6.6
2026-08-02 05:15:00+00:00,6.6,6.64,6.6,6.64
2026-08-02 05:30:00+00:00,6.63,6.67,6.63,6.65
2026-08-02 05:45:00+00:00,6.65,6.67,6.65,6.66
2026-08-02 06:00:00+00:00,6.66,6.66,6.64,6.66
2026-08-02 06:15:00+00:00,6.65,6.65,6.64,6.65
2026-08-02 06:30:00+00:00,6.65,6.65,6.63,6.63
2026-08-02 06:45:00+00:00,6.63,6.65,6.63,6.65
2026-08-02 07:00:00+00:00,6.65,6.65,6.64,6.65
2026-08-02 07:15:00+00:00,6.65,6.66,6.64,6.65
2026-08-02 07:30:00+00:00,6.65,6.67,6.65,6.66
2026-08-02 07:45:00+00:00,6.65,6.67,6.65,6.67
2026-08-02 08:00:00+00:00,6.67,6.67,6.64,6.64
2026-08-02 08:15:00+00:00,6.64,6.65,6.64,6.64
2026-08-02 08:30:00+00:00,6.64,6.65,6.63,6.63
2026-08-02 08:45:00+00:00,6.63,6.64,6.62,6.62
2026-08-02 09:00:00+00:00,6.62,6.64,6.61,6.64
2026-08-02 09:15:00+00:00,6.64,6.64,6.63,6.63
2026-08-02 09:30:00+00:00,6.64,6.66,6.63,6.65
2026-08-02 09:45:00+00:00,6.66,6.66,6.64,6.64
2026-08-02 10:00:00+00:00,6.64,6.65,6.64,6.64
2026-08-02 10:15:00+00:00,6.64,6.65,6.63,6.63
2026-08-02 10:30:00+00:00,6.64,6.65,6.64,6.65
2026-08-02 10:45:00+00:00,6.65,6.67,6.65,6.65
2026-08-02 11:00:00+00:00,6.65,6.66,6.65,6.65
2026-08-02 11:15:00+00:00,6.65,6.66,6.65,6.65
2026-08-02 11:30:00+00:00,6.65,6.65,6.64,6.64
2026-08-02 11:45:00+00:00,6.64,6.66,6.63,6.63
2026-08-02 12:00:00+00:00,6.64,6.65,6.64,6.64
2026-08-02 12:15:00+00:00,6.64,6.65,6.63,6.63
2026-08-02 12:30:00+00:00,6.63,6.64,6.63,6.63
2026-08-02 12:45:00+00:00,6.63,6.65,6.63,6.64
2026-08-02 13:00:00+00:00,6.64,6.68,6.63,6.64
2026-08-02 13:15:00+00:00,6.64,6.65,6.63,6.64
2026-08-02 13:30:00+00:00,6.63,6.64,6.62,6.63
2026-08-02 13:45:00+00:00,6.63,6.64,6.62,6.63
2026-08-02 14:00:00+00:00,6.63,6.64,6.62,6.62
2026-08-02 14:15:00+00:00,6.62,6.64,6.62,6.63
2026-08-02 14:30:00+00:00,6.63,6.63,6.63,6.63
2026-08-02 14:45:00+00:00,6.63,6.64,6.63,6.63
2026-08-02 15:00:00+00:00,6.63,6.64,6.62,6.63
2026-08-02 15:15:00+00:00,6.63,6.63,6.63,6.63
2026-08-02 15:30:00+00:00,6.63,6.64,6.62,6.63
2026-08-02 15:45:00+00:00,6.62,6.63,6.61,6.63
2026-08-02 16:00:00+00:00,6.62,6.62,6.6,6.61
2026-08-02 16:15:00+00:00,6.61,6.61,6.6,6.6
2026-08-02 16:30:00+00:00,6.61,6.62,6.6,6.62
2026-08-02 16:45:00+00:00,6.62,6.62,6.61,6.62
2026-08-02 17:00:00+00:00,6.61,6.63,6.61,6.62
2026-08-02 17:15:00+00:00,6.62,6.63,6.61,6.62
2026-08-02 17:30:00+00:00,6.62,6.63,6.62,6.62
2026-08-02 17:45:00+00:00,6.62,6.63,6.62,6.62
2026-08-02 18:00:00+00:00,6.63,6.63,6.62,6.62
2026-08-02 18:15:00+00:00,6.62,6.63,6.62,6.62
2026-08-02 18:30:00+00:00,6.62,6.65,6.62,6.63
2026-08-02 18:45:00+00:00,6.63,6.64,6.62,6.62
2026-08-02 19:00:00+00:00,6.62,6.63,6.62,6.62
2026-08-02 19:15:00+00:00,6.62,6.63,6.61,6.61
2026-08-02 19:30:00+00:00,6.62,6.62,6.61,6.61
2026-08-02 19:45:00+00:00,6.61,6.62,6.61,6.62
2026-08-02 20:00:00+00:00,6.63,6.63,6.62,6.62
2026-08-02 20:15:00+00:00,6.62,6.62,6.61,6.61
2026-08-02 20:30:00+00:00,6.61,6.61,6.61,6.61
2026-08-02 20:45:00+00:00,6.61,6.62,6.61,6.61
2026-08-02 21:00:00+00:00,6.61,6.63,6.6,6.62
2026-08-02 21:15:00+00:00,6.62,6.63,6.62,6.62
2026-08-02 21:30:00+00:00,6.63,6.66,6.63,6.65
2026-08-02 21:45:00+00:00,6.66,6.66,6.64,6.65
2026-08-02 22:00:00+00:00,6.66,6.68,6.66,6.66
2026-08-02 22:15:00+00:00,6.66,6.67,6.65,6.65
2026-08-02 22:30:00+00:00,6.64,6.64,6.62,6.64
2026-08-02 22:45:00+00:00,6.64,6.64,6.63,6.63
2026-08-02 23:00:00+00:00,6.63,6.63,6.62,6.62
2026-08-02 23:15:00+00:00,6.62,6.63,6.62,6.62
2026-08-02 23:30:00+00:00,6.62,6.62,6.62,6.62
2026-08-02 23:45:00+00:00,6.62,6.62,6.62,6.62
2026-08-03 00:00:00+00:00,6.63,6.63,6.6,6.61
2026-08-03 00:15:00+00:00,6.61,6.64,6.61,6.61
2026-08-03 00:30:00+00:00,6.61,6.62,6.6,6.61
2026-08-03 00:45:00+00:00,6.6,6.61,6.59,6.6
2026-08-03 01:00:00+00:00,6.6,6.61,6.57,6.58
2026-08-03 01:15:00+00:00,6.59,6.59,6.56,6.58
2026-08-03 01:30:00+00:00,6.57,6.58,6.56,6.57
2026-08-03 01:45:00+00:00,6.57,6.57,6.56,6.56
2026-08-03 02:00:00+00:00,6.56,6.56,6.54,6.56
2026-08-03 02:15:00+00:00,6.57,6.58,6.55,6.55
2026-08-03 02:30:00+00:00,6.55,6.58,6.55,6.57
2026-08-03 02:45:00+00:00,6.57,6.57,6.56,6.56
2026-08-03 03:00:00+00:00,6.56,6.57,6.56,6.56
2026-08-03 03:15:00+00:00,6.57,6.57,6.56,6.57
2026-08-03 03:30:00+00:00,6.56,6.57,6.56,6.57
2026-08-03 03:45:00+00:00,6.56,6.57,6.55,6.56
2026-08-03 04:00:00+00:00,6.56,6.56,6.55,6.56
2026-08-03 04:15:00+00:00,6.56,6.59,6.56,6.58
2026-08-03 04:30:00+00:00,6.59,6.59,6.58,6.58
2026-08-03 04:45:00+00:00,6.58,6.59,6.57,6.57
2026-08-03 05:00:00+00:00,6.58,6.59,6.58,6.58
2026-08-03 05:15:00+00:00,6.58,6.6,6.58,6.58
2026-08-03 05:30:00+00:00,6.58,6.58,6.58,6.58
2026-08-03 05:45:00+00:00,6.58,6.6,6.58,6.59
2026-08-03 06:00:00+00:00,6.59,6.59,6.58,6.59
2026-08-03 06:15:00+00:00,6.59,6.6,6.58,6.58
2026-08-03 06:30:00+00:00,6.58,6.6,6.57,6.57
2026-08-03 06:45:00+00:00,6.57,6.58,6.57,6.57
2026-08-03 07:00:00+00:00,6.57,6.58,6.56,6.56
2026-08-03 07:15:00+00:00,6.56,6.58,6.55,6.58
2026-08-03 07:30:00+00:00,6.57,6.59,6.56,6.56
2026-08-03 07:45:00+00:00,6.56,6.56,6.55,6.55
2026-08-03 08:00:00+00:00,6.55,6.56,6.52,6.53
2026-08-03 08:15:00+00:00,6.53,6.54,6.48,6.5
2026-08-03 08:30:00+00:00,6.5,6.53,6.5,6.53
2026-08-03 08:45:00+00:00,6.53,6.55,6.53,6.55
2026-08-03 09:00:00+00:00,6.55,6.56,6.54,6.55
2026-08-03 09:15:00+00:00,6.55,6.56,6.55,6.55
2026-08-03 09:30:00+00:00,6.55,6.56,6.55,6.55
2026-08-03 09:45:00+00:00,6.55,6.59,6.55,6.59
2026-08-03 10:00:00+00:00,6.59,6.59,6.57,6.57
2026-08-03 10:15:00+00:00,6.57,6.57,6.56,6.56
2026-08-03 10:30:00+00:00,6.56,6.57,6.55,6.56
2026-08-03 10:45:00+00:00,6.56,6.56,6.55,6.56
2026-08-03 11:00:00+00:00,6.56,6.57,6.55,6.55
2026-08-03 11:15:00+00:00,6.55,6.57,6.55,6.56
2026-08-03 11:30:00+00:00,6.55,6.58,6.55,6.56
2026-08-03 11:45:00+00:00,6.56,6.57,6.55,6.57
2026-08-03 12:00:00+00:00,6.57,6.57,6.55,6.56
2026-08-03 12:15:00+00:00,6.56,6.58,6.56,6.56
2026-08-03 12:30:00+00:00,6.56,6.57,6.56,6.56
2026-08-03 12:45:00+00:00,6.57,6.58,6.56,6.57
2026-08-03 13:00:00+00:00,6.57,6.58,6.57,6.57
2026-08-03 13:15:00+00:00,6.58,6.61,6.58,6.58
2026-08-03 13:30:00+00:00,6.59,6.61,6.58,6.6
2026-08-03 13:45:00+00:00,6.6,6.63,6.59,6.63
2026-08-03 14:00:00+00:00,6.63,6.66,6.63,6.64
2026-08-03 14:15:00+00:00,6.64,6.66,6.63,6.65
2026-08-03 14:30:00+00:00,6.65,6.65,6.62,6.63
2026-08-03 14:45:00+00:00,6.63,6.64,6.62,6.64
2026-08-03 15:00:00+00:00,6.64,6.64,6.62,6.62
2026-08-03 15:15:00+00:00,6.62,6.63,6.62,6.62
2026-08-03 15:30:00+00:00,6.62,6.63,6.61,6.62
2026-08-03 15:45:00+00:00,6.62,6.63,6.61,6.62
2026-08-03 16:00:00+00:00,6.62,6.64,6.62,6.63
2026-08-03 16:15:00+00:00,6.64,6.64,6.62,6.62
2026-08-03 16:30:00+00:00,6.62,6.64,6.62,6.63
2026-08-03 16:45:00+00:00,6.64,6.65,6.63,6.63
2026-08-03 17:00:00+00:00,6.63,6.65,6.62,6.64
2026-08-03 17:15:00+00:00,6.65,6.65,6.63,6.64
2026-08-03 17:30:00+00:00,6.63,6.64,6.63,6.63
2026-08-03 17:45:00+00:00,6.63,6.64,6.62,6.62
2026-08-03 18:00:00+00:00,6.62,6.64,6.62,6.63
2026-08-03 18:15:00+00:00,6.63,6.63,6.62,6.62
2026-08-03 18:30:00+00:00,6.62,6.63,6.61,6.61
2026-08-03 18:45:00+00:00,6.61,6.63,6.6,6.62
2026-08-03 19:00:00+00:00,6.62,6.63,6.61,6.62
2026-08-03 19:15:00+00:00,6.62,6.64,6.62,6.64
2026-08-03 19:30:00+00:00,6.64,6.65,6.63,6.63
2026-08-03 19:45:00+00:00,6.63,6.63,6.62,6.62
2026-08-03 20:00:00+00:00,6.62,6.64,6.61,6.63
2026-08-03 20:15:00+00:00,6.63,6.64,6.63,6.63
2026-08-03 20:30:00+00:00,6.63,6.65,6.63,6.64
2026-08-03 20:45:00+00:00,6.64,6.64,6.62,6.63
2026-08-03 21:00:00+00:00,6.63,6.64,6.63,6.63
2026-08-03 21:15:00+00:00,6.63,6.64,6.62,6.63
2026-08-03 21:30:00+00:00,6.63,6.63,6.63,6.63
2026-08-03 21:45:00+00:00,6.63,6.63,6.62,6.62
2026-08-03 22:00:00+00:00,6.63,6.63,6.59,6.6
2026-08-03 22:15:00+00:00,6.6,6.62,6.59,6.59
2026-08-03 22:30:00+00:00,6.59,6.6,6.59,6.59
2026-08-03 22:45:00+00:00,6.59,6.61,6.59,6.6
2026-08-03 23:00:00+00:00,6.6,6.6,6.58,6.59
2026-08-03 23:15:00+00:00,6.59,6.59,6.58,6.58
2026-08-03 23:30:00+00:00,6.58,6.59,6.58,6.58
2026-08-03 23:45:00+00:00,6.58,6.61,6.58,6.59
2026-08-04 00:00:00+00:00,6.59,6.6,6.59,6.59
2026-08-04 00:15:00+00:00,6.6,6.6,6.58,6.58
2026-08-04 00:30:00+00:00,6.58,6.58,6.57,6.57
2026-08-04 00:45:00+00:00,6.57,6.58,6.56,6.56
2026-08-04 01:00:00+00:00,6.56,6.57,6.56,6.56
2026-08-04 01:15:00+00:00,6.56,6.58,6.56,6.57
2026-08-04 01:30:00+00:00,6.57,6.61,6.57,6.6
2026-08-04 01:45:00+00:00,6.6,6.61,6.59,6.6
2026-08-04 02:00:00+00:00,6.6,6.61,6.6,6.61
2026-08-04 02:15:00+00:00,6.6,6.61,6.6,6.6
2026-08-04 02:30:00+00:00,6.6,6.63,6.6,6.61
2026-08-04 02:45:00+00:00,6.61,6.62,6.6,6.6
2026-08-04 03:00:00+00:00,6.6,6.62,6.59,6.59
2026-08-04 03:15:00+00:00,6.59,6.6,6.58,6.6
2026-08-04 03:30:00+00:00,6.6,6.62,6.6,6.61
2026-08-04 03:45:00+00:00,6.61,6.62,6.6,6.6
2026-08-04 04:00:00+00:00,6.6,6.61,6.6,6.61
2026-08-04 04:15:00+00:00,6.61,6.63,6.61,6.61
2026-08-04 04:30:00+00:00,6.61,6.63,6.61,6.62
2026-08-04 04:45:00+00:00,6.62,6.63,6.62,6.62
2026-08-04 05:00:00+00:00,6.62,6.62,6.61,6.61
2026-08-04 05:15:00+00:00,6.61,6.62,6.61,6.61
2026-08-04 05:30:00+00:00,6.61,6.62,6.61,6.61
2026-08-04 05:45:00+00:00,6.61,6.62,6.61,6.61
2026-08-04 06:00:00+00:00,6.61,6.62,6.61,6.61
2026-08-04 06:15:00+00:00,6.61,6.61,6.6,6.6
2026-08-04 06:30:00+00:00,6.6,6.6,6.58,6.58
2026-08-04 06:45:00+00:00,6.58,6.59,6.58,6.58
2026-08-04 07:00:00+00:00,6.58,6.58,6.56,6.57
2026-08-04 07:15:00+00:00,6.56,6.59,6.56,6.58
2026-08-04 07:30:00+00:00,6.58,6.6,6.58,6.59
2026-08-04 07:45:00+00:00,6.59,6.62,6.59,6.61
2026-08-04 08:00:00+00:00,6.61,6.61,6.61,6.61
2026-08-04 08:15:00+00:00,6.61,6.61,6.6,6.6
2026-08-04 08:30:00+00:00,6.6,6.6,6.59,6.59
2026-08-04 08:45:00+00:00,6.59,6.6,6.59,6.59
2026-08-04 09:00:00+00:00,6.59,6.6,6.58,6.58
2026-08-04 09:15:00+00:00,6.58,6.59,6.57,6.58
2026-08-04 09:30:00+00:00,6.58,6.59,6.58,6.58
2026-08-04 09:45:00+00:00,6.58,6.59,6.58,6.59
2026-08-04 10:00:00+00:00,6.58,6.59,6.58,6.58
2026-08-04 10:15:00+00:00,6.59,6.59,6.57,6.59
2026-08-04 10:30:00+00:00,6.58,6.61,6.57,6.6
2026-08-04 10:45:00+00:00,6.61,6.61,6.6,6.6
2026-08-04 11:00:00+00:00,6.6,6.61,6.59,6.6
2026-08-04 11:15:00+00:00,6.6,6.6,6.59,6.59
2026-08-04 11:30:00+00:00,6.59,6.6,6.59,6.6
2026-08-04 11:45:00+00:00,6.6,6.61,6.59,6.61
2026-08-04 12:00:00+00:00,6.61,6.63,6.6,6.62
2026-08-04 12:15:00+00:00,6.62,6.62,6.6,6.61
2026-08-04 12:30:00+00:00,6.61,6.64,6.6,6.63
2026-08-04 12:45:00+00:00,6.62,6.63,6.61,6.63
2026-08-04 13:00:00+00:00,6.62,6.64,6.61,6.63
2026-08-04 13:15:00+00:00,6.63,6.63,6.61,6.62
2026-08-04 13:30:00+00:00,6.62,6.64,6.62,6.62
2026-08-04 13:45:00+00:00,6.62,6.62,6.58,6.58
2026-08-04 14:00:00+00:00,6.58,6.59,6.57,6.58
2026-08-04 14:15:00+00:00,6.58,6.59,6.56,6.57
2026-08-04 14:30:00+00:00,6.57,6.6,6.57,6.59
2026-08-04 14:45:00+00:00,6.59,6.59,6.58,6.59
2026-08-04 15:00:00+00:00,6.59,6.61,6.59,6.59
2026-08-04 15:15:00+00:00,6.59,6.6,6.57,6.57
2026-08-04 15:30:00+00:00,6.57,6.59,6.56,6.59
2026-08-04 15:45:00+00:00,6.59,6.6,6.58,6.58
2026-08-04 16:00:00+00:00,6.58,6.59,6.57,6.58
2026-08-04 16:15:00+00:00,6.58,6.59,6.58,6.58
2026-08-04 16:30:00+00:00,6.58,6.6,6.58,6.59
2026-08-04 16:45:00+00:00,6.59,6.6,6.59,6.6
2026-08-04 17:00:00+00:00,6.61,6.61,6.59,6.59
2026-08-04 17:15:00+00:00,6.59,6.59,6.57,6.58
2026-08-04 17:30:00+00:00,6.58,6.59,6.58,6.58
2026-08-04 17:45:00+00:00,6.58,6.59,6.56,6.57
2026-08-04 18:00:00+00:00,6.57,6.59,6.56,6.58
2026-08-04 18:15:00+00:00,6.59,6.61,6.59,6.61
2026-08-04 18:30:00+00:00,6.6,6.61,6.59,6.6
2026-08-04 18:45:00+00:00,6.6,6.6,6.6,6.6
2026-08-04 19:00:00+00:00,6.6,6.62,6.6,6.62
2026-08-04 19:15:00+00:00,6.62,6.64,6.61,6.61
2026-08-04 19:30:00+00:00,6.61,6.63,6.61,6.62
2026-08-04 19:45:00+00:00,6.62,6.63,6.62,6.62
2026-08-04 20:00:00+00:00,6.62,6.63,6.61,6.62
2026-08-04 20:15:00+00:00,6.62,6.62,6.6,6.61
2026-08-04 20:30:00+00:00,6.61,6.65,6.61,6.63
2026-08-04 20:45:00+00:00,6.63,6.63,6.62,6.62
2026-08-04 21:00:00+00:00,6.62,6.63,6.61,6.61
2026-08-04 21:15:00+00:00,6.61,6.62,6.61,6.61
2026-08-04 21:30:00+00:00,6.61,6.62,6.6,6.62
2026-08-04 21:45:00+00:00,6.61,6.62,6.6,6.61
2026-08-04 22:00:00+00:00,6.61,6.61,6.6,6.6
2026-08-04 22:15:00+00:00,6.61,6.62,6.6,6.6
2026-08-04 22:30:00+00:00,6.6,6.61,6.6,6.6
2026-08-04 22:45:00+00:00,6.6,6.62,6.6,6.6
2026-08-04 23:00:00+00:00,6.6,6.61,6.6,6.61
2026-08-04 23:15:00+00:00,6.61,6.62,6.58,6.59
2026-08-04 23:30:00+00:00,6.58,6.59,6.58,6.59
2026-08-04 23:45:00+00:00,6.58,6.6,6.58,6.59
2026-08-05 00:00:00+00:00,6.58,6.59,6.57,6.57
2026-08-05 00:15:00+00:00,6.57,6.58,6.55,6.56
2026-08-05 00:30:00+00:00,6.56,6.58,6.55,6.55
2026-08-05 00:45:00+00:00,6.56,6.56,6.53,6.53
2026-08-05 01:00:00+00:00,6.53,6.54,6.51,6.53
2026-08-05 01:15:00+00:00,6.53,6.56,6.53,6.55
2026-08-05 01:30:00+00:00,6.55,6.57,6.55,6.56
2026-08-05 01:45:00+00:00,6.56,6.58,6.56,6.57
2026-08-05 02:00:00+00:00,6.57,6.58,6.56,6.57
2026-08-05 02:15:00+00:00,6.57,6.58,6.56,6.57
2026-08-05 02:30:00+00:00,6.57,6.58,6.57,6.58
2026-08-05 02:45:00+00:00,6.58,6.59,6.57,6.57
2026-08-05 03:00:00+00:00,6.57,6.59,6.56,6.56
2026-08-05 03:15:00+00:00,6.56,6.56,6.53,6.54
2026-08-05 03:30:00+00:00,6.53,6.54,6.53,6.53
2026-08-05 03:45:00+00:00,6.53,6.54,6.53,6.53
2026-08-05 04:00:00+00:00,6.52,6.54,6.52,6.53
2026-08-05 04:15:00+00:00,6.53,6.54,6.53,6.53
2026-08-05 04:30:00+00:00,6.53,6.54,6.53,6.53
2026-08-05 04:45:00+00:00,6.53,6.54,6.53,6.53
2026-08-05 05:00:00+00:00,6.53,6.56,6.53,6.54
2026-08-05 05:15:00+00:00,6.54,6.55,6.54,6.54
2026-08-05 05:30:00+00:00,6.54,6.55,6.54,6.55
2026-08-05 05:45:00+00:00,6.54,6.55,6.53,6.53
2026-08-05 06:00:00+00:00,6.53,6.54,6.52,6.52
2026-08-05 06:15:00+00:00,6.53,6.53,6.52,6.52
2026-08-05 06:30:00+00:00,6.52,6.53,6.52,6.53
2026-08-05 06:45:00+00:00,6.52,6.53,6.51,6.51
2026-08-05 07:00:00+00:00,6.51,6.52,6.5,6.5
2026-08-05 07:15:00+00:00,6.5,6.51,6.5,6.51
2026-08-05 07:30:00+00:00,6.5,6.51,6.47,6.48
2026-08-05 07:45:00+00:00,6.48,6.5,6.48,6.49
2026-08-05 08:00:00+00:00,6.49,6.5,6.48,6.48
2026-08-05 08:15:00+00:00,6.48,6.51,6.48,6.51
2026-08-05 08:30:00+00:00,6.51,6.51,6.48,6.48
2026-08-05 08:45:00+00:00,6.48,6.49,6.47,6.47
2026-08-05 09:00:00+00:00,6.47,6.49,6.47,6.47
2026-08-05 09:15:00+00:00,6.47,6.48,6.47,6.47
2026-08-05 09:30:00+00:00,6.47,6.49,6.47,6.48
2026-08-05 09:45:00+00:00,6.48,6.5,6.48,6.49
2026-08-05 10:00:00+00:00,6.48,6.49,6.48,6.48
2026-08-05 10:15:00+00:00,6.48,6.49,6.48,6.49
2026-08-05 10:30:00+00:00,6.5,6.51,6.48,6.49
2026-08-05 10:45:00+00:00,6.5,6.5,6.49,6.49
2026-08-05 11:00:00+00:00,6.5,6.51,6.49,6.5
2026-08-05 11:15:00+00:00,6.5,6.51,6.49,6.49
2026-08-05 11:30:00+00:00,6.49,6.51,6.49,6.49
2026-08-05 11:45:00+00:00,6.49,6.5,6.49,6.49
2026-08-05 12:00:00+00:00,6.5,6.5,6.49,6.49
2026-08-05 12:15:00+00:00,6.49,6.54,6.49,6.53
2026-08-05 12:30:00+00:00,6.53,6.53,6.51,6.51
2026-08-05 12:45:00+00:00,6.51,6.52,6.49,6.5
2026-08-05 13:00:00+00:00,6.49,6.5,6.48,6.48
2026-08-05 13:15:00+00:00,6.48,6.5,6.48,6.49
2026-08-05 13:30:00+00:00,6.49,6.5,6.46,6.48
2026-08-05 13:45:00+00:00,6.48,6.5,6.48,6.49
2026-08-05 14:00:00+00:00,6.49,6.51,6.48,6.51
2026-08-05 14:15:00+00:00,6.5,6.51,6.49,6.5
2026-08-05 14:30:00+00:00,6.49,6.5,6.48,6.48
2026-08-05 14:45:00+00:00,6.48,6.5,6.47,6.48
2026-08-05 15:00:00+00:00,6.48,6.5,6.48,6.49
2026-08-05 15:15:00+00:00,6.48,6.48,6.47,6.48
2026-08-05 15:30:00+00:00,6.47,6.48,6.46,6.46
2026-08-05 15:45:00+00:00,6.46,6.47,6.43,6.44
2026-08-05 16:00:00+00:00,6.44,6.47,6.42,6.45
2026-08-05 16:15:00+00:00,6.46,6.5,6.46,6.49
2026-08-05 16:30:00+00:00,6.49,6.49,6.47,6.47
2026-08-05 16:45:00+00:00,6.48,6.48,6.46,6.48
2026-08-05 17:00:00+00:00,6.48,6.5,6.48,6.48
2026-08-05 17:15:00+00:00,6.48,6.5,6.48,6.49
2026-08-05 17:30:00+00:00,6.49,6.54,6.49,6.51
2026-08-05 17:45:00+00:00,6.51,6.53,6.51,6.53
2026-08-05 18:00:00+00:00,6.53,6.53,6.51,6.52
2026-08-05 18:15:00+00:00,6.52,6.53,6.52,6.52
2026-08-05 18:30:00+00:00,6.52,6.52,6.51,6.52
2026-08-05 18:45:00+00:00,6.52,6.52,6.51,6.51
2026-08-05 19:00:00+00:00,6.52,6.53,6.51,6.52
2026-08-05 19:15:00+00:00,6.52,6.52,6.51,6.52
2026-08-05 19:30:00+00:00,6.52,6.53,6.51,6.52
2026-08-05 19:45:00+00:00,6.52,6.53,6.52,6.52
2026-08-05 20:00:00+00:00,6.52,6.55,6.51,6.55
2026-08-05 20:15:00+00:00,6.55,6.56,6.54,6.55
2026-08-05 20:30:00+00:00,6.55,6.57,6.55,6.56
2026-08-05 20:45:00+00:00,6.56,6.56,6.54,6.54
2026-08-05 21:00:00+00:00,6.55,6.55,6.53,6.53
2026-08-05 21:15:00+00:00,6.53,6.53,6.52,6.52
2026-08-05 21:30:00+00:00,6.52,6.53,6.52,6.52
2026-08-05 21:45:00+00:00,6.52,6.53,6.52,6.52
2026-08-05 22:00:00+00:00,6.52,6.52,6.52,6.52
2026-08-05 22:15:00+00:00,6.52,6.53,6.52,6.52
2026-08-05 22:30:00+00:00,6.52,6.53,6.52,6.52
2026-08-05 22:45:00+00:00,6.52,6.52,6.51,6.51
2026-08-05 23:00:00+00:00,6.51,6.52,6.5,6.51
2026-08-05 23:15:00+00:00,6.51,6.52,6.51,6.52
2026-08-05 23:30:00+00:00,6.52,6.53,6.52,6.52
2026-08-05 23:45:00+00:00,6.52,6.52,6.51,6.52
2026-08-06 00:00:00+00:00,6.52,6.55,6.52,6.55
2026-08-06 00:15:00+00:00,6.55,6.57,6.54,6.56
2026-08-06 00:30:00+00:00,6.56,6.56,6.54,6.55
2026-08-06 00:45:00+00:00,6.55,6.57,6.55,6.55
2026-08-06 01:00:00+00:00,6.56,6.56,6.53,6.54
2026-08-06 01:15:00+00:00,6.54,6.54,6.52,6.52
2026-08-06 01:30:00+00:00,6.52,6.52,6.51,6.52
2026-08-06 01:45:00+00:00,6.51,6.53,6.49,6.5
2026-08-06 02:00:00+00:00,6.49,6.52,6.49,6.5
2026-08-06 02:15:00+00:00,6.5,6.5,6.48,6.5
2026-08-06 02:30:00+00:00,6.5,6.5,6.5,6.5
2026-08-06 02:45:00+00:00,6.5,6.51,6.49,6.5
2026-08-06 03:00:00+00:00,6.5,6.51,6.49,6.5
2026-08-06 03:15:00+00:00,6.5,6.51,6.5,6.5
2026-08-06 03:30:00+00:00,6.5,6.51,6.49,6.49
2026-08-06 03:45:00+00:00,6.49,6.51,6.49,6.5
2026-08-06 04:00:00+00:00,6.5,6.52,6.5,6.51
2026-08-06 04:15:00+00:00,6.51,6.55,6.51,6.54
2026-08-06 04:30:00+00:00,6.54,6.55,6.53,6.53
2026-08-06 04:45:00+00:00,6.53,6.55,6.53,6.55
2026-08-06 05:00:00+00:00,6.55,6.57,6.55,6.55
2026-08-06 05:15:00+00:00,6.55,6.56,6.53,6.53
2026-08-06 05:30:00+00:00,6.53,6.54,6.52,6.52
2026-08-06 05:45:00+00:00,6.53,6.53,6.52,6.53
2026-08-06 06:00:00+00:00,6.53,6.54,6.51,6.52
2026-08-06 06:15:00+00:00,6.52,6.52,6.5,6.51
2026-08-06 06:30:00+00:00,6.51,6.53,6.51,6.52
2026-08-06 06:45:00+00:00,6.52,6.53,6.52,6.53
2026-08-06 07:00:00+00:00,6.53,6.53,6.52,6.52
2026-08-06 07:15:00+00:00,6.52,6.54,6.52,6.53
2026-08-06 07:30:00+00:00,6.53,6.53,6.51,6.51
2026-08-06 07:45:00+00:00,6.51,6.52,6.51,6.51
2026-08-06 08:00:00+00:00,6.51,6.52,6.5,6.51
2026-08-06 08:15:00+00:00,6.51,6.52,6.5,6.51
2026-08-06 08:30:00+00:00,6.51,6.52,6.5,6.51
2026-08-06 08:45:00+00:00,6.51,6.54,6.51,6.53
2026-08-06 09:00:00+00:00,6.53,6.53,6.46,6.46
2026-08-06 09:15:00+00:00,6.46,6.46,6.4,6.43
2026-08-06 09:30:00+00:00,6.42,6.43,6.41,6.41
2026-08-06 09:45:00+00:00,6.42,6.43,6.42,6.43
2026-08-06 10:00:00+00:00,6.42,6.43,6.34,6.35
2026-08-06 10:15:00+00:00,6.34,6.36,6.34,6.35
2026-08-06 10:30:00+00:00,6.35,6.36,6.35,6.36
2026-08-06 10:45:00+00:00,6.36,6.38,6.35,6.37
2026-08-06 11:00:00+00:00,6.36,6.37,6.31,6.37
2026-08-06 11:15:00+00:00,6.37,6.4,6.37,6.39
2026-08-06 11:30:00+00:00,6.38,6.4,6.38,6.4
2026-08-06 11:45:00+00:00,6.39,6.4,6.38,6.39
2026-08-06 12:00:00+00:00,6.39,6.39,6.36,6.38
2026-08-06 12:15:00+00:00,6.38,6.39,6.37,6.39
2026-08-06 12:30:00+00:00,6.39,6.39,6.37,6.39
2026-08-06 12:45:00+00:00,6.38,6.38,6.36,6.36
2026-08-06 13:00:00+00:00,6.36,6.37,6.35,6.36
2026-08-06 13:15:00+00:00,6.36,6.37,6.36,6.36
2026-08-06 13:30:00+00:00,6.36,6.38,6.35,6.38
2026-08-06 13:45:00+00:00,6.38,6.39,6.37,6.39
2026-08-06 14:00:00+00:00,6.39,6.39,6.38,6.38
2026-08-06 14:15:00+00:00,6.37,6.38,6.36,6.37
2026-08-06 14:30:00+00:00,6.37,6.41,6.36,6.4
2026-08-06 14:45:00+00:00,6.41,6.41,6.4,6.41
2026-08-06 15:00:00+00:00,6.42,6.43,6.41,6.41
2026-08-06 15:15:00+00:00,6.41,6.42,6.4,6.41
2026-08-06 15:30:00+00:00,6.41,6.42,6.4,6.4
2026-08-06 15:45:00+00:00,6.41,6.43,6.4,6.41
2026-08-06 16:00:00+00:00,6.41,6.43,6.4,6.41
2026-08-06 16:15:00+00:00,6.41,6.43,6.4,6.43
2026-08-06 16:30:00+00:00,6.42,6.45,6.42,6.44
2026-08-06 16:45:00+00:00,6.44,6.46,6.43,6.45
2026-08-06 17:00:00+00:00,6.45,6.47,6.45,6.45
2026-08-06 17:15:00+00:00,6.45,6.46,6.45,6.45
2026-08-06 17:30:00+00:00,6.46,6.46,6.44,6.44
2026-08-06 17:45:00+00:00,6.44,6.48,6.44,6.47
2026-08-06 18:00:00+00:00,6.47,6.47,6.45,6.47
2026-08-06 18:15:00+00:00,6.47,6.5,6.47,6.49
2026-08-06 18:30:00+00:00,6.49,6.49,6.48,6.48
2026-08-06 18:45:00+00:00,6.48,6.48,6.47,6.47
2026-08-06 19:00:00+00:00,6.48,6.49,6.47,6.47
2026-08-06 19:15:00+00:00,6.48,6.49,6.47,6.48
2026-08-06 19:30:00+00:00,6.48,6.49,6.48,6.49
2026-08-06 19:45:00+00:00,6.48,6.5,6.47,6.5
2026-08-06 20:00:00+00:00,6.5,6.51,6.49,6.5
2026-08-06 20:15:00+00:00,6.49,6.53,6.49,6.51
2026-08-06 20:30:00+00:00,6.51,6.52,6.51,6.52
2026-08-06 20:45:00+00:00,6.52,6.53,6.51,6.52
2026-08-06 21:00:00+00:00,6.53,6.57,6.53,6.53
2026-08-06 21:15:00+00:00,6.53,6.53,6.52,6.52
2026-08-06 21:30:00+00:00,6.53,6.55,6.53,6.54
2026-08-06 21:45:00+00:00,6.55,6.6,6.55,6.57
2026-08-06 22:00:00+00:00,6.58,6.58,6.52,6.53
2026-08-06 22:15:00+00:00,6.52,6.52,6.5,6.51
2026-08-06 22:30:00+00:00,6.51,6.52,6.49,6.49
2026-08-06 22:45:00+00:00,6.5,6.51,6.49,6.51
2026-08-06 23:00:00+00:00,6.5,6.5,6.49,6.49
2026-08-06 23:15:00+00:00,6.49,6.49,6.47,6.48
2026-08-06 23:30:00+00:00,6.48,6.49,6.47,6.49
2026-08-06 23:45:00+00:00,6.49,6.5,6.49,6.5
2026-08-07 00:00:00+00:00,6.5,6.5,6.48,6.49
2026-08-07 00:15:00+00:00,6.49,6.49,6.49,6.49
2026-08-07 00:30:00+00:00,6.49,6.49,6.49,6.49
2026-08-07 00:45:00+00:00,6.49,6.49,6.48,6.49
2026-08-07 01:00:00+00:00,6.49,6.51,6.49,6.5
2026-08-07 01:15:00+00:00,6.5,6.5,6.5,6.5
2026-08-07 01:30:00+00:00,6.5,6.5,6.48,6.48
2026-08-07 01:45:00+00:00,6.49,6.5,6.49,6.49
2026-08-07 02:00:00+00:00,6.49,6.49,6.47,6.48
2026-08-07 02:15:00+00:00,6.49,6.51,6.49,6.5
2026-08-07 02:30:00+00:00,6.5,6.53,6.5,6.51
2026-08-07 02:45:00+00:00,6.51,6.52,6.5,6.51
2026-08-07 03:00:00+00:00,6.51,6.52,6.5,6.51
2026-08-07 03:15:00+00:00,6.5,6.5,6.49,6.49
2026-08-07 03:30:00+00:00,6.49,6.51,6.49,6.5
2026-08-07 03:45:00+00:00,6.5,6.51,6.49,6.49
2026-08-07 04:00:00+00:00,6.48,6.49,6.48,6.49
2026-08-07 04:15:00+00:00,6.49,6.49,6.49,6.49
2026-08-07 04:30:00+00:00,6.49,6.49,6.48,6.49
2026-08-07 04:45:00+00:00,6.49,6.5,6.49,6.5
2026-08-07 05:00:00+00:00,6.51,6.53,6.51,6.53
2026-08-07 05:15:00+00:00,6.54,6.54,6.5,6.51
2026-08-07 05:30:00+00:00,6.5,6.53,6.5,6.53
2026-08-07 05:45:00+00:00,6.53,6.55,6.52,6.54
2026-08-07 06:00:00+00:00,6.55,6.55,6.52,6.52
2026-08-07 06:15:00+00:00,6.52,6.53,6.51,6.51
2026-08-07 06:30:00+00:00,6.52,6.52,6.51,6.52
2026-08-07 06:45:00+00:00,6.52,6.52,6.51,6.52
2026-08-07 07:00:00+00:00,6.51,6.53,6.51,6.52
2026-08-07 07:15:00+00:00,6.53,6.53,6.53,6.53
2026-08-07 07:30:00+00:00,6.53,6.53,6.52,6.52
2026-08-07 07:45:00+00:00,6.52,6.53,6.52,6.53
2026-08-07 08:00:00+00:00,6.53,6.54,6.52,6.52
2026-08-07 08:15:00+00:00,6.52,6.53,6.51,6.52
2026-08-07 08:30:00+00:00,6.53,6.54,6.53,6.53
2026-08-07 08:45:00+00:00,6.53,6.53,6.52,6.52
2026-08-07 09:00:00+00:00,6.52,6.53,6.51,6.53
2026-08-07 09:15:00+00:00,6.52,6.53,6.52,6.52
2026-08-07 09:30:00+00:00,6.52,6.52,6.52,6.52
2026-08-07 09:45:00+00:00,6.51,6.52,6.51,6.51
2026-08-07 10:00:00+00:00,6.51,6.53,6.51,6.53
2026-08-07 10:15:00+00:00,6.52,6.53,6.51,6.51
2026-08-07 10:30:00+00:00,6.51,6.52,6.5,6.5
2026-08-07 10:45:00+00:00,6.5,6.51,6.5,6.5
2026-08-07 11:00:00+00:00,6.5,6.52,6.5,6.52
2026-08-07 11:15:00+00:00,6.52,6.53,6.51,6.53
2026-08-07 11:30:00+00:00,6.53,6.53,6.52,6.52
2026-08-07 11:45:00+00:00,6.51,6.52,6.51,6.52
2026-08-07 12:00:00+00:00,6.52,6.54,6.52,6.54
2026-08-07 12:15:00+00:00,6.54,6.54,6.5,6.51
2026-08-07 12:30:00+00:00,6.52,6.55,6.5,6.51
2026-08-07 12:45:00+00:00,6.51,6.52,6.51,6.52
2026-08-07 13:00:00+00:00,6.52,6.52,6.5,6.5
2026-08-07 13:15:00+00:00,6.51,6.52,6.51,6.51
2026-08-07 13:30:00+00:00,6.51,6.53,6.51,6.52
2026-08-07 13:45:00+00:00,6.52,6.53,6.51,6.52
2026-08-07 14:00:00+00:00,6.52,6.53,6.51,6.52
2026-08-07 14:15:00+00:00,6.51,6.53,6.51,6.53
2026-08-07 14:30:00+00:00,6.53,6.53,6.51,6.51
2026-08-07 14:45:00+00:00,6.51,6.52,6.48,6.48
2026-08-07 15:00:00+00:00,6.49,6.5,6.48,6.5
2026-08-07 15:15:00+00:00,6.49,6.5,6.48,6.48
2026-08-07 15:30:00+00:00,6.49,6.5,6.49,6.5
2026-08-07 15:45:00+00:00,6.51,6.51,6.48,6.49
2026-08-07 16:00:00+00:00,6.5,6.52,6.5,6.52
2026-08-07 16:15:00+00:00,6.51,6.52,6.49,6.49
2026-08-07 16:30:00+00:00,6.49,6.52,6.49,6.51
2026-08-07 16:45:00+00:00,6.52,6.52,6.49,6.49
2026-08-07 17:00:00+00:00,6.49,6.49,6.47,6.48
2026-08-07 17:15:00+00:00,6.48,6.48,6.47,6.47
2026-08-07 17:30:00+00:00,6.47,6.48,6.45,6.48
2026-08-07 17:45:00+00:00,6.47,6.48,6.47,6.47
2026-08-07 18:00:00+00:00,6.47,6.49,6.47,6.48
2026-08-07 18:15:00+00:00,6.49,6.49,6.47,6.47
2026-08-07 18:30:00+00:00,6.47,6.48,6.45,6.45
2026-08-07 18:45:00+00:00,6.46,6.46,6.46,6.46
2026-08-07 19:00:00+00:00,6.46,6.48,6.46,6.47
2026-08-07 19:15:00+00:00,6.48,6.49,6.47,6.48
2026-08-07 19:30:00+00:00,6.48,6.49,6.48,6.48
2026-08-07 19:45:00+00:00,6.48,6.5,6.48,6.5
2026-08-07 20:00:00+00:00,6.49,6.49,6.48,6.49
2026-08-07 20:15:00+00:00,6.49,6.49,6.49,6.49
2026-08-07 20:30:00+00:00,6.48,6.48,6.48,6.48
2026-08-07 20:45:00+00:00,6.48,6.5,6.48,6.5
2026-08-07 21:00:00+00:00,6.49,6.51,6.49,6.49
2026-08-07 21:15:00+00:00,6.49,6.49,6.48,6.48
2026-08-07 21:30:00+00:00,6.48,6.5,6.48,6.5
2026-08-07 21:45:00+00:00,6.49,6.49,6.48,6.49
2026-08-07 22:00:00+00:00,6.48,6.48,6.47,6.47
2026-08-07 22:15:00+00:00,6.48,6.49,6.47,6.48
2026-08-07 22:30:00+00:00,6.48,6.48,6.46,6.46
2026-08-07 22:45:00+00:00,6.46,6.46,6.45,6.45
2026-08-07 23:00:00+00:00,6.46,6.47,6.46,6.47
2026-08-07 23:15:00+00:00,6.47,6.48,6.46,6.47
2026-08-07 23:30:00+00:00,6.47,6.48,6.47,6.48
2026-08-07 23:45:00+00:00,6.48,6.49,6.48,6.48
2026-08-08 00:00:00+00:00,6.49,6.49,6.46,6.46
2026-08-08 00:15:00+00:00,6.46,6.47,6.46,6.47
2026-08-08 00:30:00+00:00,6.46,6.46,6.46,6.46
2026-08-08 00:45:00+00:00,6.47,6.49,6.47,6.48
2026-08-08 01:00:00+00:00,6.47,6.49,6.47,6.49
2026-08-08 01:15:00+00:00,6.49,6.49,6.49,6.49
2026-08-08 01:30:00+00:00,6.49,6.51,6.49,6.51
2026-08-08 01:45:00+00:00,6.51,6.51,6.5,6.51
2026-08-08 02:00:00+00:00,6.51,6.51,6.5,6.5
2026-08-08 02:15:00+00:00,6.5,6.51,6.5,6.5
2026-08-08 02:30:00+00:00,6.5,6.51,6.5,6.51
2026-08-08 02:45:00+00:00,6.51,6.51,6.5,6.5
2026-08-08 03:00:00+00:00,6.51,6.52,6.51,6.51
2026-08-08 03:15:00+00:00,6.52,6.52,6.51,6.51
2026-08-08 03:30:00+00:00,6.52,6.54,6.52,6.52
2026-08-08 03:45:00+00:00,6.52,6.53,6.52,6.53
2026-08-08 04:00:00+00:00,6.52,6.53,6.51,6.52
2026-08-08 04:15:00+00:00,6.52,6.52,6.51,6.51
2026-08-08 04:30:00+00:00,6.51,6.51,6.51,6.51
2026-08-08 04:45:00+00:00,6.51,6.52,6.5,6.51
2026-08-08 05:00:00+00:00,6.52,6.53,6.51,6.52
2026-08-08 05:15:00+00:00,6.53,6.53,6.52,6.52
2026-08-08 05:30:00+00:00,6.52,6.52,6.52,6.52
2026-08-08 05:45:00+00:00,6.52,6.52,6.51,6.51
2026-08-08 06:00:00+00:00,6.52,6.52,6.51,6.51
2026-08-08 06:15:00+00:00,6.51,6.51,6.5,6.51
2026-08-08 06:30:00+00:00,6.51,6.51,6.5,6.51
2026-08-08 06:45:00+00:00,6.52,6.52,6.51,6.52
2026-08-08 07:00:00+00:00,6.52,6.52,6.51,6.51
2026-08-08 07:15:00+00:00,6.51,6.52,6.51,6.52
2026-08-08 07:30:00+00:00,6.52,6.53,6.51,6.52
2026-08-08 07:45:00+00:00,6.53,6.54,6.52,6.52
2026-08-08 08:00:00+00:00,6.52,6.53,6.52,6.52
2026-08-08 08:15:00+00:00,6.52,6.54,6.52,6.54
2026-08-08 08:30:00+00:00,6.55,6.56,6.54,6.54
2026-08-08 08:45:00+00:00,6.54,6.55,6.54,6.54
2026-08-08 09:00:00+00:00,6.55,6.56,6.54,6.54
2026-08-08 09:15:00+00:00,6.54,6.54,6.54,6.54
2026-08-08 09:30:00+00:00,6.54,6.54,6.51,6.52
2026-08-08 09:45:00+00:00,6.53,6.53,6.52,6.53
2026-08-08 10:00:00+00:00,6.53,6.54,6.53,6.53
2026-08-08 10:15:00+00:00,6.53,6.54,6.53,6.53
2026-08-08 10:30:00+00:00,6.53,6.53,6.52,6.52
2026-08-08 10:45:00+00:00,6.52,6.54,6.52,6.53
2026-08-08 11:00:00+00:00,6.53,6.54,6.52,6.52
2026-08-08 11:15:00+00:00,6.52,6.52,6.51,6.51
2026-08-08 11:30:00+00:00,6.51,6.52,6.5,6.5
2026-08-08 11:45:00+00:00,6.5,6.52,6.5,6.51
2026-08-08 12:00:00+00:00,6.5,6.52,6.5,6.51
2026-08-08 12:15:00+00:00,6.51,6.52,6.51,6.51
2026-08-08 12:30:00+00:00,6.51,6.52,6.51,6.51
2026-08-08 12:45:00+00:00,6.51,6.52,6.51,6.52
2026-08-08 13:00:00+00:00,6.51,6.52,6.51,6.51
2026-08-08 13:15:00+00:00,6.51,6.51,6.5,6.5
2026-08-08 13:30:00+00:00,6.51,6.51,6.5,6.5
2026-08-08 13:45:00+00:00,6.5,6.52,6.5,6.52
2026-08-08 14:00:00+00:00,6.51,6.52,6.5,6.51
2026-08-08 14:15:00+00:00,6.5,6.53,6.5,6.52
2026-08-08 14:30:00+00:00,6.52,6.53,6.51,6.52
2026-08-08 14:45:00+00:00,6.53,6.54,6.52,6.54
2026-08-08 15:00:00+00:00,6.54,6.55,6.53,6.53
2026-08-08 15:15:00+00:00,6.53,6.54,6.53,6.53
2026-08-08 15:30:00+00:00,6.53,6.53,6.53,6.53
2026-08-08 15:45:00+00:00,6.53,6.55,6.53,6.55
2026-08-08 16:00:00+00:00,6.55,6.56,6.54,6.54
2026-08-08 16:15:00+00:00,6.54,6.55,6.54,6.55
2026-08-08 16:30:00+00:00,6.54,6.55,6.54,6.54
2026-08-08 16:45:00+00:00,6.54,6.59,6.54,6.58
2026-08-08 17:00:00+00:00,6.57,6.57,6.56,6.56
2026-08-08 17:15:00+00:00,6.56,6.58,6.56,6.57
2026-08-08 17:30:00+00:00,6.57,6.59,6.56,6.57
2026-08-08 17:45:00+00:00,6.57,6.58,6.56,6.56
2026-08-08 18:00:00+00:00,6.57,6.57,6.53,6.54
2026-08-08 18:15:00+00:00,6.54,6.55,6.53,6.54
2026-08-08 18:30:00+00:00,6.54,6.55,6.54,6.54
2026-08-08 18:45:00+00:00,6.54,6.55,6.54,6.54
2026-08-08 19:00:00+00:00,6.54,6.54,6.53,6.53
2026-08-08 19:15:00+00:00,6.53,6.54,6.52,6.52
2026-08-08 19:30:00+00:00,6.52,6.53,6.52,6.53
2026-08-08 19:45:00+00:00,6.53,6.54,6.52,6.52
2026-08-08 20:00:00+00:00,6.52,6.54,6.52,6.53
2026-08-08 20:15:00+00:00,6.54,6.54,6.53,6.53
2026-08-08 20:30:00+00:00,6.53,6.55,6.53,6.54
2026-08-08 20:45:00+00:00,6.54,6.54,6.52,6.53
2026-08-08 21:00:00+00:00,6.53,6.54,6.53,6.54
2026-08-08 21:15:00+00:00,6.53,6.54,6.52,6.53
2026-08-08 21:30:00+00:00,6.53,6.55,6.53,6.53
2026-08-08 21:45:00+00:00,6.53,6.54,6.53,6.53
2026-08-08 22:00:00+00:00,6.53,6.54,6.52,6.52
2026-08-08 22:15:00+00:00,6.52,6.53,6.51,6.52
2026-08-08 22:30:00+00:00,6.52,6.53,6.52,6.52
2026-08-08 22:45:00+00:00,6.52,6.52,6.51,6.51
2026-08-08 23:00:00+00:00,6.51,6.52,6.51,6.51
2026-08-08 23:15:00+00:00,6.51,6.52,6.51,6.51
2026-08-08 23:30:00+00:00,6.51,6.53,6.51,6.53
2026-08-08 23:45:00+00:00,6.52,6.53,6.51,6.51
2026-08-09 00:00:00+00:00,6.51,6.52,6.51,6.52
2026-08-09 00:15:00+00:00,6.52,6.53,6.51,6.53
2026-08-09 00:30:00+00:00,6.52,6.53,6.51,6.52
2026-08-09 00:45:00+00:00,6.52,6.52,6.51,6.52
2026-08-09 01:00:00+00:00,6.51,6.52,6.51,6.51
2026-08-09 01:15:00+00:00,6.51,6.51,6.49,6.49
2026-08-09 01:30:00+00:00,6.49,6.5,6.49,6.49
2026-08-09 01:45:00+00:00,6.49,6.49,6.48,6.49
2026-08-09 02:00:00+00:00,6.49,6.5,6.47,6.49
2026-08-09 02:15:00+00:00,6.49,6.51,6.49,6.5
2026-08-09 02:30:00+00:00,6.5,6.5,6.49,6.49
2026-08-09 02:45:00+00:00,6.49,6.5,6.49,6.49
2026-08-09 03:00:00+00:00,6.49,6.5,6.48,6.48
2026-08-09 03:15:00+00:00,6.48,6.5,6.48,6.5
2026-08-09 03:30:00+00:00,6.5,6.5,6.49,6.49
2026-08-09 03:45:00+00:00,6.49,6.5,6.49,6.49
2026-08-09 04:00:00+00:00,6.49,6.51,6.49,6.51
2026-08-09 04:15:00+00:00,6.5,6.52,6.5,6.51
2026-08-09 04:30:00+00:00,6.51,6.51,6.49,6.5
2026-08-09 04:45:00+00:00,6.5,6.51,6.49,6.49
2026-08-09 05:00:00+00:00,6.49,6.51,6.49,6.5
2026-08-09 05:15:00+00:00,6.5,6.5,6.48,6.48
2026-08-09 05:30:00+00:00,6.48,6.49,6.47,6.48
2026-08-09 05:45:00+00:00,6.48,6.49,6.48,6.48
2026-08-09 06:00:00+00:00,6.48,6.5,6.48,6.49
2026-08-09 06:15:00+00:00,6.49,6.5,6.49,6.5
2026-08-09 06:30:00+00:00,6.5,6.51,6.5,6.5
2026-08-09 06:45:00+00:00,6.5,6.51,6.5,6.5
2026-08-09 07:00:00+00:00,6.5,6.5,6.49,6.49
2026-08-09 07:15:00+00:00,6.49,6.5,6.49,6.5
2026-08-09 07:30:00+00:00,6.5,6.51,6.49,6.49
2026-08-09 07:45:00+00:00,6.49,6.5,6.48,6.5
2026-08-09 08:00:00+00:00,6.5,6.51,6.5,6.5
2026-08-09 08:15:00+00:00,6.5,6.5,6.49,6.49
2026-08-09 08:30:00+00:00,6.49,6.5,6.48,6.48
2026-08-09 08:45:00+00:00,6.48,6.49,6.48,6.49
2026-08-09 09:00:00+00:00,6.49,6.5,6.48,6.48
2026-08-09 09:15:00+00:00,6.49,6.49,6.48,6.48
2026-08-09 09:30:00+00:00,6.48,6.49,6.48,6.48
2026-08-09 09:45:00+00:00,6.48,6.5,6.48,6.49
2026-08-09 10:00:00+00:00,6.49,6.49,6.49,6.49
2026-08-09 10:15:00+00:00,6.49,6.5,6.49,6.5
2026-08-09 10:30:00+00:00,6.49,6.5,6.49,6.49
2026-08-09 10:45:00+00:00,6.49,6.49,6.48,6.48
2026-08-09 11:00:00+00:00,6.48,6.49,6.48,6.48
2026-08-09 11:15:00+00:00,6.48,6.5,6.48,6.48
2026-08-09 11:30:00+00:00,6.48,6.49,6.48,6.48
2026-08-09 11:45:00+00:00,6.48,6.5,6.48,6.49
2026-08-09 12:00:00+00:00,6.49,6.49,6.48,6.49
2026-08-09 12:15:00+00:00,6.49,6.53,6.49,6.51
2026-08-09 12:30:00+00:00,6.51,6.51,6.49,6.5
2026-08-09 12:45:00+00:00,6.5,6.51,6.5,6.51
2026-08-09 13:00:00+00:00,6.5,6.51,6.5,6.51
2026-08-09 13:15:00+00:00,6.51,6.53,6.51,6.52
2026-08-09 13:30:00+00:00,6.52,6.53,6.5,6.51
2026-08-09 13:45:00+00:00,6.51,6.52,6.5,6.51
2026-08-09 14:00:00+00:00,6.51,6.52,6.51,6.51
2026-08-09 14:15:00+00:00,6.51,6.52,6.51,6.51
2026-08-09 14:30:00+00:00,6.51,6.52,6.51,6.51
2026-08-09 14:45:00+00:00,6.51,6.52,6.51,6.52
2026-08-09 15:00:00+00:00,6.52,6.54,6.52,6.53
2026-08-09 15:15:00+00:00,6.53,6.53,6.52,6.52
2026-08-09 15:30:00+00:00,6.53,6.53,6.52,6.52
2026-08-09 15:45:00+00:00,6.52,6.53,6.52,6.53
2026-08-09 16:00:00+00:00,6.52,6.53,6.52,6.52
2026-08-09 16:15:00+00:00,6.52,6.53,6.51,6.53
2026-08-09 16:30:00+00:00,6.52,6.53,6.52,6.53
2026-08-09 16:45:00+00:00,6.53,6.53,6.51,6.51
2026-08-09 17:00:00+00:00,6.51,6.52,6.51,6.51
2026-08-09 17:15:00+00:00,6.51,6.52,6.51,6.51
2026-08-09 17:30:00+00:00,6.51,6.51,6.5,6.51
2026-08-09 17:45:00+00:00,6.51,6.51,6.49,6.5
2026-08-09 18:00:00+00:00,6.5,6.51,6.5,6.5
2026-08-09 18:15:00+00:00,6.5,6.5,6.49,6.49
2026-08-09 18:30:00+00:00,6.49,6.49,6.49,6.49
2026-08-09 18:45:00+00:00,6.49,6.5,6.49,6.49
2026-08-09 19:00:00+00:00,6.49,6.49,6.48,6.48
2026-08-09 19:15:00+00:00,6.48,6.5,6.48,6.5
2026-08-09 19:30:00+00:00,6.49,6.5,6.49,6.49
2026-08-09 19:45:00+00:00,6.49,6.5,6.49,6.49
2026-08-09 20:00:00+00:00,6.49,6.5,6.48,6.48
2026-08-09 20:15:00+00:00,6.48,6.5,6.48,6.49
2026-08-09 20:30:00+00:00,6.49,6.5,6.49,6.5
2026-08-09 20:45:00+00:00,6.49,6.49,6.49,6.49
2026-08-09 21:00:00+00:00,6.49,6.49,6.49,6.49
2026-08-09 21:15:00+00:00,6.49,6.5,6.49,6.49
2026-08-09 21:30:00+00:00,6.5,6.51,6.5,6.5
2026-08-09 21:45:00+00:00,6.5,6.51,6.5,6.5
2026-08-09 22:00:00+00:00,6.5,6.54,6.5,6.52
2026-08-09 22:15:00+00:00,6.53,6.53,6.5,6.5
2026-08-09 22:30:00+00:00,6.51,6.51,6.48,6.49
2026-08-09 22:45:00+00:00,6.48,6.48,6.46,6.47
2026-08-09 23:00:00+00:00,6.47,6.47,6.46,6.47
2026-08-09 23:15:00+00:00,6.46,6.47,6.42,6.43
2026-08-09 23:30:00+00:00,6.43,6.43,6.41,6.42
2026-08-09 23:45:00+00:00,6.43,6.43,6.41,6.42
2026-08-10 00:00:00+00:00,6.43,6.47,6.4,6.46
2026-08-10 00:15:00+00:00,6.45,6.45,6.43,6.45
2026-08-10 00:30:00+00:00,6.44,6.46,6.44,6.45
2026-08-10 00:45:00+00:00,6.45,6.48,6.45,6.45
2026-08-10 01:00:00+00:00,6.45,6.47,6.45,6.46
2026-08-10 01:15:00+00:00,6.46,6.47,6.46,6.46
2026-08-10 01:30:00+00:00,6.46,6.47,6.45,6.46
2026-08-10 01:45:00+00:00,6.46,6.51,6.46,6.49
2026-08-10 02:00:00+00:00,6.49,6.49,6.47,6.47
2026-08-10 02:15:00+00:00,6.48,6.48,6.45,6.45
2026-08-10 02:30:00+00:00,6.46,6.5,6.46,6.5
2026-08-10 02:45:00+00:00,6.49,6.52,6.49,6.51
2026-08-10 03:00:00+00:00,6.52,6.53,6.49,6.49
2026-08-10 03:15:00+00:00,6.49,6.51,6.48,6.5
2026-08-10 03:30:00+00:00,6.49,6.5,6.48,6.48
2026-08-10 03:45:00+00:00,6.48,6.5,6.48,6.5
2026-08-10 04:00:00+00:00,6.5,6.51,6.5,6.51
2026-08-10 04:15:00+00:00,6.51,6.54,6.51,6.52
2026-08-10 04:30:00+00:00,6.53,6.53,6.5,6.51
2026-08-10 04:45:00+00:00,6.51,6.53,6.5,6.52
2026-08-10 05:00:00+00:00,6.51,6.51,6.49,6.49
2026-08-10 05:15:00+00:00,6.5,6.53,6.49,6.53
2026-08-10 05:30:00+00:00,6.53,6.53,6.51,6.52
2026-08-10 05:45:00+00:00,6.52,6.54,6.51,6.54
2026-08-10 06:00:00+00:00,6.54,6.55,6.52,6.52
2026-08-10 06:15:00+00:00,6.52,6.52,6.51,6.51
2026-08-10 06:30:00+00:00,6.51,6.54,6.51,6.53
2026-08-10 06:45:00+00:00,6.53,6.53,6.51,6.53
2026-08-10 07:00:00+00:00,6.54,6.54,6.52,6.52
2026-08-10 07:15:00+00:00,6.52,6.54,6.52,6.52
2026-08-10 07:30:00+00:00,6.52,6.53,6.52,6.52
2026-08-10 07:45:00+00:00,6.52,6.52,6.5,6.52
2026-08-10 08:00:00+00:00,6.53,6.54,6.52,6.52
2026-08-10 08:15:00+00:00,6.52,6.53,6.52,6.53
2026-08-10 08:30:00+00:00,6.52,6.53,6.51,6.51
2026-08-10 08:45:00+00:00,6.51,6.51,6.51,6.51
2026-08-10 09:00:00+00:00,6.52,6.52,6.51,6.51
2026-08-10 09:15:00+00:00,6.51,6.51,6.5,6.5
2026-08-10 09:30:00+00:00,6.5,6.51,6.48,6.51
2026-08-10 09:45:00+00:00,6.52,6.52,6.5,6.5
2026-08-10 10:00:00+00:00,6.5,6.51,6.49,6.5
2026-08-10 10:15:00+00:00,6.49,6.5,6.49,6.49
2026-08-10 10:30:00+00:00,6.49,6.5,6.49,6.5
2026-08-10 10:45:00+00:00,6.5,6.51,6.5,6.5
2026-08-10 11:00:00+00:00,6.5,6.5,6.49,6.49
2026-08-10 11:15:00+00:00,6.49,6.51,6.49,6.51
2026-08-10 11:30:00+00:00,6.51,6.52,6.51,6.51
2026-08-10 11:45:00+00:00,6.51,6.52,6.51,6.51
2026-08-10 12:00:00+00:00,6.51,6.53,6.51,6.51
2026-08-10 12:15:00+00:00,6.51,6.53,6.5,6.5
2026-08-10 12:30:00+00:00,6.5,6.52,6.5,6.51
2026-08-10 12:45:00+00:00,6.51,6.52,6.5,6.51
2026-08-10 13:00:00+00:00,6.5,6.52,6.5,6.51
2026-08-10 13:15:00+00:00,6.51,6.52,6.51,6.51
2026-08-10 13:30:00+00:00,6.51,6.51,6.5,6.51
2026-08-10 13:45:00+00:00,6.52,6.52,6.5,6.51
2026-08-10 14:00:00+00:00,6.52,6.52,6.5,6.51
2026-08-10 14:15:00+00:00,6.51,6.51,6.5,6.51
2026-08-10 14:30:00+00:00,6.5,6.52,6.5,6.51
2026-08-10 14:45:00+00:00,6.5,6.51,6.48,6.49
2026-08-10 15:00:00+00:00,6.48,6.49,6.46,6.46
2026-08-10 15:15:00+00:00,6.46,6.48,6.45,6.47
2026-08-10 15:30:00+00:00,6.47,6.48,6.45,6.46
2026-08-10 15:45:00+00:00,6.46,6.48,6.45,6.46
2026-08-10 16:00:00+00:00,6.46,6.46,6.44,6.44
2026-08-10 16:15:00+00:00,6.44,6.45,6.43,6.43
2026-08-10 16:30:00+00:00,6.43,6.44,6.43,6.43
2026-08-10 16:45:00+00:00,6.43,6.44,6.38,6.39
2026-08-10 17:00:00+00:00,6.4,6.43,6.38,6.43
2026-08-10 17:15:00+00:00,6.43,6.43,6.42,6.42
2026-08-10 17:30:00+00:00,6.43,6.45,6.43,6.44
2026-08-10 17:45:00+00:00,6.43,6.44,6.43,6.43
2026-08-10 18:00:00+00:00,6.43,6.44,6.43,6.43
2026-08-10 18:15:00+00:00,6.43,6.44,6.42,6.43
2026-08-10 18:30:00+00:00,6.43,6.43,6.42,6.42
2026-08-10 18:45:00+00:00,6.42,6.42,6.41,6.41
2026-08-10 19:00:00+00:00,6.41,6.42,6.4,6.41
2026-08-10 19:15:00+00:00,6.42,6.42,6.41,6.42
2026-08-10 19:30:00+00:00,6.42,6.43,6.41,6.42
2026-08-10 19:45:00+00:00,6.42,6.42,6.4,6.4
2026-08-10 20:00:00+00:00,6.4,6.41,6.39,6.4
2026-08-10 20:15:00+00:00,6.4,6.42,6.4,6.41
2026-08-10 20:30:00+00:00,6.42,6.42,6.39,6.4
2026-08-10 20:45:00+00:00,6.39,6.4,6.38,6.38
2026-08-10 21:00:00+00:00,6.38,6.4,6.38,6.38
2026-08-10 21:15:00+00:00,6.38,6.39,6.38,6.39
2026-08-10 21:30:00+00:00,6.39,6.41,6.39,6.4
2026-08-10 21:45:00+00:00,6.4,6.41,6.39,6.39
2026-08-10 22:00:00+00:00,6.39,6.41,6.38,6.41
2026-08-10 22:15:00+00:00,6.41,6.42,6.39,6.4
2026-08-10 22:30:00+00:00,6.4,6.41,6.39,6.4
2026-08-10 22:45:00+00:00,6.39,6.4,6.39,6.39
2026-08-10 23:00:00+00:00,6.39,6.39,6.38,6.39
2026-08-10 23:15:00+00:00,6.39,6.4,6.38,6.38
2026-08-10 23:30:00+00:00,6.38,6.39,6.38,6.39
2026-08-10 23:45:00+00:00,6.39,6.4,6.39,6.4
2026-08-11 00:00:00+00:00,6.4,6.4,6.39,6.39
2026-08-11 00:15:00+00:00,6.39,6.42,6.39,6.42
2026-08-11 00:30:00+00:00,6.41,6.42,6.4,6.41
2026-08-11 00:45:00+00:00,6.41,6.41,6.39,6.39
2026-08-11 01:00:00+00:00,6.39,6.41,6.38,6.4
2026-08-11 01:15:00+00:00,6.4,6.42,6.39,6.41
2026-08-11 01:30:00+00:00,6.41,6.41,6.39,6.4
2026-08-11 01:45:00+00:00,6.4,6.44,6.4,6.43
2026-08-11 02:00:00+00:00,6.42,6.45,6.4,6.41
2026-08-11 02:15:00+00:00,6.41,6.42,6.41,6.42
2026-08-11 02:30:00+00:00,6.41,6.43,6.41,6.42
2026-08-11 02:45:00+00:00,6.42,6.43,6.41,6.42
2026-08-11 03:00:00+00:00,6.42,6.44,6.41,6.41
2026-08-11 03:15:00+00:00,6.41,6.41,6.41,6.41
2026-08-11 03:30:00+00:00,6.41,6.41,6.39,6.39
2026-08-11 03:45:00+00:00,6.39,6.4,6.39,6.39
2026-08-11 04:00:00+00:00,6.39,6.4,6.38,6.39
2026-08-11 04:15:00+00:00,6.39,6.4,6.39,6.39
2026-08-11 04:30:00+00:00,6.39,6.39,6.39,6.39
2026-08-11 04:45:00+00:00,6.4,6.41,6.39,6.4
2026-08-11 05:00:00+00:00,6.4,6.41,6.4,6.41
2026-08-11 05:15:00+00:00,6.41,6.41,6.39,6.4
2026-08-11 05:30:00+00:00,6.4,6.41,6.4,6.41
2026-08-11 05:45:00+00:00,6.41,6.42,6.41,6.41
2026-08-11 06:00:00+00:00,6.41,6.42,6.4,6.42
2026-08-11 06:15:00+00:00,6.41,6.42,6.41,6.41
2026-08-11 06:30:00+00:00,6.41,6.42,6.41,6.41
2026-08-11 06:45:00+00:00,6.41,6.42,6.4,6.41
2026-08-11 07:00:00+00:00,6.41,6.41,6.39,6.4
2026-08-11 07:15:00+00:00,6.39,6.39,6.39,6.39
2026-08-11 07:30:00+00:00,6.39,6.41,6.39,6.4
2026-08-11 07:45:00+00:00,6.41,6.42,6.4,6.4
2026-08-11 08:00:00+00:00,6.4,6.41,6.4,6.4
2026-08-11 08:15:00+00:00,6.4,6.41,6.4,6.41
2026-08-11 08:30:00+00:00,6.4,6.41,6.4,6.41
2026-08-11 08:45:00+00:00,6.41,6.41,6.39,6.39
2026-08-11 09:00:00+00:00,6.4,6.41,6.39,6.4
2026-08-11 09:15:00+00:00,6.39,6.41,6.38,6.4
2026-08-11 09:30:00+00:00,6.39,6.4,6.39,6.4
2026-08-11 09:45:00+00:00,6.4,6.41,6.39,6.4
2026-08-11 10:00:00+00:00,6.4,6.41,6.39,6.39
2026-08-11 10:15:00+00:00,6.39,6.39,6.39,6.39
2026-08-11 10:30:00+00:00,6.39,6.4,6.38,6.38
2026-08-11 10:45:00+00:00,6.39,6.4,6.39,6.39
2026-08-11 11:00:00+00:00,6.4,6.41,6.39,6.39
2026-08-11 11:15:00+00:00,6.39,6.4,6.39,6.4
2026-08-11 11:30:00+00:00,6.4,6.4,6.39,6.39
2026-08-11 11:45:00+00:00,6.4,6.41,6.39,6.4
2026-08-11 12:00:00+00:00,6.41,6.42,6.4,6.41
2026-08-11 12:15:00+00:00,6.41,6.42,6.39,6.39
2026-08-11 12:30:00+00:00,6.4,6.4,6.4,6.4
2026-08-11 12:45:00+00:00,6.41,6.42,6.4,6.42
2026-08-11 13:00:00+00:00,6.41,6.42,6.4,6.41
2026-08-11 13:15:00+00:00,6.42,6.42,6.4,6.42
2026-08-11 13:30:00+00:00,6.41,6.42,6.4,6.41
2026-08-11 13:45:00+00:00,6.41,6.43,6.4,6.42
2026-08-11 14:00:00+00:00,6.42,6.43,6.41,6.43
2026-08-11 14:15:00+00:00,6.43,6.45,6.41,6.43
2026-08-11 14:30:00+00:00,6.42,6.44,6.41,6.41
2026-08-11 14:45:00+00:00,6.41,6.42,6.34,6.37
2026-08-11 15:00:00+00:00,6.36,6.37,6.34,6.35
2026-08-11 15:15:00+00:00,6.34,6.37,6.34,6.37
2026-08-11 15:30:00+00:00,6.36,6.36,6.28,6.3
2026-08-11 15:45:00+00:00,6.3,6.31,6.29,6.31
2026-08-11 16:00:00+00:00,6.31,6.34,6.28,6.33
2026-08-11 16:15:00+00:00,6.34,6.35,6.33,6.33
2026-08-11 16:30:00+00:00,6.33,6.34,6.33,6.33
2026-08-11 16:45:00+00:00,6.34,6.34,6.33,6.33
2026-08-11 17:00:00+00:00,6.34,6.34,6.33,6.33
2026-08-11 17:15:00+00:00,6.33,6.34,6.33,6.33
2026-08-11 17:30:00+00:00,6.33,6.34,6.32,6.33
2026-08-11 17:45:00+00:00,6.33,6.33,6.33,6.33
2026-08-11 18:00:00+00:00,6.32,6.34,6.31,6.33
2026-08-11 18:15:00+00:00,6.33,6.34,6.32,6.32
2026-08-11 18:30:00+00:00,6.32,6.33,6.31,6.33
2026-08-11 18:45:00+00:00,6.33,6.34,6.32,6.33
2026-08-11 19:00:00+00:00,6.33,6.33,6.32,6.32
2026-08-11 19:15:00+00:00,6.32,6.35,6.32,6.34
2026-08-11 19:30:00+00:00,6.34,6.34,6.34,6.34
2026-08-11 19:45:00+00:00,6.34,6.35,6.34,6.34
2026-08-11 20:00:00+00:00,6.35,6.38,6.34,6.38
2026-08-11 20:15:00+00:00,6.37,6.38,6.36,6.37
2026-08-11 20:30:00+00:00,6.37,6.39,6.36,6.37
2026-08-11 20:45:00+00:00,6.37,6.39,6.37,6.37
2026-08-11 21:00:00+00:00,6.37,6.38,6.37,6.37
2026-08-11 21:15:00+00:00,6.37,6.37,6.36,6.36
2026-08-11 21:30:00+00:00,6.36,6.38,6.36,6.37
2026-08-11 21:45:00+00:00,6.37,6.38,6.37,6.38
2026-08-11 22:00:00+00:00,6.39,6.41,6.38,6.39
2026-08-11 22:15:00+00:00,6.39,6.39,6.38,6.39
2026-08-11 22:30:00+00:00,6.39,6.4,6.38,6.38
2026-08-11 22:45:00+00:00,6.38,6.4,6.38,6.4
2026-08-11 23:00:00+00:00,6.39,6.4,6.38,6.38
2026-08-11 23:15:00+00:00,6.38,6.38,6.38,6.38
2026-08-11 23:30:00+00:00,6.39,6.39,6.37,6.38
2026-08-11 23:45:00+00:00,6.39,6.39,6.38,6.38
2026-08-12 00:00:00+00:00,6.38,6.4,6.38,6.4
2026-08-12 00:15:00+00:00,6.4,6.4,6.38,6.38
2026-08-12 00:30:00+00:00,6.38,6.39,6.37,6.38
2026-08-12 00:45:00+00:00,6.38,6.39,6.38,6.38
2026-08-12 01:00:00+00:00,6.38,6.4,6.38,6.39
2026-08-12 01:15:00+00:00,6.4,6.4,6.39,6.39
2026-08-12 01:30:00+00:00,6.38,6.41,6.38,6.41
2026-08-12 01:45:00+00:00,6.4,6.41,6.4,6.4
2026-08-12 02:00:00+00:00,6.41,6.41,6.39,6.39
2026-08-12 02:15:00+00:00,6.39,6.39,6.38,6.39
2026-08-12 02:30:00+00:00,6.38,6.38,6.37,6.37
2026-08-12 02:45:00+00:00,6.37,6.38,6.37,6.37
2026-08-12 03:00:00+00:00,6.37,6.39,6.37,6.37
2026-08-12 03:15:00+00:00,6.37,6.39,6.37,6.37
2026-08-12 03:30:00+00:00,6.37,6.39,6.37,6.37
2026-08-12 03:45:00+00:00,6.37,6.38,6.37,6.37
2026-08-12 04:00:00+00:00,6.36,6.38,6.36,6.37
2026-08-12 04:15:00+00:00,6.37,6.39,6.37,6.37
2026-08-12 04:30:00+00:00,6.37,6.37,6.37,6.37
2026-08-12 04:45:00+00:00,6.37,6.38,6.37,6.37
2026-08-12 05:00:00+00:00,6.37,6.39,6.37,6.39
2026-08-12 05:15:00+00:00,6.38,6.39,6.38,6.38
2026-08-12 05:30:00+00:00,6.38,6.39,6.38,6.38
2026-08-12 05:45:00+00:00,6.38,6.39,6.38,6.38
2026-08-12 06:00:00+00:00,6.38,6.38,6.37,6.37
2026-08-12 06:15:00+00:00,6.37,6.38,6.35,6.36
2026-08-12 06:30:00+00:00,6.36,6.36,6.34,6.35
2026-08-12 06:45:00+00:00,6.35,6.36,6.34,6.35
2026-08-12 07:00:00+00:00,6.36,6.36,6.35,6.35
2026-08-12 07:15:00+00:00,6.36,6.36,6.34,6.34
2026-08-12 07:30:00+00:00,6.34,6.35,6.33,6.34
2026-08-12 07:45:00+00:00,6.34,6.34,6.31,6.33
2026-08-12 08:00:00+00:00,6.33,6.34,6.33,6.33
2026-08-12 08:15:00+00:00,6.32,6.34,6.32,6.33
2026-08-12 08:30:00+00:00,6.33,6.33,6.32,6.32
2026-08-12 08:45:00+00:00,6.32,6.33,6.31,6.33
2026-08-12 09:00:00+00:00,6.32,6.34,6.32,6.33
2026-08-12 09:15:00+00:00,6.33,6.36,6.33,6.36
2026-08-12 09:30:00+00:00,6.37,6.37,6.36,6.36
2026-08-12 09:45:00+00:00,6.36,6.39,6.36,6.39
2026-08-12 10:00:00+00:00,6.39,6.41,6.38,6.4
2026-08-12 10:15:00+00:00,6.39,6.4,6.38,6.39
2026-08-12 10:30:00+00:00,6.39,6.41,6.38,6.4
2026-08-12 10:45:00+00:00,6.4,6.42,6.4,6.42
2026-08-12 11:00:00+00:00,6.43,6.43,6.4,6.42
2026-08-12 11:15:00+00:00,6.42,6.43,6.41,6.43
2026-08-12 11:30:00+00:00,6.43,6.44,6.42,6.43
2026-08-12 11:45:00+00:00,6.43,6.49,6.43,6.47
2026-08-12 12:00:00+00:00,6.46,6.49,6.46,6.48
2026-08-12 12:15:00+00:00,6.48,6.5,6.46,6.47
2026-08-12 12:30:00+00:00,6.48,6.5,6.45,6.47
2026-08-12 12:45:00+00:00,6.48,6.49,6.45,6.45
2026-08-12 13:00:00+00:00,6.45,6.46,6.43,6.45
2026-08-12 13:15:00+00:00,6.44,6.45,6.41,6.42
2026-08-12 13:30:00+00:00,6.42,6.42,6.41,6.42
2026-08-12 13:45:00+00:00,6.41,6.41,6.38,6.4
2026-08-12 14:00:00+00:00,6.4,6.41,6.37,6.38
2026-08-12 14:15:00+00:00,6.37,6.38,6.34,6.35
2026-08-12 14:30:00+00:00,6.35,6.36,6.35,6.36
2026-08-12 14:45:00+00:00,6.36,6.37,6.34,6.34
2026-08-12 15:00:00+00:00,6.33,6.36,6.33,6.36
2026-08-12 15:15:00+00:00,6.35,6.37,6.35,6.35
2026-08-12 15:30:00+00:00,6.35,6.36,6.34,6.34
2026-08-12 15:45:00+00:00,6.34,6.36,6.34,6.34
2026-08-12 16:00:00+00:00,6.34,6.35,6.33,6.35
2026-08-12 16:15:00+00:00,6.35,6.36,6.35,6.36
2026-08-12 16:30:00+00:00,6.35,6.36,6.35,6.35
2026-08-12 16:45:00+00:00,6.35,6.36,6.34,6.35
2026-08-12 17:00:00+00:00,6.35,6.35,6.34,6.34
2026-08-12 17:15:00+00:00,6.34,6.35,6.31,6.32
2026-08-12 17:30:00+00:00,6.32,6.34,6.32,6.32
2026-08-12 17:45:00+00:00,6.32,6.33,6.32,6.32
2026-08-12 18:00:00+00:00,6.32,6.33,6.32,6.32
2026-08-12 18:15:00+00:00,6.32,6.32,6.31,6.31
2026-08-12 18:30:00+00:00,6.31,6.32,6.31,6.32
2026-08-12 18:45:00+00:00,6.32,6.33,6.31,6.32
2026-08-12 19:00:00+00:00,6.31,6.33,6.31,6.31
2026-08-12 19:15:00+00:00,6.31,6.32,6.3,6.32
2026-08-12 19:30:00+00:00,6.31,6.32,6.3,6.31
2026-08-12 19:45:00+00:00,6.31,6.32,6.31,6.31
2026-08-12 20:00:00+00:00,6.31,6.32,6.31,6.32
2026-08-12 20:15:00+00:00,6.32,6.33,6.31,6.32
2026-08-12 20:30:00+00:00,6.32,6.34,6.32,6.33
2026-08-12 20:45:00+00:00,6.33,6.33,6.32,6.32
2026-08-12 21:00:00+00:00,6.32,6.33,6.32,6.32
2026-08-12 21:15:00+00:00,6.32,6.33,6.23,6.27
2026-08-12 21:30:00+00:00,6.26,6.27,6.25,6.27
2026-08-12 21:45:00+00:00,6.26,6.27,6.18,6.21
2026-08-12 22:00:00+00:00,6.2,6.21,6.13,6.2
2026-08-12 22:15:00+00:00,6.2,6.23,6.2,6.23
2026-08-12 22:30:00+00:00,6.22,6.22,6.21,6.21
2026-08-12 22:45:00+00:00,6.21,6.24,6.21,6.23
2026-08-12 23:00:00+00:00,6.23,6.24,6.22,6.24
2026-08-12 23:15:00+00:00,6.24,6.25,6.22,6.23
2026-08-12 23:30:00+00:00,6.23,6.25,6.23,6.24
2026-08-12 23:45:00+00:00,6.24,6.25,6.23,6.24
2026-08-13 00:00:00+00:00,6.25,6.26,6.23,6.25
2026-08-13 00:15:00+00:00,6.25,6.26,6.24,6.24
2026-08-13 00:30:00+00:00,6.24,6.25,6.22,6.22
2026-08-13 00:45:00+00:00,6.21,6.23,6.19,6.21
2026-08-13 01:00:00+00:00,6.21,6.23,6.21,6.23
2026-08-13 01:15:00+00:00,6.23,6.24,6.22,6.24
2026-08-13 01:30:00+00:00,6.23,6.25,6.23,6.24
2026-08-13 01:45:00+00:00,6.23,6.25,6.23,6.23
2026-08-13 02:00:00+00:00,6.24,6.24,6.24,6.24
2026-08-13 02:15:00+00:00,6.24,6.26,6.24,6.24
2026-08-13 02:30:00+00:00,6.24,6.25,6.23,6.25
2026-08-13 02:45:00+00:00,6.24,6.27,6.24,6.26
2026-08-13 03:00:00+00:00,6.27,6.28,6.27,6.28
2026-08-13 03:15:00+00:00,6.28,6.3,6.28,6.3
2026-08-13 03:30:00+00:00,6.3,6.3,6.29,6.29
2026-08-13 03:45:00+00:00,6.29,6.31,6.29,6.3
2026-08-13 04:00:00+00:00,6.3,6.31,6.28,6.28
2026-08-13 04:15:00+00:00,6.28,6.29,6.27,6.27
2026-08-13 04:30:00+00:00,6.27,6.29,6.27,6.28
2026-08-13 04:45:00+00:00,6.28,6.29,6.28,6.28
2026-08-13 05:00:00+00:00,6.28,6.29,6.27,6.28
2026-08-13 05:15:00+00:00,6.28,6.3,6.28,6.29
2026-08-13 05:30:00+00:00,6.29,6.3,6.29,6.29
2026-08-13 05:45:00+00:00,6.29,6.3,6.29,6.29
2026-08-13 06:00:00+00:00,6.29,6.29,6.28,6.29
2026-08-13 06:15:00+00:00,6.29,6.3,6.29,6.29
2026-08-13 06:30:00+00:00,6.29,6.3,6.29,6.29
2026-08-13 06:45:00+00:00,6.29,6.31,6.29,6.3
2026-08-13 07:00:00+00:00,6.3,6.31,6.3,6.3
2026-08-13 07:15:00+00:00,6.3,6.32,6.29,6.32
2026-08-13 07:30:00+00:00,6.32,6.32,6.29,6.29
2026-08-13 07:45:00+00:00,6.29,6.29,6.28,6.28
2026-08-13 08:00:00+00:00,6.29,6.29,6.28,6.28
2026-08-13 08:15:00+00:00,6.27,6.29,6.27,6.28
2026-08-13 08:30:00+00:00,6.28,6.29,6.28,6.28
2026-08-13 08:45:00+00:00,6.28,6.29,6.28,6.28
2026-08-13 09:00:00+00:00,6.28,6.29,6.28,6.28
2026-08-13 09:15:00+00:00,6.28,6.29,6.28,6.28
2026-08-13 09:30:00+00:00,6.28,6.29,6.28,6.28
2026-08-13 09:45:00+00:00,6.28,6.3,6.28,6.3
2026-08-13 10:00:00+00:00,6.29,6.29,6.28,6.29
2026-08-13 10:15:00+00:00,6.28,6.29,6.27,6.27
2026-08-13 10:30:00+00:00,6.27,6.28,6.26,6.27
2026-08-13 10:45:00+00:00,6.27,6.28,6.27,6.28
2026-08-13 11:00:00+00:00,6.27,6.28,6.26,6.26
2026-08-13 11:15:00+00:00,6.26,6.29,6.26,6.29
2026-08-13 11:30:00+00:00,6.28,6.28,6.26,6.26
2026-08-13 11:45:00+00:00,6.26,6.27,6.25,6.25
2026-08-13 12:00:00+00:00,6.25,6.29,6.25,6.29
2026-08-13 12:15:00+00:00,6.28,6.29,6.28,6.28
2026-08-13 12:30:00+00:00,6.29,6.29,6.27,6.27
2026-08-13 12:45:00+00:00,6.27,6.28,6.26,6.27
2026-08-13 13:00:00+00:00,6.27,6.28,6.26,6.26
2026-08-13 13:15:00+00:00,6.26,6.27,6.25,6.25
2026-08-13 13:30:00+00:00,6.25,6.27,6.25,6.27
2026-08-13 13:45:00+00:00,6.27,6.28,6.26,6.27
2026-08-13 14:00:00+00:00,6.27,6.27,6.26,6.27
2026-08-13 14:15:00+00:00,6.27,6.28,6.27,6.27
2026-08-13 14:30:00+00:00,6.27,6.3,6.27,6.29
2026-08-13 14:45:00+00:00,6.29,6.3,6.29,6.29
2026-08-13 15:00:00+00:00,6.29,6.3,6.28,6.28
2026-08-13 15:15:00+00:00,6.28,6.29,6.26,6.27
2026-08-13 15:30:00+00:00,6.27,6.27,6.26,6.26
2026-08-13 15:45:00+00:00,6.26,6.26,6.23,6.23
2026-08-13 16:00:00+00:00,6.23,6.24,6.22,6.22
2026-08-13 16:15:00+00:00,6.22,6.24,6.21,6.22
2026-08-13 16:30:00+00:00,6.22,6.23,6.18,6.2
2026-08-13 16:45:00+00:00,6.2,6.21,6.19,6.2
2026-08-13 17:00:00+00:00,6.2,6.21,6.2,6.21
2026-08-13 17:15:00+00:00,6.21,6.23,6.21,6.21
2026-08-13 17:30:00+00:00,6.21,6.22,6.21,6.22
2026-08-13 17:45:00+00:00,6.21,6.22,6.21,6.22
2026-08-13 18:00:00+00:00,6.22,6.24,6.22,6.22
2026-08-13 18:15:00+00:00,6.23,6.23,6.21,6.21
2026-08-13 18:30:00+00:00,6.2,6.22,6.2,6.22
2026-08-13 18:45:00+00:00,6.21,6.23,6.21,6.21
2026-08-13 19:00:00+00:00,6.21,6.25,6.21,6.24
2026-08-13 19:15:00+00:00,6.24,6.25,6.23,6.24
2026-08-13 19:30:00+00:00,6.24,6.24,6.24,6.24
2026-08-13 19:45:00+00:00,6.24,6.25,6.24,6.24
2026-08-13 20:00:00+00:00,6.24,6.24,6.24,6.24
2026-08-13 20:15:00+00:00,6.24,6.25,6.23,6.24
2026-08-13 20:30:00+00:00,6.24,6.25,6.24,6.24
2026-08-13 20:45:00+00:00,6.24,6.25,6.24,6.24
2026-08-13 21:00:00+00:00,6.24,6.26,6.24,6.24
2026-08-13 21:15:00+00:00,6.24,6.25,6.24,6.25
2026-08-13 21:30:00+00:00,6.25,6.26,6.25,6.25
2026-08-13 21:45:00+00:00,6.25,6.27,6.25,6.26
2026-08-13 22:00:00+00:00,6.27,6.28,6.27,6.27
2026-08-13 22:15:00+00:00,6.27,6.28,6.25,6.25
2026-08-13 22:30:00+00:00,6.25,6.26,6.24,6.25
2026-08-13 22:45:00+00:00,6.25,6.25,6.24,6.24
2026-08-13 23:00:00+00:00,6.24,6.25,6.23,6.24
2026-08-13 23:15:00+00:00,6.24,6.24,6.23,6.24
2026-08-13 23:30:00+00:00,6.24,6.25,6.24,6.24
2026-08-13 23:45:00+00:00,6.24,6.25,6.24,6.25
2026-08-14 00:00:00+00:00,6.24,6.25,6.23,6.24
2026-08-14 00:15:00+00:00,6.24,6.25,6.24,6.24
2026-08-14 00:30:00+00:00,6.24,6.25,6.24,6.24
2026-08-14 00:45:00+00:00,6.24,6.25,6.24,6.24
2026-08-14 01:00:00+00:00,6.24,6.25,6.24,6.24
2026-08-14 01:15:00+00:00,6.23,6.24,6.22,6.22
2026-08-14 01:30:00+00:00,6.22,6.24,6.22,6.23
2026-08-14 01:45:00+00:00,6.23,6.24,6.22,6.23
2026-08-14 02:00:00+00:00,6.23,6.24,6.22,6.22
2026-08-14 02:15:00+00:00,6.22,6.23,6.2,6.2
2026-08-14 02:30:00+00:00,6.2,6.21,6.2,6.2
2026-08-14 02:45:00+00:00,6.2,6.21,6.19,6.19
2026-08-14 03:00:00+00:00,6.19,6.19,6.17,6.18
2026-08-14 03:15:00+00:00,6.19,6.2,6.18,6.18
2026-08-14 03:30:00+00:00,6.18,6.18,6.17,6.17
2026-08-14 03:45:00+00:00,6.17,6.18,6.16,6.16
2026-08-14 04:00:00+00:00,6.16,6.2,6.16,6.2
2026-08-14 04:15:00+00:00,6.19,6.2,6.19,6.19
2026-08-14 04:30:00+00:00,6.19,6.19,6.18,6.19
2026-08-14 04:45:00+00:00,6.19,6.19,6.18,6.18
2026-08-14 05:00:00+00:00,6.18,6.2,6.18,6.18
2026-08-14 05:15:00+00:00,6.18,6.19,6.17,6.18
2026-08-14 05:30:00+00:00,6.18,6.19,6.18,6.19
2026-08-14 05:45:00+00:00,6.19,6.19,6.13,6.17
2026-08-14 06:00:00+00:00,6.17,6.18,6.16,6.16
2026-08-14 06:15:00+00:00,6.16,6.17,6.15,6.15
2026-08-14 06:30:00+00:00,6.16,6.17,6.15,6.15
2026-08-14 06:45:00+00:00,6.15,6.16,6.11,6.13
2026-08-14 07:00:00+00:00,6.13,6.14,6.11,6.12
2026-08-14 07:15:00+00:00,6.12,6.14,6.12,6.13
2026-08-14 07:30:00+00:00,6.13,6.14,6.12,6.14
2026-08-14 07:45:00+00:00,6.14,6.15,6.13,6.14
2026-08-14 08:00:00+00:00,6.14,6.15,6.14,6.14
2026-08-14 08:15:00+00:00,6.15,6.15,6.13,6.14
2026-08-14 08:30:00+00:00,6.14,6.15,6.13,6.14
2026-08-14 08:45:00+00:00,6.14,6.16,6.14,6.15
2026-08-14 09:00:00+00:00,6.15,6.16,6.14,6.15
2026-08-14 09:15:00+00:00,6.15,6.16,6.15,6.15
2026-08-14 09:30:00+00:00,6.15,6.16,6.13,6.13
2026-08-14 09:45:00+00:00,6.13,6.14,6.13,6.13
2026-08-14 10:00:00+00:00,6.13,6.15,6.13,6.14
2026-08-14 10:15:00+00:00,6.14,6.15,6.14,6.14
2026-08-14 10:30:00+00:00,6.14,6.16,6.14,6.14
2026-08-14 10:45:00+00:00,6.14,6.15,6.13,6.13
2026-08-14 11:00:00+00:00,6.13,6.14,6.12,6.12
2026-08-14 11:15:00+00:00,6.12,6.13,6.12,6.12
2026-08-14 11:30:00+00:00,6.12,6.13,6.11,6.12
2026-08-14 11:45:00+00:00,6.12,6.14,6.11,6.13
2026-08-14 12:00:00+00:00,6.14,6.15,6.13,6.13
2026-08-14 12:15:00+00:00,6.13,6.14,6.13,6.14
2026-08-14 12:30:00+00:00,6.14,6.15,6.13,6.13
2026-08-14 12:45:00+00:00,6.13,6.13,6.13,6.13
2026-08-14 13:00:00+00:00,6.13,6.14,6.13,6.13
2026-08-14 13:15:00+00:00,6.13,6.15,6.13,6.14
2026-08-14 13:30:00+00:00,6.15,6.16,6.14,6.15
2026-08-14 13:45:00+00:00,6.15,6.15,6.13,6.13
2026-08-14 14:00:00+00:00,6.14,6.14,6.14,6.14
2026-08-14 14:15:00+00:00,6.13,6.14,6.13,6.14
2026-08-14 14:30:00+00:00,6.14,6.15,6.14,6.15
2026-08-14 14:45:00+00:00,6.15,6.15,6.12,6.12
2026-08-14 15:00:00+00:00,6.12,6.14,6.11,6.14
2026-08-14 15:15:00+00:00,6.14,6.14,6.13,6.14
2026-08-14 15:30:00+00:00,6.15,6.16,6.14,6.15
2026-08-14 15:45:00+00:00,6.16,6.18,6.16,6.16
2026-08-14 16:00:00+00:00,6.17,6.18,6.16,6.18
2026-08-14 16:15:00+00:00,6.17,6.18,6.16,6.17
2026-08-14 16:30:00+00:00,6.17,6.19,6.17,6.17
2026-08-14 16:45:00+00:00,6.17,6.18,6.17,6.18
2026-08-14 17:00:00+00:00,6.19,6.19,6.18,6.19
2026-08-14 17:15:00+00:00,6.19,6.2,6.19,6.19
2026-08-14 17:30:00+00:00,6.2,6.2,6.19,6.19
2026-08-14 17:45:00+00:00,6.19,6.19,6.17,6.18
2026-08-14 18:00:00+00:00,6.17,6.17,6.16,6.17
2026-08-14 18:15:00+00:00,6.16,6.17,6.16,6.17
2026-08-14 18:30:00+00:00,6.17,6.17,6.16,6.16
2026-08-14 18:45:00+00:00,6.17,6.17,6.14,6.15
2026-08-14 19:00:00+00:00,6.15,6.16,6.15,6.15
2026-08-14 19:15:00+00:00,6.15,6.17,6.15,6.17
2026-08-14 19:30:00+00:00,6.16,6.16,6.16,6.16
2026-08-14 19:45:00+00:00,6.17,6.17,6.16,6.17
2026-08-14 20:00:00+00:00,6.17,6.17,6.16,6.16
2026-08-14 20:15:00+00:00,6.16,6.17,6.16,6.16
2026-08-14 20:30:00+00:00,6.16,6.17,6.16,6.16
2026-08-14 20:45:00+00:00,6.16,6.16,6.16,6.16
2026-08-14 21:00:00+00:00,6.16,6.16,6.15,6.16
2026-08-14 21:15:00+00:00,6.16,6.16,6.15,6.16
2026-08-14 21:30:00+00:00,6.16,6.16,6.14,6.14
2026-08-14 21:45:00+00:00,6.14,6.15,6.14,6.15
2026-08-14 22:00:00+00:00,6.15,6.16,6.14,6.16
2026-08-14 22:15:00+00:00,6.15,6.16,6.15,6.16
2026-08-14 22:30:00+00:00,6.15,6.17,6.15,6.17
2026-08-14 22:45:00+00:00,6.16,6.17,6.16,6.17
2026-08-14 23:00:00+00:00,6.17,6.18,6.17,6.18
2026-08-14 23:15:00+00:00,6.18,6.19,6.17,6.19
2026-08-14 23:30:00+00:00,6.19,6.2,6.19,6.19
2026-08-14 23:45:00+00:00,6.2,6.22,6.19,6.22
2026-08-15 00:00:00+00:00,6.22,6.23,6.22,6.22
2026-08-15 00:15:00+00:00,6.22,6.23,6.21,6.22
2026-08-15 00:30:00+00:00,6.22,6.22,6.22,6.22
2026-08-15 00:45:00+00:00,6.22,6.24,6.22,6.23
2026-08-15 01:00:00+00:00,6.23,6.23,6.21,6.21
2026-08-15 01:15:00+00:00,6.21,6.22,6.2,6.21
2026-08-15 01:30:00+00:00,6.22,6.22,6.21,6.21
2026-08-15 01:45:00+00:00,6.21,6.21,6.2,6.21
2026-08-15 02:00:00+00:00,6.21,6.22,6.21,6.21
2026-08-15 02:15:00+00:00,6.22,6.25,6.22,6.24
2026-08-15 02:30:00+00:00,6.24,6.24,6.23,6.23
2026-08-15 02:45:00+00:00,6.24,6.25,6.23,6.24
2026-08-15 03:00:00+00:00,6.25,6.25,6.24,6.24
2026-08-15 03:15:00+00:00,6.24,6.25,6.23,6.24
2026-08-15 03:30:00+00:00,6.23,6.24,6.23,6.24
2026-08-15 03:45:00+00:00,6.25,6.25,6.24,6.24
2026-08-15 04:00:00+00:00,6.24,6.25,6.24,6.24
2026-08-15 04:15:00+00:00,6.24,6.26,6.24,6.25
2026-08-15 04:30:00+00:00,6.25,6.25,6.24,6.25
2026-08-15 04:45:00+00:00,6.25,6.25,6.24,6.24
2026-08-15 05:00:00+00:00,6.24,6.24,6.24,6.24
2026-08-15 05:15:00+00:00,6.24,6.24,6.23,6.23
2026-08-15 05:30:00+00:00,6.23,6.25,6.23,6.24
2026-08-15 05:45:00+00:00,6.25,6.25,6.24,6.25
2026-08-15 06:00:00+00:00,6.25,6.26,6.24,6.24
2026-08-15 06:15:00+00:00,6.24,6.24,6.24,6.24
2026-08-15 06:30:00+00:00,6.24,6.24,6.24,6.24
2026-08-15 06:45:00+00:00,6.24,6.26,6.23,6.25
2026-08-15 07:00:00+00:00,6.25,6.25,6.25,6.25
2026-08-15 07:15:00+00:00,6.25,6.25,6.23,6.23
2026-08-15 07:30:00+00:00,6.24,6.25,6.23,6.23
2026-08-15 07:45:00+00:00,6.24,6.24,6.23,6.24
2026-08-15 08:00:00+00:00,6.23,6.24,6.23,6.24
2026-08-15 08:15:00+00:00,6.23,6.25,6.23,6.25
2026-08-15 08:30:00+00:00,6.24,6.25,6.24,6.24
2026-08-15 08:45:00+00:00,6.24,6.24,6.23,6.23
2026-08-15 09:00:00+00:00,6.23,6.25,6.23,6.25
2026-08-15 09:15:00+00:00,6.25,6.26,6.25,6.25
2026-08-15 09:30:00+00:00,6.26,6.28,6.26,6.28
2026-08-15 09:45:00+00:00,6.28,6.29,6.28,6.28
2026-08-15 10:00:00+00:00,6.29,6.3,6.28,6.28
2026-08-15 10:15:00+00:00,6.28,6.28,6.28,6.28
2026-08-15 10:30:00+00:00,6.29,6.29,6.28,6.28
2026-08-15 10:45:00+00:00,6.28,6.29,6.26,6.27
2026-08-15 11:00:00+00:00,6.27,6.28,6.27,6.28
2026-08-15 11:15:00+00:00,6.27,6.28,6.26,6.27
2026-08-15 11:30:00+00:00,6.27,6.28,6.27,6.27
2026-08-15 11:45:00+00:00,6.27,6.27,6.26,6.27
2026-08-15 12:00:00+00:00,6.27,6.28,6.27,6.28
2026-08-15 12:15:00+00:00,6.27,6.28,6.27,6.28
2026-08-15 12:30:00+00:00,6.28,6.29,6.27,6.27
2026-08-15 12:45:00+00:00,6.27,6.27,6.27,6.27
2026-08-15 13:00:00+00:00,6.27,6.28,6.27,6.28
2026-08-15 13:15:00+00:00,6.27,6.28,6.27,6.27
2026-08-15 13:30:00+00:00,6.27,6.27,6.26,6.27
2026-08-15 13:45:00+00:00,6.26,6.28,6.26,6.28
2026-08-15 14:00:00+00:00,6.27,6.28,6.26,6.28
2026-08-15 14:15:00+00:00,6.28,6.28,6.27,6.27
2026-08-15 14:30:00+00:00,6.26,6.27,6.26,6.26
2026-08-15 14:45:00+00:00,6.26,6.28,6.26,6.27
2026-08-15 15:00:00+00:00,6.27,6.27,6.26,6.27
2026-08-15 15:15:00+00:00,6.27,6.27,6.26,6.27
2026-08-15 15:30:00+00:00,6.27,6.28,6.27,6.27
2026-08-15 15:45:00+00:00,6.27,6.27,6.26,6.26
2026-08-15 16:00:00+00:00,6.27,6.27,6.26,6.26
2026-08-15 16:15:00+00:00,6.26,6.26,6.26,6.26
2026-08-15 16:30:00+00:00,6.26,6.26,6.24,6.24
2026-08-15 16:45:00+00:00,6.24,6.25,6.24,6.24
2026-08-15 17:00:00+00:00,6.24,6.27,6.24,6.27
2026-08-15 17:15:00+00:00,6.27,6.27,6.26,6.26
2026-08-15 17:30:00+00:00,6.25,6.26,6.25,6.26
2026-08-15 17:45:00+00:00,6.25,6.27,6.25,6.27
2026-08-15 18:00:00+00:00,6.27,6.27,6.26,6.26
2026-08-15 18:15:00+00:00,6.25,6.26,6.25,6.25
2026-08-15 18:30:00+00:00,6.25,6.26,6.25,6.26
2026-08-15 18:45:00+00:00,6.25,6.26,6.25,6.25
2026-08-15 19:00:00+00:00,6.26,6.26,6.25,6.25
2026-08-15 19:15:00+00:00,6.25,6.25,6.25,6.25
2026-08-15 19:30:00+00:00,6.26,6.26,6.25,6.25
2026-08-15 19:45:00+00:00,6.26,6.27,6.25,6.26
2026-08-15 20:00:00+00:00,6.26,6.27,6.26,6.27
2026-08-15 20:15:00+00:00,6.26,6.26,6.26,6.26
2026-08-15 20:30:00+00:00,6.25,6.25,6.25,6.25
2026-08-15 20:45:00+00:00,6.25,6.25,6.25,6.25
2026-08-15 21:00:00+00:00,6.25,6.27,6.25,6.26
2026-08-15 21:15:00+00:00,6.27,6.27,6.26,6.26
2026-08-15 21:30:00+00:00,6.26,6.27,6.26,6.27
2026-08-15 21:45:00+00:00,6.27,6.27,6.26,6.26
2026-08-15 22:00:00+00:00,6.27,6.27,6.26,6.27
2026-08-15 22:15:00+00:00,6.27,6.27,6.27,6.27
2026-08-15 22:30:00+00:00,6.27,6.27,6.27,6.27
2026-08-15 22:45:00+00:00,6.26,6.26,6.26,6.26
2026-08-15 23:00:00+00:00,6.26,6.27,6.23,6.24
2026-08-15 23:15:00+00:00,6.23,6.24,6.22,6.22
2026-08-15 23:30:00+00:00,6.22,6.22,6.22,6.22
2026-08-15 23:45:00+00:00,6.21,6.22,6.21,6.22
2026-08-16 00:00:00+00:00,6.21,6.22,6.2,6.21
2026-08-16 00:15:00+00:00,6.21,6.23,6.21,6.22
2026-08-16 00:30:00+00:00,6.23,6.23,6.21,6.22
2026-08-16 00:45:00+00:00,6.22,6.22,6.21,6.21
2026-08-16 01:00:00+00:00,6.21,6.21,6.21,6.21
2026-08-16 01:15:00+00:00,6.21,6.21,6.2,6.2
2026-08-16 01:30:00+00:00,6.2,6.2,6.19,6.2
2026-08-16 01:45:00+00:00,6.2,6.21,6.19,6.19
2026-08-16 02:00:00+00:00,6.19,6.19,6.17,6.17
2026-08-16 02:15:00+00:00,6.17,6.18,6.17,6.18
2026-08-16 02:30:00+00:00,6.18,6.18,6.18,6.18
2026-08-16 02:45:00+00:00,6.18,6.18,6.17,6.17
2026-08-16 03:00:00+00:00,6.18,6.19,6.17,6.17
2026-08-16 03:15:00+00:00,6.17,6.18,6.16,6.16
2026-08-16 03:30:00+00:00,6.17,6.17,6.16,6.17
2026-08-16 03:45:00+00:00,6.17,6.18,6.17,6.17
2026-08-16 04:00:00+00:00,6.17,6.18,6.17,6.17
2026-08-16 04:15:00+00:00,6.17,6.18,6.17,6.18
2026-08-16 04:30:00+00:00,6.19,6.19,6.17,6.17
2026-08-16 04:45:00+00:00,6.17,6.18,6.17,6.17
2026-08-16 05:00:00+00:00,6.18,6.18,6.17,6.17
2026-08-16 05:15:00+00:00,6.17,6.17,6.16,6.16
2026-08-16 05:30:00+00:00,6.16,6.17,6.16,6.16
2026-08-16 05:45:00+00:00,6.17,6.17,6.16,6.16
2026-08-16 06:00:00+00:00,6.16,6.17,6.16,6.16
2026-08-16 06:15:00+00:00,6.16,6.18,6.15,6.16
2026-08-16 06:30:00+00:00,6.16,6.17,6.16,6.16
2026-08-16 06:45:00+00:00,6.16,6.17,6.16,6.16
2026-08-16 07:00:00+00:00,6.16,6.17,6.16,6.16
2026-08-16 07:15:00+00:00,6.16,6.18,6.16,6.17
2026-08-16 07:30:00+00:00,6.17,6.18,6.17,6.17
2026-08-16 07:45:00+00:00,6.17,6.18,6.17,6.17
2026-08-16 08:00:00+00:00,6.17,6.18,6.16,6.17
2026-08-16 08:15:00+00:00,6.17,6.19,6.17,6.17
2026-08-16 08:30:00+00:00,6.17,6.19,6.17,6.19
2026-08-16 08:45:00+00:00,6.18,6.19,6.18,6.18
2026-08-16 09:00:00+00:00,6.18,6.19,6.18,6.18
2026-08-16 09:15:00+00:00,6.18,6.19,6.17,6.18
2026-08-16 09:30:00+00:00,6.18,6.19,6.18,6.18
2026-08-16 09:45:00+00:00,6.18,6.19,6.18,6.19
2026-08-16 10:00:00+00:00,6.18,6.18,6.18,6.18
2026-08-16 10:15:00+00:00,6.18,6.18,6.17,6.18
2026-08-16 10:30:00+00:00,6.17,6.18,6.17,6.17
2026-08-16 10:45:00+00:00,6.18,6.18,6.18,6.18
2026-08-16 11:00:00+00:00,6.18,6.18,6.17,6.17
2026-08-16 11:15:00+00:00,6.18,6.18,6.17,6.17
2026-08-16 11:30:00+00:00,6.17,6.19,6.17,6.19
2026-08-16 11:45:00+00:00,6.18,6.19,6.18,6.19
2026-08-16 12:00:00+00:00,6.18,6.19,6.17,6.17
2026-08-16 12:15:00+00:00,6.18,6.19,6.18,6.19
2026-08-16 12:30:00+00:00,6.19,6.19,6.19,6.19
2026-08-16 12:45:00+00:00,6.18,6.19,6.18,6.19
2026-08-16 13:00:00+00:00,6.18,6.19,6.18,6.19
2026-08-16 13:15:00+00:00,6.18,6.19,6.18,6.18
2026-08-16 13:30:00+00:00,6.18,6.19,6.18,6.18
2026-08-16 13:45:00+00:00,6.19,6.2,6.18,6.2
2026-08-16 14:00:00+00:00,6.19,6.2,6.19,6.19
2026-08-16 14:15:00+00:00,6.2,6.21,6.2,6.2
2026-08-16 14:30:00+00:00,6.2,6.2,6.2,6.2
2026-08-16 14:45:00+00:00,6.2,6.2,6.19,6.2
2026-08-16 15:00:00+00:00,6.2,6.2,6.19,6.2
2026-08-16 15:15:00+00:00,6.2,6.2,6.19,6.19
2026-08-16 15:30:00+00:00,6.2,6.2,6.19,6.19
2026-08-16 15:45:00+00:00,6.19,6.21,6.19,6.2
2026-08-16 16:00:00+00:00,6.21,6.21,6.2,6.2
2026-08-16 16:15:00+00:00,6.21,6.21,6.2,6.2
2026-08-16 16:30:00+00:00,6.21,6.21,6.19,6.2
2026-08-16 16:45:00+00:00,6.2,6.2,6.2,6.2
2026-08-16 17:00:00+00:00,6.2,6.2,6.2,6.2
2026-08-16 17:15:00+00:00,6.19,6.2,6.19,6.2
2026-08-16 17:30:00+00:00,6.2,6.2,6.19,6.2
2026-08-16 17:45:00+00:00,6.2,6.2,6.19,6.19
2026-08-16 18:00:00+00:00,6.18,6.18,6.18,6.18
2026-08-16 18:15:00+00:00,6.18,6.18,6.17,6.17
2026-08-16 18:30:00+00:00,6.18,6.18,6.17,6.17
2026-08-16 18:45:00+00:00,6.17,6.18,6.16,6.16
2026-08-16 19:00:00+00:00,6.17,6.17,6.17,6.17
2026-08-16 19:15:00+00:00,6.17,6.17,6.17,6.17
2026-08-16 19:30:00+00:00,6.18,6.19,6.18,6.18
2026-08-16 19:45:00+00:00,6.18,6.18,6.17,6.17
2026-08-16 20:00:00+00:00,6.18,6.18,6.17,6.17
2026-08-16 20:15:00+00:00,6.18,6.18,6.18,6.18
2026-08-16 20:30:00+00:00,6.17,6.17,6.17,6.17
2026-08-16 20:45:00+00:00,6.16,6.17,6.13,6.14
2026-08-16 21:00:00+00:00,6.13,6.14,6.12,6.12
2026-08-16 21:15:00+00:00,6.13,6.13,6.11,6.12
2026-08-16 21:30:00+00:00,6.12,6.13,6.04,6.06
2026-08-16 21:45:00+00:00,6.06,6.08,6.05,6.05
2026-08-16 22:00:00+00:00,6.06,6.09,6.05,6.08
2026-08-16 22:15:00+00:00,6.09,6.09,6.06,6.06
2026-08-16 22:30:00+00:00,6.07,6.08,6.07,6.08
2026-08-16 22:45:00+00:00,6.08,6.08,6.07,6.08
2026-08-16 23:00:00+00:00,6.08,6.1,6.08,6.09
2026-08-16 23:15:00+00:00,6.09,6.1,6.09,6.1
2026-08-16 23:30:00+00:00,6.1,6.11,6.1,6.11
2026-08-16 23:45:00+00:00,6.1,6.11,6.1,6.11
2026-08-17 00:00:00+00:00,6.11,6.13,6.11,6.13
2026-08-17 00:15:00+00:00,6.14,6.15,6.13,6.15
2026-08-17 00:30:00+00:00,6.15,6.15,6.14,6.15
2026-08-17 00:45:00+00:00,6.15,6.17,6.15,6.16
2026-08-17 01:00:00+00:00,6.16,6.23,6.16,6.2
2026-08-17 01:15:00+00:00,6.2,6.22,6.19,6.21
2026-08-17 01:30:00+00:00,6.22,6.23,6.21,6.22
2026-08-17 01:45:00+00:00,6.22,6.22,6.19,6.19
2026-08-17 02:00:00+00:00,6.2,6.22,6.18,6.2
2026-08-17 02:15:00+00:00,6.2,6.2,6.2,6.2
2026-08-17 02:30:00+00:00,6.21,6.22,6.21,6.21
2026-08-17 02:45:00+00:00,6.22,6.24,6.21,6.22
2026-08-17 03:00:00+00:00,6.23,6.23,6.22,6.22
2026-08-17 03:15:00+00:00,6.21,6.22,6.21,6.21
2026-08-17 03:30:00+00:00,6.21,6.21,6.2,6.2
2026-08-17 03:45:00+00:00,6.2,6.21,6.2,6.21
2026-08-17 04:00:00+00:00,6.22,6.22,6.21,6.22
2026-08-17 04:15:00+00:00,6.21,6.22,6.21,6.22
2026-08-17 04:30:00+00:00,6.22,6.22,6.21,6.21
2026-08-17 04:45:00+00:00,6.21,6.22,6.21,6.21
2026-08-17 05:00:00+00:00,6.21,6.21,6.21,6.21
2026-08-17 05:15:00+00:00,6.21,6.22,6.21,6.22
2026-08-17 05:30:00+00:00,6.22,6.22,6.21,6.22
2026-08-17 05:45:00+00:00,6.22,6.22,6.21,6.21
2026-08-17 06:00:00+00:00,6.21,6.21,6.2,6.2
2026-08-17 06:15:00+00:00,6.2,6.21,6.2,6.2
2026-08-17 06:30:00+00:00,6.2,6.22,6.2,6.21
2026-08-17 06:45:00+00:00,6.22,6.23,6.21,6.22
2026-08-17 07:00:00+00:00,6.22,6.22,6.2,6.2
2026-08-17 07:15:00+00:00,6.21,6.21,6.2,6.21
2026-08-17 07:30:00+00:00,6.21,6.21,6.2,6.2
2026-08-17 07:45:00+00:00,6.2,6.21,6.19,6.19
2026-08-17 08:00:00+00:00,6.19,6.2,6.19,6.2
2026-08-17 08:15:00+00:00,6.19,6.2,6.19,6.2
2026-08-17 08:30:00+00:00,6.2,6.21,6.2,6.2
2026-08-17 08:45:00+00:00,6.19,6.21,6.19,6.21
2026-08-17 09:00:00+00:00,6.2,6.2,6.2,6.2
2026-08-17 09:15:00+00:00,6.2,6.21,6.2,6.21
2026-08-17 09:30:00+00:00,6.21,6.21,6.2,6.21
2026-08-17 09:45:00+00:00,6.2,6.2,6.2,6.2
2026-08-17 10:00:00+00:00,6.2,6.21,6.2,6.2
2026-08-17 10:15:00+00:00,6.2,6.21,6.19,6.2
2026-08-17 10:30:00+00:00,6.2,6.2,6.2,6.2
2026-08-17 10:45:00+00:00,6.21,6.21,6.19,6.19
2026-08-17 11:00:00+00:00,6.2,6.21,6.2,6.2
2026-08-17 11:15:00+00:00,6.2,6.2,6.19,6.19
2026-08-17 11:30:00+00:00,6.2,6.2,6.19,6.19
2026-08-17 11:45:00+00:00,6.19,6.2,6.19,6.19
2026-08-17 12:00:00+00:00,6.19,6.21,6.19,6.2
2026-08-17 12:15:00+00:00,6.19,6.2,6.18,6.19
2026-08-17 12:30:00+00:00,6.19,6.2,6.18,6.18
2026-08-17 12:45:00+00:00,6.18,6.19,6.18,6.19
2026-08-17 13:00:00+00:00,6.19,6.19,6.17,6.18
2026-08-17 13:15:00+00:00,6.18,6.18,6.17,6.17
2026-08-17 13:30:00+00:00,6.17,6.2,6.17,6.18
2026-08-17 13:45:00+00:00,6.18,6.19,6.18,6.18
2026-08-17 14:00:00+00:00,6.18,6.18,6.17,6.17
2026-08-17 14:15:00+00:00,6.17,6.18,6.16,6.17
2026-08-17 14:30:00+00:00,6.17,6.18,6.16,6.17
2026-08-17 14:45:00+00:00,6.17,6.19,6.17,6.18
2026-08-17 15:00:00+00:00,6.18,6.2,6.18,6.18
2026-08-17 15:15:00+00:00,6.18,6.19,6.17,6.19
2026-08-17 15:30:00+00:00,6.19,6.2,6.18,6.18
2026-08-17 15:45:00+00:00,6.18,6.2,6.18,6.19
2026-08-17 16:00:00+00:00,6.19,6.2,6.18,6.18
2026-08-17 16:15:00+00:00,6.17,6.18,6.17,6.18
2026-08-17 16:30:00+00:00,6.17,6.18,6.17,6.17
2026-08-17 16:45:00+00:00,6.17,6.18,6.17,6.17
2026-08-17 17:00:00+00:00,6.17,6.17,6.16,6.17
2026-08-17 17:15:00+00:00,6.16,6.2,6.16,6.19
2026-08-17 17:30:00+00:00,6.18,6.19,6.17,6.18
2026-08-17 17:45:00+00:00,6.18,6.19,6.18,6.18
2026-08-17 18:00:00+00:00,6.18,6.18,6.18,6.18
2026-08-17 18:15:00+00:00,6.18,6.2,6.18,6.18
2026-08-17 18:30:00+00:00,6.18,6.2,6.18,6.19
2026-08-17 18:45:00+00:00,6.19,6.2,6.19,6.19
2026-08-17 19:00:00+00:00,6.19,6.2,6.18,6.18
2026-08-17 19:15:00+00:00,6.18,6.19,6.18,6.18
2026-08-17 19:30:00+00:00,6.18,6.19,6.18,6.18
2026-08-17 19:45:00+00:00,6.19,6.19,6.18,6.18
2026-08-17 20:00:00+00:00,6.18,6.18,6.18,6.18
2026-08-17 20:15:00+00:00,6.18,6.18,6.18,6.18
2026-08-17 20:30:00+00:00,6.18,6.18,6.18,6.18
2026-08-17 20:45:00+00:00,6.18,6.19,6.18,6.19
2026-08-17 21:00:00+00:00,6.19,6.19,6.18,6.19
2026-08-17 21:15:00+00:00,6.19,6.2,6.18,6.19
2026-08-17 21:30:00+00:00,6.19,6.2,6.19,6.19
2026-08-17 21:45:00+00:00,6.19,6.19,6.18,6.18
2026-08-17 22:00:00+00:00,6.18,6.19,6.18,6.18
2026-08-17 22:15:00+00:00,6.18,6.18,6.17,6.17
2026-08-17 22:30:00+00:00,6.17,6.19,6.17,6.18
2026-08-17 22:45:00+00:00,6.18,6.18,6.18,6.18
2026-08-17 23:00:00+00:00,6.18,6.19,6.17,6.18
2026-08-17 23:15:00+00:00,6.18,6.19,6.18,6.19
2026-08-17 23:30:00+00:00,6.19,6.2,6.18,6.2
2026-08-17 23:45:00+00:00,6.2,6.2,6.19,6.19
2026-08-18 00:00:00+00:00,6.19,6.2,6.19,6.19
2026-08-18 00:15:00+00:00,6.19,6.2,6.18,6.18
2026-08-18 00:30:00+00:00,6.18,6.19,6.18,6.18
2026-08-18 00:45:00+00:00,6.18,6.19,6.18,6.18
2026-08-18 01:00:00+00:00,6.18,6.18,6.18,6.18
2026-08-18 01:15:00+00:00,6.18,6.18,6.16,6.16
2026-08-18 01:30:00+00:00,6.16,6.18,6.16,6.17
2026-08-18 01:45:00+00:00,6.17,6.17,6.13,6.14
2026-08-18 02:00:00+00:00,6.15,6.15,6.13,6.13
2026-08-18 02:15:00+00:00,6.13,6.13,6.11,6.11
2026-08-18 02:30:00+00:00,6.12,6.12,6.09,6.09
2026-08-18 02:45:00+00:00,6.09,6.1,6.06,6.06
2026-08-18 03:00:00+00:00,6.06,6.07,6.04,6.06
2026-08-18 03:15:00+00:00,6.06,6.07,6.05,6.05
2026-08-18 03:30:00+00:00,6.05,6.07,6.04,6.05
2026-08-18 03:45:00+00:00,6.05,6.08,6.05,6.05
2026-08-18 04:00:00+00:00,6.05,6.08,6.04,6.08
2026-08-18 04:15:00+00:00,6.08,6.08,6.06,6.07
2026-08-18 04:30:00+00:00,6.07,6.08,6.07,6.08
2026-08-18 04:45:00+00:00,6.08,6.09,6.07,6.08
2026-08-18 05:00:00+00:00,6.09,6.09,6.07,6.08
2026-08-18 05:15:00+00:00,6.08,6.09,6.07,6.07
2026-08-18 05:30:00+00:00,6.07,6.07,6.06,6.07
2026-08-18 05:45:00+00:00,6.07,6.08,6.04,6.05
2026-08-18 06:00:00+00:00,6.05,6.08,6.05,6.08
2026-08-18 06:15:00+00:00,6.07,6.08,6.07,6.08
2026-08-18 06:30:00+00:00,6.08,6.09,6.07,6.07
2026-08-18 06:45:00+00:00,6.07,6.08,6.05,6.06
2026-08-18 07:00:00+00:00,6.05,6.06,6.05,6.05
2026-08-18 07:15:00+00:00,6.05,6.06,6.04,6.04
2026-08-18 07:30:00+00:00,6.04,6.05,6.02,6.03
2026-08-18 07:45:00+00:00,6.03,6.04,6.02,6.04
2026-08-18 08:00:00+00:00,6.04,6.05,6.03,6.05
2026-08-18 08:15:00+00:00,6.05,6.07,6.05,6.06
2026-08-18 08:30:00+00:00,6.07,6.09,6.06,6.08
2026-08-18 08:45:00+00:00,6.08,6.08,6.07,6.08
2026-08-18 09:00:00+00:00,6.08,6.09,6.07,6.08
2026-08-18 09:15:00+00:00,6.08,6.08,6.06,6.06
2026-08-18 09:30:00+00:00,6.06,6.08,6.06,6.06
2026-08-18 09:45:00+00:00,6.06,6.08,6.06,6.07
2026-08-18 10:00:00+00:00,6.07,6.08,6.07,6.07
2026-08-18 10:15:00+00:00,6.07,6.08,6.07,6.07
2026-08-18 10:30:00+00:00,6.07,6.08,6.06,6.06
2026-08-18 10:45:00+00:00,6.06,6.07,6.06,6.06
2026-08-18 11:00:00+00:00,6.06,6.08,6.06,6.06
2026-08-18 11:15:00+00:00,6.07,6.09,6.07,6.08
2026-08-18 11:30:00+00:00,6.09,6.09,6.08,6.08
2026-08-18 11:45:00+00:00,6.08,6.09,6.07,6.07
2026-08-18 12:00:00+00:00,6.07,6.08,6.05,6.05
2026-08-18 12:15:00+00:00,6.05,6.08,6.05,6.06
2026-08-18 12:30:00+00:00,6.06,6.07,6.06,6.06
2026-08-18 12:45:00+00:00,6.06,6.07,6.04,6.04
2026-08-18 13:00:00+00:00,6.04,6.05,6.04,6.05
2026-08-18 13:15:00+00:00,6.05,6.06,6.05,6.05
2026-08-18 13:30:00+00:00,6.05,6.07,6.05,6.05
2026-08-18 13:45:00+00:00,6.05,6.05,6.04,6.04
2026-08-18 14:00:00+00:00,6.04,6.06,6.03,6.04
2026-08-18 14:15:00+00:00,6.04,6.1,6.04,6.1
2026-08-18 14:30:00+00:00,6.11,6.11,6.07,6.07
2026-08-18 14:45:00+00:00,6.07,6.08,6.06,6.06
2026-08-18 15:00:00+00:00,6.06,6.07,6.04,6.06
2026-08-18 15:15:00+00:00,6.06,6.07,6.06,6.07
2026-08-18 15:30:00+00:00,6.07,6.09,6.07,6.08
2026-08-18 15:45:00+00:00,6.08,6.1,6.08,6.08
2026-08-18 16:00:00+00:00,6.09,6.09,6.06,6.06
2026-08-18 16:15:00+00:00,6.07,6.07,6.05,6.06
2026-08-18 16:30:00+00:00,6.06,6.07,6.05,6.05
2026-08-18 16:45:00+00:00,6.05,6.06,6.04,6.04
2026-08-18 17:00:00+00:00,6.04,6.06,6.04,6.06
2026-08-18 17:15:00+00:00,6.06,6.09,6.06,6.07
2026-08-18 17:30:00+00:00,6.07,6.09,6.07,6.08
2026-08-18 17:45:00+00:00,6.08,6.09,6.07,6.08
2026-08-18 18:00:00+00:00,6.08,6.09,6.07,6.08
2026-08-18 18:15:00+00:00,6.08,6.1,6.08,6.09
2026-08-18 18:30:00+00:00,6.09,6.11,6.09,6.1
2026-08-18 18:45:00+00:00,6.09,6.11,6.09,6.1
2026-08-18 19:00:00+00:00,6.1,6.1,6.09,6.09
2026-08-18 19:15:00+00:00,6.09,6.1,6.09,6.1
2026-08-18 19:30:00+00:00,6.1,6.1,6.08,6.08
2026-08-18 19:45:00+00:00,6.08,6.08,6.08,6.08
2026-08-18 20:00:00+00:00,6.08,6.08,6.07,6.07
2026-08-18 20:15:00+00:00,6.07,6.08,6.06,6.07
2026-08-18 20:30:00+00:00,6.07,6.08,6.06,6.06
2026-08-18 20:45:00+00:00,6.06,6.07,6.06,6.06
2026-08-18 21:00:00+00:00,6.06,6.08,6.06,6.07
2026-08-18 21:15:00+00:00,6.07,6.07,6.07,6.07
2026-08-18 21:30:00+00:00,6.07,6.08,6.06,6.06
2026-08-18 21:45:00+00:00,6.06,6.07,6.06,6.06
2026-08-18 22:00:00+00:00,6.06,6.08,6.06,6.08
2026-08-18 22:15:00+00:00,6.07,6.08,6.06,6.07
2026-08-18 22:30:00+00:00,6.07,6.07,6.06,6.06
2026-08-18 22:45:00+00:00,6.06,6.06,6.06,6.06
2026-08-18 23:00:00+00:00,6.06,6.07,6.06,6.06
2026-08-18 23:15:00+00:00,6.06,6.07,6.06,6.07
2026-08-18 23:30:00+00:00,6.07,6.08,6.07,6.08
2026-08-18 23:45:00+00:00,6.08,6.09,6.08,6.08
2026-08-19 00:00:00+00:00,6.08,6.08,6.05,6.06
2026-08-19 00:15:00+00:00,6.06,6.07,6.05,6.06
2026-08-19 00:30:00+00:00,6.06,6.07,6.06,6.07
2026-08-19 00:45:00+00:00,6.07,6.09,6.07,6.07
2026-08-19 01:00:00+00:00,6.08,6.1,6.07,6.1
2026-08-19 01:15:00+00:00,6.1,6.11,6.08,6.09
2026-08-19 01:30:00+00:00,6.09,6.09,6.08,6.08
2026-08-19 01:45:00+00:00,6.08,6.1,6.08,6.09
2026-08-19 02:00:00+00:00,6.09,6.11,6.09,6.09
2026-08-19 02:15:00+00:00,6.09,6.09,6.08,6.09
2026-08-19 02:30:00+00:00,6.09,6.1,6.09,6.09
2026-08-19 02:45:00+00:00,6.09,6.09,6.08,6.08
2026-08-19 03:00:00+00:00,6.08,6.09,6.08,6.09
2026-08-19 03:15:00+00:00,6.09,6.12,6.09,6.1
2026-08-19 03:30:00+00:00,6.1,6.11,6.1,6.11
2026-08-19 03:45:00+00:00,6.11,6.11,6.11,6.11
2026-08-19 04:00:00+00:00,6.11,6.13,6.09,6.09
2026-08-19 04:15:00+00:00,6.09,6.1,6.09,6.09
2026-08-19 04:30:00+00:00,6.09,6.1,6.09,6.09
2026-08-19 04:45:00+00:00,6.09,6.09,6.09,6.09
2026-08-19 05:00:00+00:00,6.09,6.11,6.09,6.11
2026-08-19 05:15:00+00:00,6.1,6.1,6.09,6.09
2026-08-19 05:30:00+00:00,6.09,6.1,6.09,6.09
2026-08-19 05:45:00+00:00,6.1,6.1,6.08,6.08
2026-08-19 06:00:00+00:00,6.09,6.09,6.07,6.08
2026-08-19 06:15:00+00:00,6.08,6.11,6.08,6.1
2026-08-19 06:30:00+00:00,6.1,6.11,6.1,6.11
2026-08-19 06:45:00+00:00,6.11,6.13,6.11,6.12
2026-08-19 07:00:00+00:00,6.13,6.14,6.12,6.13
2026-08-19 07:15:00+00:00,6.13,6.13,6.12,6.12
2026-08-19 07:30:00+00:00,6.12,6.13,6.11,6.12
2026-08-19 07:45:00+00:00,6.12,6.13,6.11,6.11
2026-08-19 08:00:00+00:00,6.11,6.12,6.1,6.1
2026-08-19 08:15:00+00:00,6.1,6.11,6.1,6.1
2026-08-19 08:30:00+00:00,6.1,6.13,6.1,6.11
2026-08-19 08:45:00+00:00,6.12,6.13,6.11,6.11
2026-08-19 09:00:00+00:00,6.12,6.12,6.11,6.11
2026-08-19 09:15:00+00:00,6.11,6.12,6.1,6.1
2026-08-19 09:30:00+00:00,6.1,6.11,6.09,6.09
2026-08-19 09:45:00+00:00,6.09,6.1,6.09,6.1
2026-08-19 10:00:00+00:00,6.09,6.09,6.08,6.08
2026-08-19 10:15:00+00:00,6.08,6.1,6.08,6.08
2026-08-19 10:30:00+00:00,6.08,6.1,6.08,6.08
2026-08-19 10:45:00+00:00,6.08,6.09,6.08,6.08
2026-08-19 11:00:00+00:00,6.08,6.11,6.08,6.11
2026-08-19 11:15:00+00:00,6.1,6.11,6.09,6.1
2026-08-19 11:30:00+00:00,6.1,6.1,6.09,6.09
2026-08-19 11:45:00+00:00,6.09,6.11,6.09,6.1
2026-08-19 12:00:00+00:00,6.1,6.11,6.1,6.1
2026-08-19 12:15:00+00:00,6.1,6.11,6.1,6.1
2026-08-19 12:30:00+00:00,6.1,6.13,6.1,6.12
2026-08-19 12:45:00+00:00,6.13,6.13,6.12,6.12
2026-08-19 13:00:00+00:00,6.12,6.12,6.11,6.11
2026-08-19 13:15:00+00:00,6.12,6.12,6.1,6.1
2026-08-19 13:30:00+00:00,6.1,6.12,6.09,6.1
2026-08-19 13:45:00+00:00,6.1,6.1,6.08,6.08
2026-08-19 14:00:00+00:00,6.08,6.12,6.08,6.1
2026-08-19 14:15:00+00:00,6.1,6.1,6.09,6.1
2026-08-19 14:30:00+00:00,6.09,6.11,6.09,6.11
2026-08-19 14:45:00+00:00,6.11,6.19,6.11,6.17
2026-08-19 15:00:00+00:00,6.17,6.24,6.16,6.22
2026-08-19 15:15:00+00:00,6.21,6.39,6.2,6.36
2026-08-19 15:30:00+00:00,6.35,6.37,6.32,6.33
2026-08-19 15:45:00+00:00,6.33,6.34,6.26,6.27
2026-08-19 16:00:00+00:00,6.27,6.31,6.26,6.28
2026-08-19 16:15:00+00:00,6.28,6.35,6.28,6.34
2026-08-19 16:30:00+00:00,6.33,6.33,6.31,6.33
2026-08-19 16:45:00+00:00,6.32,6.33,6.29,6.3
2026-08-19 17:00:00+00:00,6.3,6.3,6.27,6.27
2026-08-19 17:15:00+00:00,6.27,6.28,6.25,6.25
2026-08-19 17:30:00+00:00,6.25,6.27,6.24,6.27
2026-08-19 17:45:00+00:00,6.27,6.3,6.27,6.3
2026-08-19 18:00:00+00:00,6.29,6.31,6.26,6.28
2026-08-19 18:15:00+00:00,6.28,6.29,6.27,6.28
2026-08-19 18:30:00+00:00,6.28,6.3,6.28,6.29
2026-08-19 18:45:00+00:00,6.29,6.3,6.28,6.28
2026-08-19 19:00:00+00:00,6.28,6.31,6.28,6.28
2026-08-19 19:15:00+00:00,6.29,6.35,6.29,6.34
2026-08-19 19:30:00+00:00,6.34,6.35,6.33,6.35
2026-08-19 19:45:00+00:00,6.35,6.37,6.35,6.35
2026-08-19 20:00:00+00:00,6.36,6.38,6.35,6.38
2026-08-19 20:15:00+00:00,6.37,6.39,6.36,6.38
2026-08-19 20:30:00+00:00,6.38,6.38,6.36,6.36
2026-08-19 20:45:00+00:00,6.36,6.52,6.36,6.47
2026-08-19 21:00:00+00:00,6.48,6.61,6.47,6.6
2026-08-19 21:15:00+00:00,6.61,6.65,6.58,6.65
2026-08-19 21:30:00+00:00,6.65,6.67,6.59,6.63
2026-08-19 21:45:00+00:00,6.63,6.69,6.62,6.63
2026-08-19 22:00:00+00:00,6.64,6.65,6.55,6.55
2026-08-19 22:15:00+00:00,6.55,6.57,6.53,6.53
2026-08-19 22:30:00+00:00,6.53,6.54,6.51,6.53
2026-08-19 22:45:00+00:00,6.52,6.54,6.49,6.53
2026-08-19 23:00:00+00:00,6.53,6.55,6.51,6.54
2026-08-19 23:15:00+00:00,6.54,6.55,6.52,6.55
2026-08-19 23:30:00+00:00,6.54,6.54,6.52,6.54
2026-08-19 23:45:00+00:00,6.54,6.55,6.51,6.53
2026-08-20 00:00:00+00:00,6.53,6.56,6.53,6.54
2026-08-20 00:15:00+00:00,6.55,6.61,6.55,6.59
2026-08-20 00:30:00+00:00,6.6,6.65,6.6,6.61
2026-08-20 00:45:00+00:00,6.62,6.64,6.59,6.6
2026-08-20 01:00:00+00:00,6.6,6.61,6.57,6.57
2026-08-20 01:15:00+00:00,6.58,6.6,6.56,6.59
2026-08-20 01:30:00+00:00,6.59,6.63,6.59,6.63
2026-08-20 01:45:00+00:00,6.64,6.66,6.63,6.65
2026-08-20 02:00:00+00:00,6.65,6.65,6.6,6.61
2026-08-20 02:15:00+00:00,6.61,6.62,6.6,6.6
2026-08-20 02:30:00+00:00,6.6,6.62,6.6,6.61
2026-08-20 02:45:00+00:00,6.61,6.61,6.58,6.58
2026-08-20 03:00:00+00:00,6.57,6.57,6.49,6.5
2026-08-20 03:15:00+00:00,6.51,6.54,6.5,6.5
2026-08-20 03:30:00+00:00,6.51,6.52,6.5,6.51
2026-08-20 03:45:00+00:00,6.51,6.54,6.51,6.51
2026-08-20 04:00:00+00:00,6.51,6.55,6.51,6.54
2026-08-20 04:15:00+00:00,6.54,6.57,6.54,6.55
2026-08-20 04:30:00+00:00,6.55,6.56,6.54,6.54
2026-08-20 04:45:00+00:00,6.54,6.57,6.54,6.57
2026-08-20 05:00:00+00:00,6.56,6.6,6.56,6.57
2026-08-20 05:15:00+00:00,6.57,6.59,6.57,6.58
2026-08-20 05:30:00+00:00,6.57,6.58,6.57,6.57
2026-08-20 05:45:00+00:00,6.57,6.57,6.55,6.56
2026-08-20 06:00:00+00:00,6.56,6.57,6.55,6.57
2026-08-20 06:15:00+00:00,6.56,6.61,6.56,6.59
2026-08-20 06:30:00+00:00,6.6,6.61,6.59,6.61
2026-08-20 06:45:00+00:00,6.61,6.62,6.6,6.6
2026-08-20 07:00:00+00:00,6.6,6.62,6.6,6.61
2026-08-20 07:15:00+00:00,6.61,6.61,6.58,6.58
2026-08-20 07:30:00+00:00,6.58,6.58,6.56,6.57
2026-08-20 07:45:00+00:00,6.58,6.6,6.57,6.6
2026-08-20 08:00:00+00:00,6.59,6.71,6.59,6.7
2026-08-20 08:15:00+00:00,6.69,6.72,6.67,6.7
2026-08-20 08:30:00+00:00,6.7,6.79,6.7,6.75
2026-08-20 08:45:00+00:00,6.75,6.76,6.74,6.74
2026-08-20 09:00:00+00:00,6.74,6.75,6.71,6.74
2026-08-20 09:15:00+00:00,6.74,6.75,6.71,6.71
2026-08-20 09:30:00+00:00,6.72,6.73,6.7,6.72
2026-08-20 09:45:00+00:00,6.72,6.72,6.7,6.71
2026-08-20 10:00:00+00:00,6.71,6.75,6.7,6.74
2026-08-20 10:15:00+00:00,6.75,6.77,6.73,6.73
2026-08-20 10:30:00+00:00,6.74,6.74,6.72,6.73
2026-08-20 10:45:00+00:00,6.73,6.73,6.71,6.71
2026-08-20 11:00:00+00:00,6.71,6.72,6.69,6.69
2026-08-20 11:15:00+00:00,6.7,6.72,6.69,6.71
2026-08-20 11:30:00+00:00,6.71,6.78,6.71,6.75
2026-08-20 11:45:00+00:00,6.75,6.76,6.73,6.75
2026-08-20 12:00:00+00:00,6.74,6.77,6.71,6.73
2026-08-20 12:15:00+00:00,6.72,6.74,6.71,6.73
2026-08-20 12:30:00+00:00,6.72,6.72,6.69,6.71
2026-08-20 12:45:00+00:00,6.71,6.74,6.69,6.74
2026-08-20 13:00:00+00:00,6.74,6.76,6.73,6.74
2026-08-20 13:15:00+00:00,6.74,6.76,6.74,6.75
2026-08-20 13:30:00+00:00,6.74,6.74,6.68,6.73
2026-08-20 13:45:00+00:00,6.73,6.78,6.71,6.78
2026-08-20 14:00:00+00:00,6.78,6.8,6.77,6.78
2026-08-20 14:15:00+00:00,6.79,6.79,6.74,6.75
2026-08-20 14:30:00+00:00,6.75,6.79,6.75,6.76
2026-08-20 14:45:00+00:00,6.75,6.78,6.74,6.77
2026-08-20 15:00:00+00:00,6.78,6.85,6.78,6.84
2026-08-20 15:15:00+00:00,6.84,6.85,6.8,6.82
2026-08-20 15:30:00+00:00,6.82,6.84,6.81,6.82
2026-08-20 15:45:00+00:00,6.82,6.87,6.82,6.85
2026-08-20 16:00:00+00:00,6.86,6.89,6.82,6.83
2026-08-20 16:15:00+00:00,6.83,6.84,6.82,6.84
2026-08-20 16:30:00+00:00,6.83,6.92,6.83,6.91
2026-08-20 16:45:00+00:00,6.91,6.93,6.9,6.91
2026-08-20 17:00:00+00:00,6.92,6.93,6.91,6.92
2026-08-20 17:15:00+00:00,6.91,6.96,6.91,6.94
2026-08-20 17:30:00+00:00,6.95,6.96,6.93,6.94
2026-08-20 17:45:00+00:00,6.93,6.96,6.91,6.91
2026-08-20 18:00:00+00:00,6.92,6.94,6.86,6.88
2026-08-20 18:15:00+00:00,6.88,6.88,6.85,6.86
2026-08-20 18:30:00+00:00,6.85,6.85,6.8,6.82
2026-08-20 18:45:00+00:00,6.82,6.84,6.82,6.82
2026-08-20 19:00:00+00:00,6.83,6.84,6.81,6.84
2026-08-20 19:15:00+00:00,6.83,6.86,6.83,6.84
2026-08-20 19:30:00+00:00,6.83,6.84,6.82,6.83
2026-08-20 19:45:00+00:00,6.83,6.84,6.8,6.81
2026-08-20 20:00:00+00:00,6.81,6.85,6.81,6.84
2026-08-20 20:15:00+00:00,6.84,6.87,6.83,6.87
2026-08-20 20:30:00+00:00,6.86,6.88,6.85,6.87
2026-08-20 20:45:00+00:00,6.87,6.87,6.85,6.87
2026-08-20 21:00:00+00:00,6.88,6.9,6.87,6.89
2026-08-20 21:15:00+00:00,6.89,6.93,6.87,6.87
2026-08-20 21:30:00+00:00,6.88,6.9,6.88,6.9
2026-08-20 21:45:00+00:00,6.89,6.9,6.89,6.9
2026-08-20 22:00:00+00:00,6.9,6.91,6.87,6.89
2026-08-20 22:15:00+00:00,6.88,6.9,6.87,6.9
2026-08-20 22:30:00+00:00,6.9,6.91,6.89,6.89
2026-08-20 22:45:00+00:00,6.89,6.91,6.89,6.9
2026-08-20 23:00:00+00:00,6.9,6.92,6.9,6.91
2026-08-20 23:15:00+00:00,6.91,6.96,6.91,6.95
2026-08-20 23:30:00+00:00,6.96,6.98,6.95,6.96
2026-08-20 23:45:00+00:00,6.96,6.97,6.95,6.96
2026-08-21 00:00:00+00:00,6.96,6.97,6.94,6.97
2026-08-21 00:15:00+00:00,6.97,7.0,6.96,6.97
2026-08-21 00:30:00+00:00,6.97,6.99,6.95,6.96
2026-08-21 00:45:00+00:00,6.96,6.98,6.95,6.95
2026-08-21 01:00:00+00:00,6.95,6.97,6.94,6.95
2026-08-21 01:15:00+00:00,6.96,7.0,6.94,6.96
2026-08-21 01:30:00+00:00,6.97,6.99,6.97,6.98
2026-08-21 01:45:00+00:00,6.99,7.05,6.98,7.03
2026-08-21 02:00:00+00:00,7.02,7.04,7.0,7.03
2026-08-21 02:15:00+00:00,7.04,7.11,7.02,7.1
2026-08-21 02:30:00+00:00,7.09,7.09,7.04,7.06
2026-08-21 02:45:00+00:00,7.05,7.06,7.02,7.03
2026-08-21 03:00:00+00:00,7.04,7.06,7.02,7.04
2026-08-21 03:15:00+00:00,7.03,7.06,7.03,7.06
2026-08-21 03:30:00+00:00,7.06,7.08,7.05,7.05
2026-08-21 03:45:00+00:00,7.05,7.08,7.04,7.04
2026-08-21 04:00:00+00:00,7.05,7.07,7.03,7.04
2026-08-21 04:15:00+00:00,7.04,7.05,7.04,7.04
2026-08-21 04:30:00+00:00,7.04,7.08,7.04,7.06
2026-08-21 04:45:00+00:00,7.06,7.08,7.05,7.06
2026-08-21 05:00:00+00:00,7.05,7.07,7.03,7.06
2026-08-21 05:15:00+00:00,7.06,7.08,7.03,7.04
2026-08-21 05:30:00+00:00,7.04,7.07,7.04,7.06
2026-08-21 05:45:00+00:00,7.06,7.11,7.06,7.11
2026-08-21 06:00:00+00:00,7.1,7.11,7.09,7.09
2026-08-21 06:15:00+00:00,7.1,7.14,7.08,7.1
2026-08-21 06:30:00+00:00,7.1,7.11,7.07,7.07
2026-08-21 06:45:00+00:00,7.07,7.1,7.06,7.09
2026-08-21 07:00:00+00:00,7.09,7.12,7.08,7.1
2026-08-21 07:15:00+00:00,7.1,7.17,7.1,7.17
2026-08-21 07:30:00+00:00,7.17,7.3,7.16,7.29
2026-08-21 07:45:00+00:00,7.3,7.32,7.24,7.27
2026-08-21 08:00:00+00:00,7.28,7.31,7.25,7.26
2026-08-21 08:15:00+00:00,7.27,7.37,7.27,7.36
2026-08-21 08:30:00+00:00,7.36,7.48,7.35,7.44
2026-08-21 08:45:00+00:00,7.43,7.52,7.43,7.51
2026-08-21 09:00:00+00:00,7.52,7.52,7.25,7.29
2026-08-21 09:15:00+00:00,7.29,7.31,7.24,7.29
2026-08-21 09:30:00+00:00,7.29,7.41,7.28,7.4
2026-08-21 09:45:00+00:00,7.4,7.46,7.38,7.45
2026-08-21 10:00:00+00:00,7.45,7.49,7.43,7.45
2026-08-21 10:15:00+00:00,7.45,7.46,7.37,7.39
2026-08-21 10:30:00+00:00,7.4,7.41,7.36,7.4
2026-08-21 10:45:00+00:00,7.41,7.45,7.41,7.44
2026-08-21 11:00:00+00:00,7.44,7.45,7.38,7.41
2026-08-21 11:15:00+00:00,7.42,7.42,7.39,7.42
2026-08-21 11:30:00+00:00,7.42,7.42,7.28,7.32
2026-08-21 11:45:00+00:00,7.34,7.34,7.27,7.3
2026-08-21 12:00:00+00:00,7.31,7.35,7.29,7.35
2026-08-21 12:15:00+00:00,7.35,7.37,7.33,7.36
2026-08-21 12:30:00+00:00,7.36,7.43,7.35,7.41
2026-08-21 12:45:00+00:00,7.41,7.42,7.38,7.39
2026-08-21 13:00:00+00:00,7.39,7.4,7.37,7.39
2026-08-21 13:15:00+00:00,7.39,7.4,7.34,7.4
2026-08-21 13:30:00+00:00,7.4,7.43,7.34,7.43
2026-08-21 13:45:00+00:00,7.44,7.47,7.4,7.43
2026-08-21 14:00:00+00:00,7.42,7.45,7.38,7.42
2026-08-21 14:15:00+00:00,7.42,7.43,7.39,7.43
2026-08-21 14:30:00+00:00,7.42,7.44,7.39,7.42
2026-08-21 14:45:00+00:00,7.43,7.49,7.43,7.47
2026-08-21 15:00:00+00:00,7.46,7.49,7.46,7.49
2026-08-21 15:15:00+00:00,7.48,7.5,7.44,7.46
2026-08-21 15:30:00+00:00,7.46,7.48,7.43,7.47
2026-08-21 15:45:00+00:00,7.47,7.5,7.46,7.48
2026-08-21 16:00:00+00:00,7.49,7.51,7.45,7.46
2026-08-21 16:15:00+00:00,7.45,7.49,7.44,7.49
2026-08-21 16:30:00+00:00,7.48,7.51,7.47,7.49
2026-08-21 16:45:00+00:00,7.49,7.52,7.48,7.51
2026-08-21 17:00:00+00:00,7.51,7.54,7.49,7.5
2026-08-21 17:15:00+00:00,7.5,7.5,7.42,7.48
2026-08-21 17:30:00+00:00,7.48,7.5,7.47,7.48
2026-08-21 17:45:00+00:00,7.48,7.52,7.47,7.52
2026-08-21 18:00:00+00:00,7.52,7.6,7.52,7.58
2026-08-21 18:15:00+00:00,7.59,7.65,7.59,7.62
2026-08-21 18:30:00+00:00,7.62,7.62,7.52,7.54
2026-08-21 18:45:00+00:00,7.54,7.57,7.5,7.56
2026-08-21 19:00:00+00:00,7.55,7.57,7.48,7.56
2026-08-21 19:15:00+00:00,7.57,7.65,7.55,7.65
2026-08-21 19:30:00+00:00,7.66,7.66,7.58,7.58
2026-08-21 19:45:00+00:00,7.57,7.6,7.55,7.56
2026-08-21 20:00:00+00:00,7.57,7.67,7.54,7.67
2026-08-21 20:15:00+00:00,7.67,7.71,7.64,7.65
2026-08-21 20:30:00+00:00,7.65,7.67,7.63,7.66
2026-08-21 20:45:00+00:00,7.65,7.69,7.64,7.68
2026-08-21 21:00:00+00:00,7.68,7.75,7.67,7.73
2026-08-21 21:15:00+00:00,7.73,7.8,7.72,7.8
2026-08-21 21:30:00+00:00,7.81,7.9,7.78,7.9
2026-08-21 21:45:00+00:00,7.91,7.99,7.9,7.99
2026-08-21 22:00:00+00:00,7.99,8.0,7.9,7.95
2026-08-21 22:15:00+00:00,7.95,8.02,7.95,7.99
2026-08-21 22:30:00+00:00,7.99,8.03,7.91,7.98
2026-08-21 22:45:00+00:00,7.98,8.06,7.98,8.04
2026-08-21 23:00:00+00:00,8.04,8.15,8.03,8.14
2026-08-21 23:15:00+00:00,8.14,8.26,8.14,8.24
2026-08-21 23:30:00+00:00,8.25,8.34,8.24,8.33
2026-08-21 23:45:00+00:00,8.33,8.37,8.18,8.35
2026-08-22 00:00:00+00:00,8.35,8.48,8.33,8.46
2026-08-22 00:15:00+00:00,8.46,8.66,8.45,8.6
2026-08-22 00:30:00+00:00,8.6,8.7,8.53,8.61
2026-08-22 00:45:00+00:00,8.61,8.78,8.55,8.78
2026-08-22 01:00:00+00:00,8.77,8.92,8.72,8.75
2026-08-22 01:15:00+00:00,8.75,8.95,8.73,8.88
2026-08-22 01:30:00+00:00,8.89,8.98,8.89,8.96
2026-08-22 01:45:00+00:00,8.95,8.96,8.63,8.72
2026-08-22 02:00:00+00:00,8.72,8.77,8.57,8.64
2026-08-22 02:15:00+00:00,8.65,8.85,8.61,8.81
2026-08-22 02:30:00+00:00,8.81,8.86,8.74,8.86
2026-08-22 02:45:00+00:00,8.85,8.94,8.84,8.9
2026-08-22 03:00:00+00:00,8.91,9.0,8.89,8.96
2026-08-22 03:15:00+00:00,8.96,9.1,8.95,9.06
2026-08-22 03:30:00+00:00,9.06,9.06,8.74,8.83
2026-08-22 03:45:00+00:00,8.83,8.91,8.8,8.86
2026-08-22 04:00:00+00:00,8.85,8.86,8.75,8.78
2026-08-22 04:15:00+00:00,8.78,8.84,8.72,8.8
2026-08-22 04:30:00+00:00,8.8,8.93,8.78,8.93
2026-08-22 04:45:00+00:00,8.93,8.93,8.65,8.67
2026-08-22 05:00:00+00:00,8.67,8.72,7.3,8.05
2026-08-22 05:15:00+00:00,8.05,8.22,7.89,8.2
2026-08-22 05:30:00+00:00,8.19,8.34,8.1,8.13
2026-08-22 05:45:00+00:00,8.13,8.29,8.12,8.25
2026-08-22 06:00:00+00:00,8.25,8.27,8.13,8.23
2026-08-22 06:15:00+00:00,8.23,8.32,8.22,8.26
2026-08-22 06:30:00+00:00,8.25,8.34,8.17,8.31
2026-08-22 06:45:00+00:00,8.32,8.34,8.25,8.26
2026-08-22 07:00:00+00:00,8.26,8.3,8.22,8.25
2026-08-22 07:15:00+00:00,8.26,8.28,8.22,8.28
2026-08-22 07:30:00+00:00,8.28,8.3,8.19,8.2
2026-08-22 07:45:00+00:00,8.2,8.25,8.18,8.23
2026-08-22 08:00:00+00:00,8.23,8.27,8.16,8.26
2026-08-22 08:15:00+00:00,8.26,8.26,8.13,8.14
2026-08-22 08:30:00+00:00,8.13,8.14,8.07,8.14
2026-08-22 08:45:00+00:00,8.13,8.18,8.09,8.12
2026-08-22 09:00:00+00:00,8.12,8.12,7.98,8.11
2026-08-22 09:15:00+00:00,8.12,8.13,8.06,8.09
2026-08-22 09:30:00+00:00,8.09,8.09,8.02,8.05
2026-08-22 09:45:00+00:00,8.05,8.06,7.98,8.02
2026-08-22 10:00:00+00:00,8.02,8.02,7.87,7.88
2026-08-22 10:15:00+00:00,7.88,7.92,7.8,7.88
2026-08-22 10:30:00+00:00,7.89,8.01,7.86,8.01
2026-08-22 10:45:00+00:00,8.01,8.01,7.94,7.96
2026-08-22 11:00:00+00:00,7.96,7.97,7.92,7.93
2026-08-22 11:15:00+00:00,7.92,7.92,7.87,7.89
2026-08-22 11:30:00+00:00,7.88,7.97,7.88,7.96
2026-08-22 11:45:00+00:00,7.96,7.97,7.92,7.94
2026-08-22 12:00:00+00:00,7.93,8.01,7.92,8.01
2026-08-22 12:15:00+00:00,8.0,8.03,7.98,8.0
2026-08-22 12:30:00+00:00,8.0,8.0,7.96,7.99
2026-08-22 12:45:00+00:00,7.99,7.99,7.96,7.97
2026-08-22 13:00:00+00:00,7.96,7.97,7.89,7.92
2026-08-22 13:15:00+00:00,7.92,7.94,7.86,7.9
2026-08-22 13:30:00+00:00,7.9,7.93,7.89,7.91
2026-08-22 13:45:00+00:00,7.91,7.95,7.91,7.95
2026-08-22 14:00:00+00:00,7.94,7.99,7.84,7.89
2026-08-22 14:15:00+00:00,7.9,7.91,7.84,7.89
2026-08-22 14:30:00+00:00,7.89,7.94,7.87,7.87
2026-08-22 14:45:00+00:00,7.86,7.87,7.81,7.85
2026-08-22 15:00:00+00:00,7.85,7.89,7.83,7.83
2026-08-22 15:15:00+00:00,7.83,7.87,7.8,7.86
2026-08-22 15:30:00+00:00,7.86,7.92,7.84,7.84
2026-08-22 15:45:00+00:00,7.84,7.85,7.77,7.81
2026-08-22 16:00:00+00:00,7.81,7.89,7.8,7.89
2026-08-22 16:15:00+00:00,7.89,7.95,7.88,7.94
2026-08-22 16:30:00+00:00,7.94,8.03,7.94,8.02
2026-08-22 16:45:00+00:00,8.02,8.03,7.92,7.93
2026-08-22 17:00:00+00:00,7.94,7.96,7.91,7.91
2026-08-22 17:15:00+00:00,7.92,7.94,7.86,7.87
2026-08-22 17:30:00+00:00,7.86,7.96,7.86,7.96
2026-08-22 17:45:00+00:00,7.96,8.0,7.95,7.97
2026-08-22 18:00:00+00:00,7.97,7.97,7.91,7.93
2026-08-22 18:15:00+00:00,7.93,7.95,7.93,7.94
2026-08-22 18:30:00+00:00,7.94,7.95,7.92,7.92
2026-08-22 18:45:00+00:00,7.91,7.94,7.9,7.94
2026-08-22 19:00:00+00:00,7.94,7.95,7.92,7.95
2026-08-22 19:15:00+00:00,7.94,7.96,7.93,7.94
2026-08-22 19:30:00+00:00,7.95,7.99,7.95,7.99
2026-08-22 19:45:00+00:00,7.98,7.99,7.95,7.95
2026-08-22 20:00:00+00:00,7.94,8.0,7.93,8.0
2026-08-22 20:15:00+00:00,7.99,8.0,7.95,7.96
2026-08-22 20:30:00+00:00,7.96,7.99,7.95,7.96
2026-08-22 20:45:00+00:00,7.96,7.98,7.94,7.95
2026-08-22 21:00:00+00:00,7.96,7.96,7.85,7.86
2026-08-22 21:15:00+00:00,7.87,7.92,7.87,7.92
2026-08-22 21:30:00+00:00,7.91,7.91,7.79,7.84
2026-08-22 21:45:00+00:00,7.85,7.85,7.8,7.82
2026-08-22 22:00:00+00:00,7.83,7.87,7.78,7.87
2026-08-22 22:15:00+00:00,7.86,7.9,7.85,7.9
2026-08-22 22:30:00+00:00,7.89,7.9,7.84,7.89
2026-08-22 22:45:00+00:00,7.89,7.91,7.88,7.88
2026-08-22 23:00:00+00:00,7.89,7.9,7.88,7.89
2026-08-22 23:15:00+00:00,7.9,7.9,7.88,7.88
2026-08-22 23:30:00+00:00,7.88,7.9,7.87,7.88
2026-08-22 23:45:00+00:00,7.89,7.91,7.88,7.9
2026-08-23 00:00:00+00:00,7.9,7.91,7.86,7.87
2026-08-23 00:15:00+00:00,7.88,7.94,7.87,7.94
2026-08-23 00:30:00+00:00,7.95,7.99,7.94,7.98
2026-08-23 00:45:00+00:00,7.97,8.03,7.97,7.99
2026-08-23 01:00:00+00:00,7.99,7.99,7.92,7.95
2026-08-23 01:15:00+00:00,7.96,7.96,7.88,7.92
2026-08-23 01:30:00+00:00,7.92,7.96,7.87,7.91
2026-08-23 01:45:00+00:00,7.91,7.94,7.87,7.88
2026-08-23 02:00:00+00:00,7.87,7.88,7.82,7.82
2026-08-23 02:15:00+00:00,7.82,7.86,7.79,7.79
2026-08-23 02:30:00+00:00,7.8,7.86,7.8,7.83
2026-08-23 02:45:00+00:00,7.84,7.88,7.82,7.82
2026-08-23 03:00:00+00:00,7.82,7.84,7.79,7.82
2026-08-23 03:15:00+00:00,7.82,7.85,7.74,7.75
2026-08-23 03:30:00+00:00,7.75,7.75,7.69,7.69
2026-08-23 03:45:00+00:00,7.7,7.74,7.7,7.71
2026-08-23 04:00:00+00:00,7.71,7.78,7.69,7.78
2026-08-23 04:15:00+00:00,7.78,7.8,7.75,7.78
2026-08-23 04:30:00+00:00,7.77,7.78,7.73,7.74
2026-08-23 04:45:00+00:00,7.74,7.74,7.66,7.69
2026-08-23 05:00:00+00:00,7.68,7.72,7.66,7.66
2026-08-23 05:15:00+00:00,7.67,7.79,7.62,7.76
2026-08-23 05:30:00+00:00,7.75,7.78,7.71,7.72
2026-08-23 05:45:00+00:00,7.73,7.74,7.69,7.69
2026-08-23 06:00:00+00:00,7.69,7.73,7.65,7.72
2026-08-23 06:15:00+00:00,7.72,7.76,7.72,7.73
2026-08-23 06:30:00+00:00,7.73,7.78,7.73,7.74
2026-08-23 06:45:00+00:00,7.74,7.75,7.68,7.7
2026-08-23 07:00:00+00:00,7.7,7.76,7.7,7.75
2026-08-23 07:15:00+00:00,7.74,7.77,7.74,7.76
2026-08-23 07:30:00+00:00,7.75,7.76,7.73,7.75
2026-08-23 07:45:00+00:00,7.75,7.78,7.74,7.75
2026-08-23 08:00:00+00:00,7.75,7.82,7.74,7.79
2026-08-23 08:15:00+00:00,7.79,7.81,7.78,7.79
2026-08-23 08:30:00+00:00,7.79,7.89,7.79,7.88
2026-08-23 08:45:00+00:00,7.87,7.88,7.81,7.82
2026-08-23 09:00:00+00:00,7.82,7.86,7.82,7.83
2026-08-23 09:15:00+00:00,7.83,7.84,7.81,7.83
2026-08-23 09:30:00+00:00,7.83,7.83,7.79,7.8
2026-08-23 09:45:00+00:00,7.81,7.87,7.79,7.83
2026-08-23 10:00:00+00:00,7.84,7.86,7.83,7.84
2026-08-23 10:15:00+00:00,7.84,7.9,7.84,7.87
2026-08-23 10:30:00+00:00,7.86,7.88,7.83,7.85
2026-08-23 10:45:00+00:00,7.85,7.86,7.82,7.84
2026-08-23 11:00:00+00:00,7.83,7.85,7.82,7.82
2026-08-23 11:15:00+00:00,7.82,7.9,7.82,7.86
2026-08-23 11:30:00+00:00,7.86,7.91,7.86,7.88
2026-08-23 11:45:00+00:00,7.89,7.89,7.87,7.88
2026-08-23 12:00:00+00:00,7.88,7.89,7.8,7.82
2026-08-23 12:15:00+00:00,7.81,7.83,7.79,7.8
2026-08-23 12:30:00+00:00,7.8,7.83,7.75,7.83
2026-08-23 12:45:00+00:00,7.83,7.83,7.74,7.78
2026-08-23 13:00:00+00:00,7.78,7.8,7.77,7.8
2026-08-23 13:15:00+00:00,7.79,7.9,7.78,7.84
2026-08-23 13:30:00+00:00,7.84,7.99,7.83,7.97
2026-08-23 13:45:00+00:00,7.96,7.96,7.91,7.95
2026-08-23 14:00:00+00:00,7.94,7.99,7.91,7.98
2026-08-23 14:15:00+00:00,7.97,7.99,7.94,7.94
2026-08-23 14:30:00+00:00,7.94,7.98,7.74,7.84
2026-08-23 14:45:00+00:00,7.84,7.9,7.84,7.89
2026-08-23 15:00:00+00:00,7.9,7.93,7.85,7.88
2026-08-23 15:15:00+00:00,7.88,7.94,7.84,7.92
2026-08-23 15:30:00+00:00,7.93,7.98,7.92,7.96
2026-08-23 15:45:00+00:00,7.95,7.96,7.92,7.92
2026-08-23 16:00:00+00:00,7.93,7.95,7.88,7.92
2026-08-23 16:15:00+00:00,7.91,7.91,7.85,7.87
2026-08-23 16:30:00+00:00,7.86,7.9,7.86,7.88
2026-08-23 16:45:00+00:00,7.87,7.9,7.87,7.88
2026-08-23 17:00:00+00:00,7.88,7.9,7.83,7.88
2026-08-23 17:15:00+00:00,7.88,7.9,7.85,7.87
2026-08-23 17:30:00+00:00,7.87,7.88,7.84,7.86
2026-08-23 17:45:00+00:00,7.87,7.88,7.84,7.85
2026-08-23 18:00:00+00:00,7.85,7.9,7.84,7.9
2026-08-23 18:15:00+00:00,7.9,7.9,7.87,7.89
2026-08-23 18:30:00+00:00,7.89,7.91,7.88,7.91
2026-08-23 18:45:00+00:00,7.91,7.92,7.9,7.92
2026-08-23 19:00:00+00:00,7.92,7.92,7.87,7.88
2026-08-23 19:15:00+00:00,7.87,7.89,7.87,7.89
2026-08-23 19:30:00+00:00,7.88,7.9,7.87,7.9
2026-08-23 19:45:00+00:00,7.91,7.92,7.89,7.89
2026-08-23 20:00:00+00:00,7.89,7.89,7.86,7.88
2026-08-23 20:15:00+00:00,7.88,7.9,7.88,7.89
2026-08-23 20:30:00+00:00,7.89,7.9,7.89,7.9
2026-08-23 20:45:00+00:00,7.9,7.91,7.9,7.91
2026-08-23 21:00:00+00:00,7.92,7.99,7.91,7.99
2026-08-23 21:15:00+00:00,7.99,8.04,7.99,8.03
2026-08-23 21:30:00+00:00,8.03,8.03,7.97,7.99
2026-08-23 21:45:00+00:00,7.98,8.03,7.97,8.01
2026-08-23 22:00:00+00:00,8.01,8.03,7.96,7.97
2026-08-23 22:15:00+00:00,7.97,8.01,7.97,8.0
2026-08-23 22:30:00+00:00,8.0,8.01,7.98,7.98
2026-08-23 22:45:00+00:00,7.99,8.0,7.97,7.98
2026-08-23 23:00:00+00:00,7.99,7.99,7.93,7.94
2026-08-23 23:15:00+00:00,7.94,7.98,7.92,7.95
2026-08-23 23:30:00+00:00,7.96,7.99,7.92,7.93
2026-08-23 23:45:00+00:00,7.94,7.96,7.93,7.95
2026-08-24 00:00:00+00:00,7.95,7.97,7.87,7.89
2026-08-24 00:15:00+00:00,7.88,7.89,7.79,7.83
2026-08-24 00:30:00+00:00,7.84,7.87,7.8,7.81
2026-08-24 00:45:00+00:00,7.81,7.87,7.76,7.87
2026-08-24 01:00:00+00:00,7.88,7.88,7.82,7.83
2026-08-24 01:15:00+00:00,7.82,7.83,7.74,7.77
2026-08-24 01:30:00+00:00,7.77,7.8,7.73,7.74
2026-08-24 01:45:00+00:00,7.74,7.74,7.67,7.67
2026-08-24 02:00:00+00:00,7.68,7.72,7.64,7.71
2026-08-24 02:15:00+00:00,7.72,7.76,7.72,7.75
2026-08-24 02:30:00+00:00,7.75,7.79,7.75,7.76
2026-08-24 02:45:00+00:00,7.75,7.76,7.72,7.76
2026-08-24 03:00:00+00:00,7.76,7.76,7.74,7.74
2026-08-24 03:15:00+00:00,7.73,7.77,7.73,7.74
2026-08-24 03:30:00+00:00,7.73,7.73,7.69,7.7
2026-08-24 03:45:00+00:00,7.7,7.74,7.7,7.7
2026-08-24 04:00:00+00:00,7.7,7.74,7.7,7.74
2026-08-24 04:15:00+00:00,7.74,7.78,7.74,7.78
2026-08-24 04:30:00+00:00,7.78,7.78,7.75,7.78
2026-08-24 04:45:00+00:00,7.77,7.77,7.72,7.74
2026-08-24 05:00:00+00:00,7.74,7.78,7.73,7.78
2026-08-24 05:15:00+00:00,7.79,7.79,7.73,7.73
2026-08-24 05:30:00+00:00,7.72,7.74,7.69,7.74
2026-08-24 05:45:00+00:00,7.73,7.74,7.72,7.73
2026-08-24 06:00:00+00:00,7.74,7.76,7.68,7.75
2026-08-24 06:15:00+00:00,7.75,7.75,7.72,7.73
2026-08-24 06:30:00+00:00,7.72,7.72,7.66,7.67
2026-08-24 06:45:00+00:00,7.66,7.71,7.66,7.69
2026-08-24 07:00:00+00:00,7.69,7.76,7.69,7.76
2026-08-24 07:15:00+00:00,7.75,7.75,7.72,7.73
2026-08-24 07:30:00+00:00,7.73,7.74,7.7,7.7
2026-08-24 07:45:00+00:00,7.71,7.73,7.7,7.72
2026-08-24 08:00:00+00:00,7.72,7.75,7.7,7.71
2026-08-24 08:15:00+00:00,7.71,7.71,7.65,7.66
2026-08-24 08:30:00+00:00,7.65,7.7,7.64,7.7
2026-08-24 08:45:00+00:00,7.7,7.71,7.68,7.69
2026-08-24 09:00:00+00:00,7.69,7.75,7.68,7.73
2026-08-24 09:15:00+00:00,7.74,7.76,7.73,7.76
2026-08-24 09:30:00+00:00,7.75,7.78,7.75,7.77
2026-08-24 09:45:00+00:00,7.76,7.76,7.75,7.75
2026-08-24 10:00:00+00:00,7.75,7.83,7.75,7.81
2026-08-24 10:15:00+00:00,7.8,7.81,7.79,7.79
2026-08-24 10:30:00+00:00,7.78,7.8,7.75,7.75
2026-08-24 10:45:00+00:00,7.75,7.77,7.73,7.74
2026-08-24 11:00:00+00:00,7.73,7.73,7.68,7.73
2026-08-24 11:15:00+00:00,7.73,7.76,7.73,7.76
2026-08-24 11:30:00+00:00,7.76,7.89,7.76,7.88
2026-08-24 11:45:00+00:00,7.88,7.88,7.82,7.84
2026-08-24 12:00:00+00:00,7.83,7.84,7.8,7.81
2026-08-24 12:15:00+00:00,7.81,7.84,7.76,7.83
2026-08-24 12:30:00+00:00,7.83,7.87,7.8,7.87
2026-08-24 12:45:00+00:00,7.87,7.93,7.87,7.93
2026-08-24 13:00:00+00:00,7.92,7.93,7.89,7.92
2026-08-24 13:15:00+00:00,7.91,7.91,7.86,7.86
2026-08-24 13:30:00+00:00,7.86,7.86,7.68,7.71
2026-08-24 13:45:00+00:00,7.71,7.76,7.68,7.76
2026-08-24 14:00:00+00:00,7.75,7.8,7.74,7.8
2026-08-24 14:15:00+00:00,7.79,7.85,7.77,7.83
2026-08-24 14:30:00+00:00,7.83,7.88,7.82,7.85
2026-08-24 14:45:00+00:00,7.86,7.87,7.81,7.81
2026-08-24 15:00:00+00:00,7.82,7.88,7.81,7.85
2026-08-24 15:15:00+00:00,7.85,7.93,7.85,7.91
2026-08-24 15:30:00+00:00,7.9,7.92,7.76,7.79
2026-08-24 15:45:00+00:00,7.79,7.81,7.73,7.76
2026-08-24 16:00:00+00:00,7.76,7.88,7.76,7.86
2026-08-24 16:15:00+00:00,7.87,7.89,7.86,7.89
2026-08-24 16:30:00+00:00,7.9,7.9,7.85,7.89
2026-08-24 16:45:00+00:00,7.88,7.88,7.81,7.84
2026-08-24 17:00:00+00:00,7.84,7.86,7.78,7.84
2026-08-24 17:15:00+00:00,7.83,7.85,7.69,7.72
2026-08-24 17:30:00+00:00,7.7,7.75,7.69,7.71
2026-08-24 17:45:00+00:00,7.72,7.77,7.72,7.76
2026-08-24 18:00:00+00:00,7.77,7.81,7.77,7.8
2026-08-24 18:15:00+00:00,7.81,7.82,7.8,7.81
2026-08-24 18:30:00+00:00,7.81,7.82,7.76,7.78
2026-08-24 18:45:00+00:00,7.79,7.79,7.75,7.76
2026-08-24 19:00:00+00:00,7.76,7.77,7.72,7.74
2026-08-24 19:15:00+00:00,7.75,7.75,7.71,7.75
2026-08-24 19:30:00+00:00,7.75,7.76,7.74,7.75
2026-08-24 19:45:00+00:00,7.75,7.75,7.73,7.74
2026-08-24 20:00:00+00:00,7.75,7.75,7.71,7.74
2026-08-24 20:15:00+00:00,7.73,7.74,7.71,7.72
2026-08-24 20:30:00+00:00,7.71,7.79,7.71,7.77
2026-08-24 20:45:00+00:00,7.78,7.79,7.77,7.79
2026-08-24 21:00:00+00:00,7.8,7.83,7.79,7.81
2026-08-24 21:15:00+00:00,7.81,7.82,7.79,7.79
2026-08-24 21:30:00+00:00,7.8,7.8,7.79,7.79
2026-08-24 21:45:00+00:00,7.79,7.81,7.79,7.8
2026-08-24 22:00:00+00:00,7.8,7.8,7.75,7.76
2026-08-24 22:15:00+00:00,7.75,7.75,7.74,7.74
2026-08-24 22:30:00+00:00,7.74,7.79,7.73,7.75
2026-08-24 22:45:00+00:00,7.75,7.76,7.73,7.73
2026-08-24 23:00:00+00:00,7.73,7.73,7.7,7.7
2026-08-24 23:15:00+00:00,7.71,7.72,7.7,7.71
2026-08-24 23:30:00+00:00,7.71,7.75,7.71,7.75
2026-08-24 23:45:00+00:00,7.75,7.76,7.74,7.76
2026-08-25 00:00:00+00:00,7.76,7.8,7.75,7.76
2026-08-25 00:15:00+00:00,7.75,7.76,7.71,7.74
2026-08-25 00:30:00+00:00,7.74,7.81,7.73,7.81
2026-08-25 00:45:00+00:00,7.81,7.87,7.8,7.85
2026-08-25 01:00:00+00:00,7.85,7.88,7.81,7.82
2026-08-25 01:15:00+00:00,7.81,7.85,7.8,7.84
2026-08-25 01:30:00+00:00,7.84,7.85,7.82,7.84
2026-08-25 01:45:00+00:00,7.84,7.85,7.82,7.84
2026-08-25 02:00:00+00:00,7.84,7.87,7.81,7.82
2026-08-25 02:15:00+00:00,7.82,8.03,7.82,8.03
2026-08-25 02:30:00+00:00,8.02,8.06,7.97,7.99
2026-08-25 02:45:00+00:00,7.98,7.98,7.9,7.91
2026-08-25 03:00:00+00:00,7.91,7.98,7.88,7.96
2026-08-25 03:15:00+00:00,7.96,8.05,7.94,7.99
2026-08-25 03:30:00+00:00,7.99,8.0,7.95,7.95
2026-08-25 03:45:00+00:00,7.95,7.99,7.94,7.96
2026-08-25 04:00:00+00:00,7.97,8.07,7.96,7.99
2026-08-25 04:15:00+00:00,7.99,8.01,7.97,7.99
2026-08-25 04:30:00+00:00,7.98,8.01,7.96,8.01
2026-08-25 04:45:00+00:00,8.01,8.05,7.99,8.01
2026-08-25 05:00:00+00:00,8.01,8.05,7.99,8.02
2026-08-25 05:15:00+00:00,8.03,8.06,8.01,8.06
2026-08-25 05:30:00+00:00,8.06,8.09,8.04,8.07
2026-08-25 05:45:00+00:00,8.07,8.1,8.03,8.09
2026-08-25 06:00:00+00:00,8.1,8.1,8.04,8.05
2026-08-25 06:15:00+00:00,8.06,8.09,8.05,8.09
2026-08-25 06:30:00+00:00,8.08,8.08,8.0,8.0
2026-08-25 06:45:00+00:00,8.0,8.02,7.92,7.95
2026-08-25 07:00:00+00:00,7.95,8.04,7.95,8.03
2026-08-25 07:15:00+00:00,8.03,8.05,8.0,8.02
2026-08-25 07:30:00+00:00,8.02,8.03,7.98,7.99
2026-08-25 07:45:00+00:00,7.99,8.0,7.79,7.87
2026-08-25 08:00:00+00:00,7.87,7.9,7.86,7.9
2026-08-25 08:15:00+00:00,7.9,7.95,7.9,7.94
2026-08-25 08:30:00+00:00,7.95,7.95,7.91,7.94
2026-08-25 08:45:00+00:00,7.93,7.93,7.88,7.89
2026-08-25 09:00:00+00:00,7.9,7.91,7.85,7.88
2026-08-25 09:15:00+00:00,7.87,7.9,7.87,7.88
2026-08-25 09:30:00+00:00,7.89,7.93,7.89,7.92
2026-08-25 09:45:00+00:00,7.92,7.94,7.83,7.87
2026-08-25 10:00:00+00:00,7.87,7.9,7.84,7.89
2026-08-25 10:15:00+00:00,7.89,7.92,7.88,7.89
2026-08-25 10:30:00+00:00,7.89,7.91,7.88,7.89
2026-08-25 10:45:00+00:00,7.9,7.97,7.9,7.94
2026-08-25 11:00:00+00:00,7.94,7.95,7.91,7.92
2026-08-25 11:15:00+00:00,7.93,7.96,7.92,7.93
2026-08-25 11:30:00+00:00,7.94,7.96,7.93,7.94
2026-08-25 11:45:00+00:00,7.94,7.95,7.92,7.92
2026-08-25 12:00:00+00:00,7.92,7.95,7.88,7.93
2026-08-25 12:15:00+00:00,7.93,7.93,7.85,7.89
2026-08-25 12:30:00+00:00,7.89,7.97,7.88,7.95
2026-08-25 12:45:00+00:00,7.96,8.07,7.94,8.02
2026-08-25 13:00:00+00:00,8.02,8.05,7.93,7.94
2026-08-25 13:15:00+00:00,7.93,7.93,7.82,7.83
2026-08-25 13:30:00+00:00,7.82,7.92,7.82,7.84
2026-08-25 13:45:00+00:00,7.84,7.86,7.73,7.83
2026-08-25 14:00:00+00:00,7.83,7.87,7.82,7.84
2026-08-25 14:15:00+00:00,7.84,7.88,7.82,7.88
2026-08-25 14:30:00+00:00,7.87,7.92,7.85,7.89
2026-08-25 14:45:00+00:00,7.88,7.94,7.88,7.93
2026-08-25 15:00:00+00:00,7.93,7.95,7.88,7.88
2026-08-25 15:15:00+00:00,7.88,7.91,7.86,7.91
2026-08-25 15:30:00+00:00,7.91,7.91,7.87,7.88
2026-08-25 15:45:00+00:00,7.88,7.93,7.86,7.92
2026-08-25 16:00:00+00:00,7.93,7.94,7.88,7.89
2026-08-25 16:15:00+00:00,7.88,7.91,7.87,7.89
2026-08-25 16:30:00+00:00,7.89,8.01,7.88,7.97
2026-08-25 16:45:00+00:00,7.96,8.03,7.95,7.99
2026-08-25 17:00:00+00:00,7.99,8.0,7.87,7.89
2026-08-25 17:15:00+00:00,7.9,7.91,7.87,7.88
2026-08-25 17:30:00+00:00,7.88,7.91,7.87,7.9
2026-08-25 17:45:00+00:00,7.89,7.91,7.88,7.89
2026-08-25 18:00:00+00:00,7.89,7.91,7.87,7.88
2026-08-25 18:15:00+00:00,7.88,7.9,7.87,7.89
2026-08-25 18:30:00+00:00,7.88,7.89,7.86,7.88
2026-08-25 18:45:00+00:00,7.88,7.88,7.83,7.84
2026-08-25 19:00:00+00:00,7.84,7.85,7.8,7.81
2026-08-25 19:15:00+00:00,7.81,7.82,7.78,7.78
2026-08-25 19:30:00+00:00,7.77,7.79,7.75,7.76
2026-08-25 19:45:00+00:00,7.75,7.77,7.75,7.77
2026-08-25 20:00:00+00:00,7.77,7.77,7.7,7.74
2026-08-25 20:15:00+00:00,7.74,7.77,7.74,7.76
2026-08-25 20:30:00+00:00,7.75,7.76,7.65,7.69
2026-08-25 20:45:00+00:00,7.69,7.71,7.65,7.66
2026-08-25 21:00:00+00:00,7.66,7.69,7.51,7.63
2026-08-25 21:15:00+00:00,7.62,7.65,7.59,7.64
2026-08-25 21:30:00+00:00,7.64,7.68,7.64,7.67
2026-08-25 21:45:00+00:00,7.66,7.67,7.65,7.66
2026-08-25 22:00:00+00:00,7.67,7.73,7.67,7.72
2026-08-25 22:15:00+00:00,7.73,7.74,7.68,7.68
2026-08-25 22:30:00+00:00,7.68,7.7,7.68,7.68
2026-08-25 22:45:00+00:00,7.69,7.72,7.69,7.7
2026-08-25 23:00:00+00:00,7.71,7.72,7.7,7.71
2026-08-25 23:15:00+00:00,7.71,7.73,7.68,7.7
2026-08-25 23:30:00+00:00,7.7,7.7,7.65,7.65
2026-08-25 23:45:00+00:00,7.64,7.68,7.64,7.67
2026-08-26 00:00:00+00:00,7.68,7.68,7.64,7.64
2026-08-26 00:15:00+00:00,7.65,7.73,7.65,7.72
2026-08-26 00:30:00+00:00,7.73,7.78,7.72,7.74
2026-08-26 00:45:00+00:00,7.74,7.8,7.74,7.75
2026-08-26 01:00:00+00:00,7.76,7.84,7.76,7.81
2026-08-26 01:15:00+00:00,7.81,7.91,7.81,7.88
2026-08-26 01:30:00+00:00,7.88,7.89,7.86,7.88
2026-08-26 01:45:00+00:00,7.88,7.89,7.81,7.82
2026-08-26 02:00:00+00:00,7.82,7.83,7.73,7.77
2026-08-26 02:15:00+00:00,7.76,7.83,7.76,7.82
2026-08-26 02:30:00+00:00,7.82,7.82,7.79,7.8
2026-08-26 02:45:00+00:00,7.79,7.8,7.78,7.79
2026-08-26 03:00:00+00:00,7.79,7.79,7.75,7.76
2026-08-26 03:15:00+00:00,7.77,7.81,7.77,7.78
2026-08-26 03:30:00+00:00,7.77,7.79,7.76,7.78
2026-08-26 03:45:00+00:00,7.79,7.82,7.76,7.78
2026-08-26 04:00:00+00:00,7.78,7.81,7.77,7.78
2026-08-26 04:15:00+00:00,7.77,7.81,7.77,7.79
2026-08-26 04:30:00+00:00,7.8,7.84,7.79,7.81
2026-08-26 04:45:00+00:00,7.81,7.82,7.76,7.76
2026-08-26 05:00:00+00:00,7.76,7.77,7.71,7.72
2026-08-26 05:15:00+00:00,7.72,7.8,7.72,7.78
2026-08-26 05:30:00+00:00,7.77,7.79,7.77,7.78
2026-08-26 05:45:00+00:00,7.78,7.79,7.77,7.79
2026-08-26 06:00:00+00:00,7.78,7.79,7.75,7.76
2026-08-26 06:15:00+00:00,7.76,7.77,7.75,7.75
2026-08-26 06:30:00+00:00,7.75,7.77,7.73,7.75
2026-08-26 06:45:00+00:00,7.76,7.76,7.75,7.76
2026-08-26 07:00:00+00:00,7.76,7.78,7.75,7.76
2026-08-26 07:15:00+00:00,7.77,7.77,7.76,7.76
2026-08-26 07:30:00+00:00,7.75,7.75,7.73,7.75
2026-08-26 07:45:00+00:00,7.75,7.77,7.73,7.73
2026-08-26 08:00:00+00:00,7.73,7.75,7.72,7.74
2026-08-26 08:15:00+00:00,7.75,7.77,7.74,7.75
2026-08-26 08:30:00+00:00,7.74,7.75,7.74,7.75
2026-08-26 08:45:00+00:00,7.75,7.75,7.69,7.71
2026-08-26 09:00:00+00:00,7.72,7.74,7.71,7.73
2026-08-26 09:15:00+00:00,7.72,7.72,7.68,7.69
2026-08-26 09:30:00+00:00,7.69,7.7,7.66,7.66
2026-08-26 09:45:00+00:00,7.67,7.69,7.65,7.68
2026-08-26 10:00:00+00:00,7.68,7.68,7.67,7.68
2026-08-26 10:15:00+00:00,7.68,7.73,7.68,7.73
2026-08-26 10:30:00+00:00,7.73,7.76,7.71,7.75
2026-08-26 10:45:00+00:00,7.75,7.78,7.75,7.76
2026-08-26 11:00:00+00:00,7.76,7.77,7.75,7.77
2026-08-26 11:15:00+00:00,7.77,7.78,7.75,7.75
2026-08-26 11:30:00+00:00,7.75,7.77,7.71,7.73
2026-08-26 11:45:00+00:00,7.72,7.73,7.7,7.7
2026-08-26 12:00:00+00:00,7.71,7.72,7.68,7.69
2026-08-26 12:15:00+00:00,7.69,7.76,7.68,7.76
2026-08-26 12:30:00+00:00,7.75,7.75,7.66,7.7
2026-08-26 12:45:00+00:00,7.7,7.72,7.69,7.69
2026-08-26 13:00:00+00:00,7.7,7.71,7.63,7.65
2026-08-26 13:15:00+00:00,7.64,7.65,7.58,7.59
2026-08-26 13:30:00+00:00,7.6,7.68,7.6,7.67
2026-08-26 13:45:00+00:00,7.67,7.67,7.59,7.63
2026-08-26 14:00:00+00:00,7.62,7.65,7.61,7.63
2026-08-26 14:15:00+00:00,7.64,7.65,7.6,7.6
2026-08-26 14:30:00+00:00,7.59,7.61,7.56,7.57
2026-08-26 14:45:00+00:00,7.57,7.57,7.52,7.53
2026-08-26 15:00:00+00:00,7.53,7.55,7.49,7.52
2026-08-26 15:15:00+00:00,7.52,7.58,7.51,7.57
2026-08-26 15:30:00+00:00,7.57,7.58,7.55,7.57
2026-08-26 15:45:00+00:00,7.57,7.59,7.55,7.55
2026-08-26 16:00:00+00:00,7.56,7.58,7.54,7.56
2026-08-26 16:15:00+00:00,7.56,7.58,7.56,7.57
2026-08-26 16:30:00+00:00,7.57,7.59,7.54,7.54
2026-08-26 16:45:00+00:00,7.55,7.58,7.55,7.58
2026-08-26 17:00:00+00:00,7.58,7.6,7.57,7.6
2026-08-26 17:15:00+00:00,7.61,7.7,7.61,7.69
2026-08-26 17:30:00+00:00,7.7,7.7,7.67,7.67
2026-08-26 17:45:00+00:00,7.66,7.67,7.64,7.66
2026-08-26 18:00:00+00:00,7.65,7.66,7.64,7.64
2026-08-26 18:15:00+00:00,7.64,7.66,7.64,7.64
2026-08-26 18:30:00+00:00,7.64,7.65,7.63,7.63
2026-08-26 18:45:00+00:00,7.64,7.67,7.64,7.66
2026-08-26 19:00:00+00:00,7.66,7.68,7.65,7.66
2026-08-26 19:15:00+00:00,7.66,7.72,7.66,7.7
2026-08-26 19:30:00+00:00,7.69,7.71,7.66,7.67
2026-08-26 19:45:00+00:00,7.67,7.68,7.67,7.67
2026-08-26 20:00:00+00:00,7.66,7.66,7.65,7.65
2026-08-26 20:15:00+00:00,7.64,7.64,7.6,7.64
2026-08-26 20:30:00+00:00,7.64,7.64,7.62,7.63
2026-08-26 20:45:00+00:00,7.63,7.66,7.63,7.66
2026-08-26 21:00:00+00:00,7.67,7.74,7.66,7.73
2026-08-26 21:15:00+00:00,7.73,7.76,7.72,7.75
2026-08-26 21:30:00+00:00,7.75,7.76,7.73,7.74
2026-08-26 21:45:00+00:00,7.75,7.77,7.73,7.77
2026-08-26 22:00:00+00:00,7.76,7.82,7.76,7.77
2026-08-26 22:15:00+00:00,7.78,7.86,7.78,7.84
2026-08-26 22:30:00+00:00,7.84,7.84,7.79,7.8
2026-08-26 22:45:00+00:00,7.8,7.8,7.77,7.78
2026-08-26 23:00:00+00:00,7.78,7.8,7.76,7.78
2026-08-26 23:15:00+00:00,7.78,7.83,7.78,7.82
2026-08-26 23:30:00+00:00,7.83,7.86,7.83,7.86
2026-08-26 23:45:00+00:00,7.86,7.9,7.86,7.88
2026-08-27 00:00:00+00:00,7.88,7.88,7.83,7.86
2026-08-27 00:15:00+00:00,7.86,7.86,7.83,7.84
2026-08-27 00:30:00+00:00,7.84,7.87,7.83,7.83
2026-08-27 00:45:00+00:00,7.83,7.83,7.8,7.81
2026-08-27 01:00:00+00:00,7.81,7.83,7.8,7.82
2026-08-27 01:15:00+00:00,7.82,7.87,7.82,7.86
2026-08-27 01:30:00+00:00,7.86,7.87,7.83,7.83
2026-08-27 01:45:00+00:00,7.82,7.86,7.82,7.84
2026-08-27 02:00:00+00:00,7.84,7.88,7.84,7.86
2026-08-27 02:15:00+00:00,7.86,7.87,7.82,7.82
2026-08-27 02:30:00+00:00,7.83,7.85,7.81,7.81
2026-08-27 02:45:00+00:00,7.81,7.83,7.81,7.82
2026-08-27 03:00:00+00:00,7.82,7.82,7.79,7.79
2026-08-27 03:15:00+00:00,7.8,7.85,7.79,7.85
2026-08-27 03:30:00+00:00,7.84,7.84,7.81,7.81
2026-08-27 03:45:00+00:00,7.82,7.83,7.81,7.82
2026-08-27 04:00:00+00:00,7.82,7.85,7.81,7.85
2026-08-27 04:15:00+00:00,7.84,7.86,7.83,7.84
2026-08-27 04:30:00+00:00,7.82,7.84,7.79,7.83
2026-08-27 04:45:00+00:00,7.83,7.83,7.81,7.83
2026-08-27 05:00:00+00:00,7.83,7.85,7.81,7.83
2026-08-27 05:15:00+00:00,7.83,7.86,7.82,7.82
2026-08-27 05:30:00+00:00,7.81,7.85,7.79,7.84
2026-08-27 05:45:00+00:00,7.83,7.93,7.83,7.87
2026-08-27 06:00:00+00:00,7.86,7.86,7.8,7.81
2026-08-27 06:15:00+00:00,7.81,7.83,7.8,7.82
2026-08-27 06:30:00+00:00,7.82,7.88,7.82,7.86
2026-08-27 06:45:00+00:00,7.86,7.88,7.86,7.86
2026-08-27 07:00:00+00:00,7.87,7.87,7.84,7.87
2026-08-27 07:15:00+00:00,7.86,7.87,7.83,7.85
2026-08-27 07:30:00+00:00,7.85,7.87,7.85,7.86
2026-08-27 07:45:00+00:00,7.85,7.87,7.85,7.86
2026-08-27 08:00:00+00:00,7.87,7.95,7.87,7.92
2026-08-27 08:15:00+00:00,7.91,7.95,7.89,7.95
2026-08-27 08:30:00+00:00,7.95,7.98,7.94,7.96
2026-08-27 08:45:00+00:00,7.96,7.97,7.95,7.97
2026-08-27 09:00:00+00:00,7.96,7.97,7.94,7.94
2026-08-27 09:15:00+00:00,7.94,7.99,7.91,7.98
2026-08-27 09:30:00+00:00,7.97,7.97,7.92,7.94
2026-08-27 09:45:00+00:00,7.94,7.94,7.87,7.88
2026-08-27 10:00:00+00:00,7.88,7.92,7.86,7.87
2026-08-27 10:15:00+00:00,7.88,7.88,7.78,7.84
2026-08-27 10:30:00+00:00,7.84,7.85,7.8,7.84
2026-08-27 10:45:00+00:00,7.83,7.85,7.8,7.82
2026-08-27 11:00:00+00:00,7.81,7.84,7.81,7.82
2026-08-27 11:15:00+00:00,7.82,7.83,7.8,7.8
2026-08-27 11:30:00+00:00,7.79,7.83,7.79,7.82
2026-08-27 11:45:00+00:00,7.83,7.83,7.79,7.82
2026-08-27 12:00:00+00:00,7.83,7.83,7.81,7.82
2026-08-27 12:15:00+00:00,7.83,7.84,7.82,7.82
2026-08-27 12:30:00+00:00,7.82,7.82,7.8,7.81
2026-08-27 12:45:00+00:00,7.8,7.81,7.8,7.8
2026-08-27 13:00:00+00:00,7.8,7.82,7.8,7.81
2026-08-27 13:15:00+00:00,7.81,7.83,7.81,7.82
2026-08-27 13:30:00+00:00,7.81,7.82,7.77,7.78
2026-08-27 13:45:00+00:00,7.79,7.82,7.77,7.82
2026-08-27 14:00:00+00:00,7.82,7.83,7.79,7.79
2026-08-27 14:15:00+00:00,7.79,7.84,7.79,7.82
2026-08-27 14:30:00+00:00,7.83,7.89,7.82,7.87
2026-08-27 14:45:00+00:00,7.87,7.87,7.82,7.82
2026-08-27 15:00:00+00:00,7.83,7.87,7.81,7.87
2026-08-27 15:15:00+00:00,7.86,7.86,7.82,7.84
2026-08-27 15:30:00+00:00,7.85,7.86,7.83,7.86
2026-08-27 15:45:00+00:00,7.86,7.89,7.86,7.88
2026-08-27 16:00:00+00:00,7.88,7.88,7.84,7.86
2026-08-27 16:15:00+00:00,7.86,7.91,7.86,7.9
2026-08-27 16:30:00+00:00,7.9,7.94,7.9,7.94
2026-08-27 16:45:00+00:00,7.93,7.93,7.9,7.9
2026-08-27 17:00:00+00:00,7.91,7.94,7.89,7.94
2026-08-27 17:15:00+00:00,7.93,7.94,7.92,7.92
2026-08-27 17:30:00+00:00,7.91,7.91,7.88,7.89
2026-08-27 17:45:00+00:00,7.89,7.89,7.87,7.87
2026-08-27 18:00:00+00:00,7.86,7.86,7.79,7.81
2026-08-27 18:15:00+00:00,7.82,7.83,7.75,7.78
2026-08-27 18:30:00+00:00,7.78,7.79,7.77,7.78
2026-08-27 18:45:00+00:00,7.79,7.8,7.78,7.79
2026-08-27 19:00:00+00:00,7.8,7.81,7.78,7.78
2026-08-27 19:15:00+00:00,7.78,7.79,7.78,7.79
2026-08-27 19:30:00+00:00,7.8,7.81,7.79,7.8
2026-08-27 19:45:00+00:00,7.81,7.82,7.8,7.8
2026-08-27 20:00:00+00:00,7.8,7.81,7.78,7.8
2026-08-27 20:15:00+00:00,7.79,7.83,7.79,7.82
2026-08-27 20:30:00+00:00,7.81,7.82,7.81,7.82
2026-08-27 20:45:00+00:00,7.82,7.82,7.79,7.8
2026-08-27 21:00:00+00:00,7.81,7.82,7.8,7.81
2026-08-27 21:15:00+00:00,7.81,7.83,7.8,7.81
2026-08-27 21:30:00+00:00,7.81,7.83,7.81,7.82
2026-08-27 21:45:00+00:00,7.83,7.88,7.83,7.87
2026-08-27 22:00:00+00:00,7.87,7.89,7.85,7.86
2026-08-27 22:15:00+00:00,7.86,7.88,7.85,7.85
2026-08-27 22:30:00+00:00,7.85,7.85,7.85,7.85
2026-08-27 22:45:00+00:00,7.85,7.85,7.83,7.84
2026-08-27 23:00:00+00:00,7.84,7.84,7.84,7.84
