time,open,high,low,close
2026-07-14 14:15:00+00:00,1868.69,1869.14,1859.46,1865.55
2026-07-14 14:30:00+00:00,1865.55,1874.05,1863.64,1870.91
2026-07-14 14:45:00+00:00,1870.91,1884.56,1869.58,1881.16
2026-07-14 15:00:00+00:00,1881.17,1882.37,1875.5,1878.81
2026-07-14 15:15:00+00:00,1878.8,1884.56,1876.04,1883.24
2026-07-14 15:30:00+00:00,1883.25,1888.8,1876.83,1880.49
2026-07-14 15:45:00+00:00,1880.5,1882.63,1872.85,1875.22
2026-07-14 16:00:00+00:00,1875.22,1877.0,1868.76,1872.32
2026-07-14 16:15:00+00:00,1872.31,1877.07,1870.38,1874.91
2026-07-14 16:30:00+00:00,1874.9,1876.82,1873.31,1873.31
2026-07-14 16:45:00+00:00,1873.32,1876.23,1872.53,1873.79
2026-07-14 17:00:00+00:00,1873.8,1873.8,1860.56,1867.71
2026-07-14 17:15:00+00:00,1867.7,1870.58,1863.87,1869.58
2026-07-14 17:30:00+00:00,1869.59,1870.31,1865.52,1868.83
2026-07-14 17:45:00+00:00,1868.83,1873.14,1866.71,1871.54
2026-07-14 18:00:00+00:00,1871.55,1872.5,1869.37,1869.86
2026-07-14 18:15:00+00:00,1869.86,1871.47,1868.18,1870.4
2026-07-14 18:30:00+00:00,1870.4,1875.62,1868.67,1873.12
2026-07-14 18:45:00+00:00,1873.13,1876.83,1873.08,1874.79
2026-07-14 19:00:00+00:00,1874.79,1878.33,1874.43,1877.24
2026-07-14 19:15:00+00:00,1877.25,1881.56,1874.5,1876.64
2026-07-14 19:30:00+00:00,1876.63,1880.0,1874.6,1879.54
2026-07-14 19:45:00+00:00,1879.55,1880.95,1875.84,1876.74
2026-07-14 20:00:00+00:00,1876.74,1878.55,1874.81,1874.82
2026-07-14 20:15:00+00:00,1874.82,1876.98,1874.53,1875.8
2026-07-14 20:30:00+00:00,1875.81,1877.27,1873.63,1875.06
2026-07-14 20:45:00+00:00,1875.08,1876.8,1874.31,1875.42
2026-07-14 21:00:00+00:00,1875.41,1878.67,1874.4,1878.15
2026-07-14 21:15:00+00:00,1878.14,1879.57,1876.46,1878.29
2026-07-14 21:30:00+00:00,1878.3,1879.74,1876.07,1877.32
2026-07-14 21:45:00+00:00,1877.33,1878.6,1875.14,1876.46
2026-07-14 22:00:00+00:00,1876.46,1876.97,1872.06,1872.75
2026-07-14 22:15:00+00:00,1872.75,1885.7,1872.42,1881.61
2026-07-14 22:30:00+00:00,1881.62,1896.14,1881.3,1887.14
2026-07-14 22:45:00+00:00,1887.14,1888.97,1882.04,1882.04
2026-07-14 23:00:00+00:00,1882.04,1888.18,1878.69,1886.56
2026-07-14 23:15:00+00:00,1886.56,1886.56,1884.2,1885.81
2026-07-14 23:30:00+00:00,1885.81,1889.66,1884.73,1888.88
2026-07-14 23:45:00+00:00,1888.88,1893.32,1888.88,1891.87
2026-07-15 00:00:00+00:00,1891.87,1893.32,1887.08,1887.44
2026-07-15 00:15:00+00:00,1887.43,1888.11,1878.88,1880.86
2026-07-15 00:30:00+00:00,1880.86,1880.87,1878.13,1879.41
2026-07-15 00:45:00+00:00,1879.41,1883.04,1879.41,1881.58
2026-07-15 01:00:00+00:00,1881.58,1881.98,1874.4,1875.95
2026-07-15 01:15:00+00:00,1875.95,1879.57,1874.2,1879.17
2026-07-15 01:30:00+00:00,1879.17,1879.17,1867.91,1869.95
2026-07-15 01:45:00+00:00,1869.94,1870.52,1867.23,1870.2
2026-07-15 02:00:00+00:00,1870.19,1873.04,1867.34,1871.19
2026-07-15 02:15:00+00:00,1871.2,1871.28,1864.83,1864.84
2026-07-15 02:30:00+00:00,1864.84,1867.59,1864.83,1867.02
2026-07-15 02:45:00+00:00,1867.02,1867.58,1864.38,1864.6
2026-07-15 03:00:00+00:00,1864.6,1871.19,1864.46,1870.61
2026-07-15 03:15:00+00:00,1870.61,1870.66,1868.06,1868.79
2026-07-15 03:30:00+00:00,1868.79,1874.71,1868.78,1872.77
2026-07-15 03:45:00+00:00,1872.77,1878.96,1871.84,1876.08
2026-07-15 04:00:00+00:00,1876.08,1879.77,1875.53,1876.79
2026-07-15 04:15:00+00:00,1876.8,1878.38,1875.43,1875.43
2026-07-15 04:30:00+00:00,1875.44,1878.77,1873.31,1877.82
2026-07-15 04:45:00+00:00,1877.82,1880.59,1875.23,1876.49
2026-07-15 05:00:00+00:00,1876.5,1878.56,1871.84,1872.54
2026-07-15 05:15:00+00:00,1872.53,1874.57,1871.64,1872.57
2026-07-15 05:30:00+00:00,1872.56,1876.08,1872.44,1874.11
2026-07-15 05:45:00+00:00,1874.11,1883.54,1874.04,1882.68
2026-07-15 06:00:00+00:00,1882.69,1889.92,1881.7,1888.9
2026-07-15 06:15:00+00:00,1888.91,1888.91,1885.23,1885.87
2026-07-15 06:30:00+00:00,1885.87,1891.89,1883.82,1885.21
2026-07-15 06:45:00+00:00,1885.21,1885.5,1875.52,1875.87
2026-07-15 07:00:00+00:00,1875.87,1876.87,1873.36,1876.68
2026-07-15 07:15:00+00:00,1876.67,1877.16,1864.7,1866.17
2026-07-15 07:30:00+00:00,1866.16,1869.99,1865.64,1869.85
2026-07-15 07:45:00+00:00,1869.85,1871.26,1868.63,1870.04
2026-07-15 08:00:00+00:00,1870.04,1875.08,1870.03,1873.9
2026-07-15 08:15:00+00:00,1873.9,1875.27,1872.67,1874.57
2026-07-15 08:30:00+00:00,1874.57,1877.82,1873.6,1877.82
2026-07-15 08:45:00+00:00,1877.82,1879.64,1876.52,1879.22
2026-07-15 09:00:00+00:00,1879.22,1886.24,1879.18,1882.8
2026-07-15 09:15:00+00:00,1882.85,1886.59,1882.84,1883.07
2026-07-15 09:30:00+00:00,1883.08,1883.09,1879.19,1880.32
2026-07-15 09:45:00+00:00,1880.31,1882.98,1879.25,1879.86
2026-07-15 10:00:00+00:00,1879.86,1886.55,1879.37,1884.01
2026-07-15 10:15:00+00:00,1884.01,1884.57,1875.27,1876.42
2026-07-15 10:30:00+00:00,1876.43,1878.85,1874.98,1877.83
2026-07-15 10:45:00+00:00,1877.83,1879.92,1877.12,1878.11
2026-07-15 11:00:00+00:00,1878.12,1882.11,1877.48,1881.94
2026-07-15 11:15:00+00:00,1881.93,1882.37,1877.74,1878.42
2026-07-15 11:30:00+00:00,1878.42,1882.18,1878.42,1881.45
2026-07-15 11:45:00+00:00,1881.46,1885.71,1880.87,1884.62
2026-07-15 12:00:00+00:00,1884.62,1885.04,1879.25,1883.77
2026-07-15 12:15:00+00:00,1883.78,1885.7,1880.29,1885.59
2026-07-15 12:30:00+00:00,1885.59,1896.48,1884.82,1892.46
2026-07-15 12:45:00+00:00,1892.46,1929.94,1891.66,1927.16
2026-07-15 13:00:00+00:00,1927.17,1945.3,1927.16,1938.77
2026-07-15 13:15:00+00:00,1938.77,1946.52,1932.0,1936.83
2026-07-15 13:30:00+00:00,1936.82,1942.76,1931.07,1933.31
2026-07-15 13:45:00+00:00,1933.32,1933.32,1917.16,1925.76
2026-07-15 14:00:00+00:00,1925.77,1935.51,1925.27,1929.29
2026-07-15 14:15:00+00:00,1929.28,1932.0,1919.12,1929.03
2026-07-15 14:30:00+00:00,1929.04,1934.54,1925.87,1927.79
2026-07-15 14:45:00+00:00,1927.79,1934.31,1924.62,1933.23
2026-07-15 15:00:00+00:00,1933.24,1937.6,1928.89,1930.41
2026-07-15 15:15:00+00:00,1930.41,1932.44,1925.95,1931.66
2026-07-15 15:30:00+00:00,1931.65,1936.0,1928.37,1934.2
2026-07-15 15:45:00+00:00,1934.2,1936.36,1930.55,1931.95
2026-07-15 16:00:00+00:00,1931.96,1932.95,1918.2,1918.26
2026-07-15 16:15:00+00:00,1918.26,1922.28,1914.68,1922.27
2026-07-15 16:30:00+00:00,1922.28,1922.78,1904.36,1911.98
2026-07-15 16:45:00+00:00,1911.99,1920.78,1910.57,1919.62
2026-07-15 17:00:00+00:00,1919.62,1924.74,1919.44,1920.28
2026-07-15 17:15:00+00:00,1920.28,1924.67,1920.27,1923.21
2026-07-15 17:30:00+00:00,1923.22,1926.16,1921.96,1925.21
2026-07-15 17:45:00+00:00,1925.21,1931.22,1922.06,1927.94
2026-07-15 18:00:00+00:00,1927.93,1937.0,1927.47,1935.3
2026-07-15 18:15:00+00:00,1935.3,1935.42,1929.3,1931.24
2026-07-15 18:30:00+00:00,1931.24,1935.34,1928.09,1928.51
2026-07-15 18:45:00+00:00,1928.5,1929.51,1922.62,1924.47
2026-07-15 19:00:00+00:00,1924.47,1929.06,1923.94,1926.4
2026-07-15 19:15:00+00:00,1926.4,1926.47,1918.92,1924.14
2026-07-15 19:30:00+00:00,1924.14,1927.67,1922.9,1927.65
2026-07-15 19:45:00+00:00,1927.64,1927.88,1922.66,1924.15
2026-07-15 20:00:00+00:00,1924.15,1924.57,1919.71,1922.84
2026-07-15 20:15:00+00:00,1922.85,1927.0,1922.79,1926.25
2026-07-15 20:30:00+00:00,1926.26,1930.71,1925.43,1925.43
2026-07-15 20:45:00+00:00,1925.43,1925.61,1923.75,1923.75
2026-07-15 21:00:00+00:00,1923.75,1925.73,1921.29,1923.52
2026-07-15 21:15:00+00:00,1923.52,1925.4,1922.35,1923.75
2026-07-15 21:30:00+00:00,1923.76,1923.76,1919.8,1920.52
2026-07-15 21:45:00+00:00,1920.53,1922.28,1919.95,1922.0
2026-07-15 22:00:00+00:00,1922.0,1925.0,1918.3,1920.42
2026-07-15 22:15:00+00:00,1920.41,1924.26,1919.0,1924.26
2026-07-15 22:30:00+00:00,1924.26,1926.26,1922.97,1923.44
2026-07-15 22:45:00+00:00,1923.44,1928.58,1921.93,1923.43
2026-07-15 23:00:00+00:00,1923.43,1927.28,1923.28,1925.3
2026-07-15 23:15:00+00:00,1925.29,1925.45,1920.93,1921.84
2026-07-15 23:30:00+00:00,1921.84,1923.51,1915.37,1915.63
2026-07-15 23:45:00+00:00,1915.63,1920.0,1914.89,1917.86
2026-07-16 00:00:00+00:00,1917.86,1924.31,1917.35,1924.3
2026-07-16 00:15:00+00:00,1924.31,1924.98,1913.95,1915.64
2026-07-16 00:30:00+00:00,1915.65,1917.12,1911.69,1912.62
2026-07-16 00:45:00+00:00,1912.63,1918.47,1911.61,1914.86
2026-07-16 01:00:00+00:00,1914.85,1918.2,1913.55,1914.21
2026-07-16 01:15:00+00:00,1914.22,1916.74,1908.12,1914.39
2026-07-16 01:30:00+00:00,1914.38,1921.42,1914.35,1916.87
2026-07-16 01:45:00+00:00,1916.87,1926.0,1916.84,1922.7
2026-07-16 02:00:00+00:00,1922.69,1922.74,1919.87,1920.65
2026-07-16 02:15:00+00:00,1920.64,1923.86,1918.97,1922.23
2026-07-16 02:30:00+00:00,1922.23,1923.2,1920.48,1921.96
2026-07-16 02:45:00+00:00,1921.97,1926.23,1921.95,1925.37
2026-07-16 03:00:00+00:00,1925.36,1929.0,1923.69,1926.8
2026-07-16 03:15:00+00:00,1926.8,1926.86,1922.91,1925.59
2026-07-16 03:30:00+00:00,1925.58,1926.9,1922.09,1922.79
2026-07-16 03:45:00+00:00,1922.79,1922.79,1917.08,1918.7
2026-07-16 04:00:00+00:00,1918.7,1920.98,1916.02,1919.72
2026-07-16 04:15:00+00:00,1919.72,1919.72,1914.13,1919.05
2026-07-16 04:30:00+00:00,1919.05,1920.4,1917.84,1919.37
2026-07-16 04:45:00+00:00,1919.38,1919.92,1917.62,1918.31
2026-07-16 05:00:00+00:00,1918.3,1921.57,1917.12,1921.52
2026-07-16 05:15:00+00:00,1921.51,1926.24,1921.1,1925.34
2026-07-16 05:30:00+00:00,1925.35,1927.63,1921.85,1925.24
2026-07-16 05:45:00+00:00,1925.23,1926.1,1924.3,1925.66
2026-07-16 06:00:00+00:00,1925.65,1929.48,1923.04,1924.43
2026-07-16 06:15:00+00:00,1924.43,1926.25,1921.66,1922.58
2026-07-16 06:30:00+00:00,1922.57,1922.58,1915.56,1919.37
2026-07-16 06:45:00+00:00,1919.36,1922.73,1918.58,1922.53
2026-07-16 07:00:00+00:00,1922.54,1922.54,1919.02,1920.66
2026-07-16 07:15:00+00:00,1920.66,1920.94,1916.86,1917.14
2026-07-16 07:30:00+00:00,1917.13,1917.69,1905.0,1907.08
2026-07-16 07:45:00+00:00,1907.07,1910.81,1905.0,1910.63
2026-07-16 08:00:00+00:00,1910.64,1912.85,1884.11,1885.78
2026-07-16 08:15:00+00:00,1885.78,1892.15,1875.56,1892.14
2026-07-16 08:30:00+00:00,1892.14,1896.51,1888.6,1889.63
2026-07-16 08:45:00+00:00,1889.64,1892.25,1881.42,1886.09
2026-07-16 09:00:00+00:00,1886.09,1889.28,1884.84,1886.11
2026-07-16 09:15:00+00:00,1886.1,1887.67,1882.12,1882.97
2026-07-16 09:30:00+00:00,1882.97,1886.07,1880.41,1884.0
2026-07-16 09:45:00+00:00,1884.0,1885.89,1882.7,1884.67
2026-07-16 10:00:00+00:00,1884.68,1888.53,1883.77,1886.59
2026-07-16 10:15:00+00:00,1886.58,1889.45,1886.13,1888.9
2026-07-16 10:30:00+00:00,1888.9,1891.78,1888.13,1888.46
2026-07-16 10:45:00+00:00,1888.45,1888.99,1886.35,1888.58
2026-07-16 11:00:00+00:00,1888.58,1888.58,1885.0,1886.67
2026-07-16 11:15:00+00:00,1886.67,1888.28,1882.7,1883.21
2026-07-16 11:30:00+00:00,1883.22,1887.92,1882.71,1887.32
2026-07-16 11:45:00+00:00,1887.31,1887.31,1879.32,1885.26
2026-07-16 12:00:00+00:00,1885.26,1885.26,1878.14,1880.74
2026-07-16 12:15:00+00:00,1880.74,1882.59,1877.36,1882.55
2026-07-16 12:30:00+00:00,1882.55,1883.6,1867.68,1870.18
2026-07-16 12:45:00+00:00,1870.18,1875.9,1869.55,1872.55
2026-07-16 13:00:00+00:00,1872.55,1876.16,1871.05,1875.73
2026-07-16 13:15:00+00:00,1875.72,1884.31,1875.11,1883.87
2026-07-16 13:30:00+00:00,1883.87,1890.23,1877.38,1877.38
2026-07-16 13:45:00+00:00,1877.39,1883.91,1875.54,1882.81
2026-07-16 14:00:00+00:00,1882.8,1893.0,1881.61,1888.61
2026-07-16 14:15:00+00:00,1888.61,1891.58,1884.02,1887.58
2026-07-16 14:30:00+00:00,1887.59,1891.04,1885.07,1888.54
2026-07-16 14:45:00+00:00,1888.53,1889.04,1874.98,1883.52
2026-07-16 15:00:00+00:00,1883.52,1884.32,1871.12,1873.71
2026-07-16 15:15:00+00:00,1873.7,1894.38,1872.45,1891.29
2026-07-16 15:30:00+00:00,1891.3,1891.31,1881.94,1882.37
2026-07-16 15:45:00+00:00,1882.36,1886.02,1878.36,1881.88
2026-07-16 16:00:00+00:00,1881.89,1882.33,1875.51,1877.06
2026-07-16 16:15:00+00:00,1877.05,1881.02,1874.67,1879.91
2026-07-16 16:30:00+00:00,1879.92,1883.0,1875.81,1875.94
2026-07-16 16:45:00+00:00,1875.93,1881.05,1874.98,1878.9
2026-07-16 17:00:00+00:00,1878.9,1879.25,1868.79,1869.02
2026-07-16 17:15:00+00:00,1869.02,1874.53,1862.57,1871.97
2026-07-16 17:30:00+00:00,1871.96,1875.44,1869.56,1870.49
2026-07-16 17:45:00+00:00,1870.49,1871.15,1863.94,1868.91
2026-07-16 18:00:00+00:00,1868.92,1875.63,1868.1,1874.4
2026-07-16 18:15:00+00:00,1874.4,1879.69,1874.01,1875.53
2026-07-16 18:30:00+00:00,1875.54,1876.86,1871.45,1873.68
2026-07-16 18:45:00+00:00,1873.68,1878.17,1873.11,1875.85
2026-07-16 19:00:00+00:00,1875.85,1877.75,1873.48,1873.9
2026-07-16 19:15:00+00:00,1873.9,1876.14,1871.47,1874.68
2026-07-16 19:30:00+00:00,1874.69,1876.46,1872.92,1873.42
2026-07-16 19:45:00+00:00,1873.41,1876.22,1871.09,1875.59
2026-07-16 20:00:00+00:00,1875.59,1875.7,1872.59,1872.63
2026-07-16 20:15:00+00:00,1872.63,1875.47,1871.66,1873.45
2026-07-16 20:30:00+00:00,1873.44,1874.77,1871.82,1872.93
2026-07-16 20:45:00+00:00,1872.93,1874.36,1871.8,1871.89
2026-07-16 21:00:00+00:00,1871.9,1877.96,1871.77,1875.84
2026-07-16 21:15:00+00:00,1875.85,1879.59,1875.63,1877.62
2026-07-16 21:30:00+00:00,1877.62,1881.36,1876.91,1879.31
2026-07-16 21:45:00+00:00,1879.31,1879.59,1877.18,1878.66
2026-07-16 22:00:00+00:00,1878.67,1881.59,1878.67,1880.3
2026-07-16 22:15:00+00:00,1880.29,1880.29,1873.48,1874.56
2026-07-16 22:30:00+00:00,1874.56,1877.36,1869.75,1871.76
2026-07-16 22:45:00+00:00,1871.77,1872.98,1868.04,1868.89
2026-07-16 23:00:00+00:00,1868.89,1870.66,1865.26,1866.98
2026-07-16 23:15:00+00:00,1866.98,1866.98,1857.54,1861.3
2026-07-16 23:30:00+00:00,1861.29,1863.73,1858.74,1863.2
2026-07-16 23:45:00+00:00,1863.2,1866.41,1861.11,1864.71
2026-07-17 00:00:00+00:00,1864.71,1866.59,1860.66,1862.64
2026-07-17 00:15:00+00:00,1862.64,1866.71,1859.46,1860.96
2026-07-17 00:30:00+00:00,1860.96,1861.25,1848.32,1858.38
2026-07-17 00:45:00+00:00,1858.38,1865.79,1858.36,1865.77
2026-07-17 01:00:00+00:00,1865.77,1871.08,1864.95,1867.97
2026-07-17 01:15:00+00:00,1867.98,1869.26,1860.01,1864.37
2026-07-17 01:30:00+00:00,1864.38,1864.57,1855.09,1855.32
2026-07-17 01:45:00+00:00,1855.32,1855.98,1848.07,1851.21
2026-07-17 02:00:00+00:00,1851.22,1854.51,1844.31,1853.96
2026-07-17 02:15:00+00:00,1853.97,1855.61,1849.07,1850.79
2026-07-17 02:30:00+00:00,1850.78,1852.13,1843.2,1846.53
2026-07-17 02:45:00+00:00,1846.53,1849.0,1843.47,1848.1
2026-07-17 03:00:00+00:00,1848.09,1854.89,1847.32,1854.08
2026-07-17 03:15:00+00:00,1854.08,1859.64,1852.91,1857.96
2026-07-17 03:30:00+00:00,1857.95,1858.74,1854.3,1855.11
2026-07-17 03:45:00+00:00,1855.12,1855.32,1851.28,1852.53
2026-07-17 04:00:00+00:00,1852.53,1852.83,1849.57,1850.0
2026-07-17 04:15:00+00:00,1850.01,1851.39,1844.0,1847.28
2026-07-17 04:30:00+00:00,1847.27,1850.22,1844.01,1848.65
2026-07-17 04:45:00+00:00,1848.66,1853.08,1848.65,1850.07
2026-07-17 05:00:00+00:00,1850.06,1850.06,1844.65,1847.91
2026-07-17 05:15:00+00:00,1847.91,1848.49,1837.0,1837.81
2026-07-17 05:30:00+00:00,1837.81,1839.82,1831.73,1832.44
2026-07-17 05:45:00+00:00,1832.44,1832.64,1821.36,1823.94
2026-07-17 06:00:00+00:00,1823.94,1830.1,1820.74,1827.28
2026-07-17 06:15:00+00:00,1827.29,1834.75,1825.81,1834.4
2026-07-17 06:30:00+00:00,1834.39,1836.55,1832.2,1832.48
2026-07-17 06:45:00+00:00,1832.49,1832.84,1830.26,1832.31
2026-07-17 07:00:00+00:00,1832.31,1832.66,1829.08,1830.06
2026-07-17 07:15:00+00:00,1830.05,1832.09,1827.18,1831.69
2026-07-17 07:30:00+00:00,1831.69,1833.56,1826.29,1829.96
2026-07-17 07:45:00+00:00,1829.95,1831.26,1827.56,1828.52
2026-07-17 08:00:00+00:00,1828.52,1830.94,1827.69,1830.38
2026-07-17 08:15:00+00:00,1830.38,1830.38,1824.01,1825.57
2026-07-17 08:30:00+00:00,1825.56,1828.0,1821.41,1827.99
2026-07-17 08:45:00+00:00,1827.99,1832.51,1827.83,1830.15
2026-07-17 09:00:00+00:00,1830.16,1833.04,1829.29,1832.9
2026-07-17 09:15:00+00:00,1832.89,1832.9,1829.81,1831.71
2026-07-17 09:30:00+00:00,1831.72,1835.48,1830.96,1835.36
2026-07-17 09:45:00+00:00,1835.35,1836.27,1832.77,1835.1
2026-07-17 10:00:00+00:00,1835.1,1839.29,1834.3,1838.8
2026-07-17 10:15:00+00:00,1838.81,1840.4,1836.72,1837.68
2026-07-17 10:30:00+00:00,1837.67,1839.53,1836.84,1838.76
2026-07-17 10:45:00+00:00,1838.76,1839.07,1836.83,1836.97
2026-07-17 11:00:00+00:00,1836.98,1838.35,1834.74,1834.75
2026-07-17 11:15:00+00:00,1834.74,1837.08,1833.3,1836.61
2026-07-17 11:30:00+00:00,1836.61,1842.5,1835.81,1841.94
2026-07-17 11:45:00+00:00,1841.94,1843.26,1838.95,1839.04
2026-07-17 12:00:00+00:00,1839.05,1840.58,1835.73,1836.26
2026-07-17 12:15:00+00:00,1836.26,1837.43,1832.77,1834.0
2026-07-17 12:30:00+00:00,1834.0,1835.07,1828.3,1829.64
2026-07-17 12:45:00+00:00,1829.64,1831.05,1827.73,1828.54
2026-07-17 13:00:00+00:00,1828.54,1829.23,1808.1,1814.59
2026-07-17 13:15:00+00:00,1814.59,1819.11,1812.58,1816.21
2026-07-17 13:30:00+00:00,1816.2,1818.79,1803.05,1807.02
2026-07-17 13:45:00+00:00,1807.01,1827.18,1805.36,1825.5
2026-07-17 14:00:00+00:00,1825.5,1834.0,1823.23,1829.51
2026-07-17 14:15:00+00:00,1829.52,1833.21,1822.12,1823.56
2026-07-17 14:30:00+00:00,1823.56,1827.28,1817.34,1822.08
2026-07-17 14:45:00+00:00,1822.08,1824.63,1817.18,1822.16
2026-07-17 15:00:00+00:00,1822.16,1822.5,1810.77,1813.74
2026-07-17 15:15:00+00:00,1813.75,1821.88,1812.41,1821.74
2026-07-17 15:30:00+00:00,1821.73,1826.64,1816.55,1823.83
2026-07-17 15:45:00+00:00,1823.82,1831.26,1822.4,1830.88
2026-07-17 16:00:00+00:00,1830.89,1835.1,1825.32,1831.77
2026-07-17 16:15:00+00:00,1831.78,1836.95,1830.48,1835.56
2026-07-17 16:30:00+00:00,1835.55,1838.23,1832.42,1837.99
2026-07-17 16:45:00+00:00,1837.99,1840.51,1835.59,1835.91
2026-07-17 17:00:00+00:00,1835.91,1856.17,1835.91,1846.51
2026-07-17 17:15:00+00:00,1846.51,1849.47,1843.0,1846.69
2026-07-17 17:30:00+00:00,1846.69,1848.05,1842.95,1844.57
2026-07-17 17:45:00+00:00,1844.56,1848.0,1842.07,1843.71
2026-07-17 18:00:00+00:00,1843.72,1844.44,1840.62,1842.92
2026-07-17 18:15:00+00:00,1842.92,1842.92,1835.18,1837.39
2026-07-17 18:30:00+00:00,1837.39,1843.14,1837.09,1843.13
2026-07-17 18:45:00+00:00,1843.13,1849.67,1843.11,1846.99
2026-07-17 19:00:00+00:00,1846.98,1846.99,1840.06,1840.16
2026-07-17 19:15:00+00:00,1840.15,1841.05,1835.65,1841.05
2026-07-17 19:30:00+00:00,1841.06,1845.24,1840.25,1845.11
2026-07-17 19:45:00+00:00,1845.1,1846.26,1842.78,1843.76
2026-07-17 20:00:00+00:00,1843.76,1843.76,1837.15,1838.91
2026-07-17 20:15:00+00:00,1838.91,1841.55,1838.44,1840.59
2026-07-17 20:30:00+00:00,1840.58,1842.09,1838.27,1842.09
2026-07-17 20:45:00+00:00,1842.09,1846.2,1841.44,1842.93
2026-07-17 21:00:00+00:00,1842.93,1845.71,1842.77,1844.75
2026-07-17 21:15:00+00:00,1844.75,1846.65,1844.17,1844.91
2026-07-17 21:30:00+00:00,1844.91,1844.91,1841.13,1842.13
2026-07-17 21:45:00+00:00,1842.13,1842.92,1840.5,1841.54
2026-07-17 22:00:00+00:00,1841.55,1843.89,1840.28,1842.04
2026-07-17 22:15:00+00:00,1842.03,1842.03,1838.78,1839.32
2026-07-17 22:30:00+00:00,1839.32,1840.24,1838.16,1838.2
2026-07-17 22:45:00+00:00,1838.21,1840.21,1837.62,1839.95
2026-07-17 23:00:00+00:00,1839.94,1839.95,1835.27,1836.83
2026-07-17 23:15:00+00:00,1836.84,1841.17,1836.84,1841.17
2026-07-17 23:30:00+00:00,1841.17,1844.47,1841.17,1842.9
2026-07-17 23:45:00+00:00,1842.9,1843.64,1841.76,1841.93
2026-07-18 00:00:00+00:00,1841.94,1843.81,1839.86,1843.34
2026-07-18 00:15:00+00:00,1843.34,1845.0,1842.2,1842.87
2026-07-18 00:30:00+00:00,1842.87,1842.87,1839.97,1841.15
2026-07-18 00:45:00+00:00,1841.15,1843.38,1840.31,1840.84
2026-07-18 01:00:00+00:00,1840.84,1841.12,1839.38,1840.58
2026-07-18 01:15:00+00:00,1840.59,1843.38,1839.47,1843.14
2026-07-18 01:30:00+00:00,1843.15,1843.15,1839.61,1841.47
2026-07-18 01:45:00+00:00,1841.47,1843.39,1841.47,1842.48
2026-07-18 02:00:00+00:00,1842.49,1844.39,1840.73,1843.64
2026-07-18 02:15:00+00:00,1843.64,1845.3,1843.01,1843.97
2026-07-18 02:30:00+00:00,1843.97,1846.74,1842.4,1842.58
2026-07-18 02:45:00+00:00,1842.58,1843.32,1841.63,1841.91
2026-07-18 03:00:00+00:00,1841.91,1844.18,1841.46,1843.16
2026-07-18 03:15:00+00:00,1843.17,1844.58,1842.8,1843.55
2026-07-18 03:30:00+00:00,1843.56,1844.59,1842.78,1843.16
2026-07-18 03:45:00+00:00,1843.16,1846.49,1842.68,1845.96
2026-07-18 04:00:00+00:00,1845.96,1846.19,1844.35,1844.66
2026-07-18 04:15:00+00:00,1844.65,1844.87,1842.57,1844.43
2026-07-18 04:30:00+00:00,1844.43,1844.53,1842.56,1843.64
2026-07-18 04:45:00+00:00,1843.64,1845.0,1843.45,1844.7
2026-07-18 05:00:00+00:00,1844.7,1845.01,1843.42,1843.43
2026-07-18 05:15:00+00:00,1843.42,1846.68,1843.19,1845.74
2026-07-18 05:30:00+00:00,1845.74,1848.76,1845.74,1846.09
2026-07-18 05:45:00+00:00,1846.1,1849.68,1844.7,1845.86
2026-07-18 06:00:00+00:00,1845.85,1846.56,1844.71,1844.74
2026-07-18 06:15:00+00:00,1844.74,1848.0,1844.54,1846.0
2026-07-18 06:30:00+00:00,1846.0,1846.11,1843.11,1844.82
2026-07-18 06:45:00+00:00,1844.82,1845.49,1844.36,1844.97
2026-07-18 07:00:00+00:00,1844.98,1846.04,1843.04,1843.26
2026-07-18 07:15:00+00:00,1843.25,1845.65,1843.25,1845.19
2026-07-18 07:30:00+00:00,1845.19,1845.49,1845.0,1845.34
2026-07-18 07:45:00+00:00,1845.35,1845.45,1843.5,1844.2
2026-07-18 08:00:00+00:00,1844.2,1845.33,1842.3,1844.51
2026-07-18 08:15:00+00:00,1844.5,1846.95,1844.38,1846.7
2026-07-18 08:30:00+00:00,1846.7,1849.44,1846.69,1846.8
2026-07-18 08:45:00+00:00,1846.8,1848.03,1846.7,1847.43
2026-07-18 09:00:00+00:00,1847.44,1848.03,1846.07,1846.39
2026-07-18 09:15:00+00:00,1846.38,1846.39,1842.93,1843.62
2026-07-18 09:30:00+00:00,1843.62,1845.33,1843.45,1845.05
2026-07-18 09:45:00+00:00,1845.05,1845.44,1844.87,1844.87
2026-07-18 10:00:00+00:00,1844.87,1845.67,1844.45,1844.76
2026-07-18 10:15:00+00:00,1844.75,1846.67,1844.37,1846.61
2026-07-18 10:30:00+00:00,1846.61,1846.72,1844.01,1844.69
2026-07-18 10:45:00+00:00,1844.7,1845.74,1844.69,1845.57
2026-07-18 11:00:00+00:00,1845.57,1845.91,1845.0,1845.11
2026-07-18 11:15:00+00:00,1845.11,1845.89,1845.02,1845.53
2026-07-18 11:30:00+00:00,1845.54,1845.54,1844.37,1844.99
2026-07-18 11:45:00+00:00,1844.99,1846.85,1844.75,1845.56
2026-07-18 12:00:00+00:00,1845.56,1850.64,1845.56,1846.55
2026-07-18 12:15:00+00:00,1846.54,1846.78,1841.24,1841.34
2026-07-18 12:30:00+00:00,1841.34,1845.01,1840.17,1844.53
2026-07-18 12:45:00+00:00,1844.53,1848.16,1844.36,1844.98
2026-07-18 13:00:00+00:00,1844.97,1844.97,1837.67,1839.25
2026-07-18 13:15:00+00:00,1839.26,1841.6,1837.58,1841.36
2026-07-18 13:30:00+00:00,1841.35,1842.47,1840.06,1841.57
2026-07-18 13:45:00+00:00,1841.57,1842.41,1840.51,1841.61
2026-07-18 14:00:00+00:00,1841.61,1843.92,1840.64,1843.21
2026-07-18 14:15:00+00:00,1843.21,1845.53,1842.13,1845.53
2026-07-18 14:30:00+00:00,1845.52,1846.27,1844.06,1845.96
2026-07-18 14:45:00+00:00,1845.97,1846.21,1844.63,1845.95
2026-07-18 15:00:00+00:00,1845.95,1846.35,1843.62,1844.57
2026-07-18 15:15:00+00:00,1844.58,1846.0,1843.63,1843.64
2026-07-18 15:30:00+00:00,1843.64,1844.59,1843.22,1843.53
2026-07-18 15:45:00+00:00,1843.53,1845.84,1842.12,1844.15
2026-07-18 16:00:00+00:00,1844.15,1844.35,1841.99,1844.22
2026-07-18 16:15:00+00:00,1844.21,1844.63,1842.63,1843.6
2026-07-18 16:30:00+00:00,1843.6,1845.3,1842.65,1843.5
2026-07-18 16:45:00+00:00,1843.49,1847.14,1841.51,1846.11
2026-07-18 17:00:00+00:00,1846.11,1846.36,1845.0,1846.09
2026-07-18 17:15:00+00:00,1846.09,1848.75,1843.54,1844.04
2026-07-18 17:30:00+00:00,1844.03,1850.29,1844.03,1849.51
2026-07-18 17:45:00+00:00,1849.51,1853.48,1849.01,1852.82
2026-07-18 18:00:00+00:00,1852.83,1853.12,1850.22,1850.23
2026-07-18 18:15:00+00:00,1850.23,1867.58,1850.01,1859.16
2026-07-18 18:30:00+00:00,1859.16,1859.68,1854.39,1855.13
2026-07-18 18:45:00+00:00,1855.13,1859.21,1854.93,1857.54
2026-07-18 19:00:00+00:00,1857.53,1860.76,1856.99,1858.94
2026-07-18 19:15:00+00:00,1858.94,1861.4,1856.22,1856.91
2026-07-18 19:30:00+00:00,1856.91,1859.06,1855.92,1858.02
2026-07-18 19:45:00+00:00,1858.03,1859.0,1857.09,1858.45
2026-07-18 20:00:00+00:00,1858.45,1860.3,1857.15,1859.81
2026-07-18 20:15:00+00:00,1859.8,1863.37,1859.14,1859.47
2026-07-18 20:30:00+00:00,1859.47,1859.47,1856.53,1857.92
2026-07-18 20:45:00+00:00,1857.93,1858.03,1855.47,1857.34
2026-07-18 21:00:00+00:00,1857.35,1862.3,1855.96,1862.3
2026-07-18 21:15:00+00:00,1862.31,1863.18,1859.28,1859.77
2026-07-18 21:30:00+00:00,1859.78,1859.97,1857.92,1858.24
2026-07-18 21:45:00+00:00,1858.24,1863.07,1857.0,1860.97
2026-07-18 22:00:00+00:00,1860.97,1865.86,1859.9,1863.18
2026-07-18 22:15:00+00:00,1863.18,1864.59,1861.31,1861.31
2026-07-18 22:30:00+00:00,1861.3,1863.03,1860.5,1862.68
2026-07-18 22:45:00+00:00,1862.68,1864.77,1861.57,1863.7
2026-07-18 23:00:00+00:00,1863.7,1864.45,1860.1,1860.71
2026-07-18 23:15:00+00:00,1860.72,1863.46,1860.21,1863.18
2026-07-18 23:30:00+00:00,1863.18,1863.18,1861.23,1861.92
2026-07-18 23:45:00+00:00,1861.92,1863.0,1861.11,1862.61
2026-07-19 00:00:00+00:00,1862.61,1863.25,1862.09,1862.4
2026-07-19 00:15:00+00:00,1862.4,1863.88,1859.35,1859.5
2026-07-19 00:30:00+00:00,1859.49,1861.29,1859.2,1859.89
2026-07-19 00:45:00+00:00,1859.9,1863.15,1859.56,1861.45
2026-07-19 01:00:00+00:00,1861.45,1861.53,1859.82,1860.49
2026-07-19 01:15:00+00:00,1860.5,1861.44,1859.47,1859.78
2026-07-19 01:30:00+00:00,1859.77,1860.6,1858.3,1859.06
2026-07-19 01:45:00+00:00,1859.06,1860.12,1858.64,1859.18
2026-07-19 02:00:00+00:00,1859.19,1872.79,1858.17,1870.65
2026-07-19 02:15:00+00:00,1870.66,1873.0,1867.31,1868.09
2026-07-19 02:30:00+00:00,1868.1,1877.33,1868.1,1872.86
2026-07-19 02:45:00+00:00,1872.86,1874.37,1871.17,1871.44
2026-07-19 03:00:00+00:00,1871.45,1872.99,1867.99,1868.0
2026-07-19 03:15:00+00:00,1868.0,1868.0,1863.84,1865.39
2026-07-19 03:30:00+00:00,1865.39,1867.11,1864.85,1865.54
2026-07-19 03:45:00+00:00,1865.55,1867.08,1864.49,1867.08
2026-07-19 04:00:00+00:00,1867.08,1868.51,1864.21,1865.49
2026-07-19 04:15:00+00:00,1865.5,1867.09,1865.5,1866.83
2026-07-19 04:30:00+00:00,1866.84,1870.2,1866.14,1868.42
2026-07-19 04:45:00+00:00,1868.42,1870.2,1866.62,1867.33
2026-07-19 05:00:00+00:00,1867.32,1870.15,1867.32,1870.15
2026-07-19 05:15:00+00:00,1870.15,1870.2,1867.96,1868.31
2026-07-19 05:30:00+00:00,1868.31,1868.31,1865.61,1867.66
2026-07-19 05:45:00+00:00,1867.65,1870.12,1867.65,1868.56
2026-07-19 06:00:00+00:00,1868.55,1870.07,1868.2,1869.58
2026-07-19 06:15:00+00:00,1869.57,1870.8,1868.65,1869.4
2026-07-19 06:30:00+00:00,1869.39,1871.43,1868.7,1870.38
2026-07-19 06:45:00+00:00,1870.37,1870.61,1868.71,1869.39
2026-07-19 07:00:00+00:00,1869.39,1869.39,1867.14,1868.04
2026-07-19 07:15:00+00:00,1868.03,1869.69,1867.52,1869.55
2026-07-19 07:30:00+00:00,1869.55,1871.99,1868.68,1871.0
2026-07-19 07:45:00+00:00,1871.01,1871.12,1868.81,1870.25
2026-07-19 08:00:00+00:00,1870.26,1871.19,1868.22,1870.69
2026-07-19 08:15:00+00:00,1870.69,1870.69,1867.81,1869.03
2026-07-19 08:30:00+00:00,1869.03,1871.11,1867.76,1870.6
2026-07-19 08:45:00+00:00,1870.61,1875.33,1870.6,1873.88
2026-07-19 09:00:00+00:00,1873.89,1874.17,1871.0,1871.21
2026-07-19 09:15:00+00:00,1871.21,1871.21,1866.37,1868.85
2026-07-19 09:30:00+00:00,1868.84,1870.39,1865.82,1866.47
2026-07-19 09:45:00+00:00,1866.48,1868.26,1864.55,1866.16
2026-07-19 10:00:00+00:00,1866.15,1867.57,1863.46,1866.26
2026-07-19 10:15:00+00:00,1866.26,1868.56,1866.02,1868.34
2026-07-19 10:30:00+00:00,1868.33,1872.62,1867.3,1871.91
2026-07-19 10:45:00+00:00,1871.92,1879.38,1871.91,1872.25
2026-07-19 11:00:00+00:00,1872.25,1877.05,1870.0,1875.26
2026-07-19 11:15:00+00:00,1875.26,1878.86,1874.13,1875.94
2026-07-19 11:30:00+00:00,1875.93,1877.5,1874.43,1875.46
2026-07-19 11:45:00+00:00,1875.46,1875.97,1870.41,1871.41
2026-07-19 12:00:00+00:00,1871.4,1871.71,1864.77,1865.03
2026-07-19 12:15:00+00:00,1865.03,1874.34,1864.47,1868.6
2026-07-19 12:30:00+00:00,1868.61,1874.16,1868.61,1871.01
2026-07-19 12:45:00+00:00,1871.0,1871.73,1868.68,1870.38
2026-07-19 13:00:00+00:00,1870.39,1870.78,1866.1,1867.36
2026-07-19 13:15:00+00:00,1867.36,1869.37,1865.89,1869.01
2026-07-19 13:30:00+00:00,1869.01,1872.59,1868.26,1869.31
2026-07-19 13:45:00+00:00,1869.31,1873.77,1869.13,1871.83
2026-07-19 14:00:00+00:00,1871.83,1874.39,1870.88,1873.49
2026-07-19 14:15:00+00:00,1873.49,1874.22,1868.89,1871.61
2026-07-19 14:30:00+00:00,1871.62,1876.42,1871.2,1873.83
2026-07-19 14:45:00+00:00,1873.83,1879.26,1873.49,1874.69
2026-07-19 15:00:00+00:00,1874.69,1876.0,1872.91,1874.4
2026-07-19 15:15:00+00:00,1874.41,1875.27,1868.93,1869.61
2026-07-19 15:30:00+00:00,1869.61,1873.91,1869.6,1872.08
2026-07-19 15:45:00+00:00,1872.08,1872.51,1870.24,1870.91
2026-07-19 16:00:00+00:00,1870.91,1873.59,1868.28,1870.47
2026-07-19 16:15:00+00:00,1870.47,1872.24,1869.05,1870.45
2026-07-19 16:30:00+00:00,1870.45,1870.46,1867.11,1868.61
2026-07-19 16:45:00+00:00,1868.61,1869.15,1866.0,1866.8
2026-07-19 17:00:00+00:00,1866.8,1872.0,1857.77,1871.57
2026-07-19 17:15:00+00:00,1871.56,1873.85,1867.89,1870.07
2026-07-19 17:30:00+00:00,1870.06,1873.54,1868.87,1869.58
2026-07-19 17:45:00+00:00,1869.59,1869.96,1867.23,1867.23
2026-07-19 18:00:00+00:00,1867.23,1867.7,1851.71,1862.71
2026-07-19 18:15:00+00:00,1862.72,1863.32,1857.95,1857.96
2026-07-19 18:30:00+00:00,1857.96,1861.19,1856.59,1859.65
2026-07-19 18:45:00+00:00,1859.65,1861.12,1857.64,1861.12
2026-07-19 19:00:00+00:00,1861.12,1861.62,1854.84,1860.25
2026-07-19 19:15:00+00:00,1860.25,1860.92,1859.01,1860.24
2026-07-19 19:30:00+00:00,1860.24,1861.24,1858.64,1859.25
2026-07-19 19:45:00+00:00,1859.24,1862.77,1858.7,1862.37
2026-07-19 20:00:00+00:00,1862.37,1866.42,1862.37,1863.94
2026-07-19 20:15:00+00:00,1863.95,1864.99,1862.2,1864.4
2026-07-19 20:30:00+00:00,1864.4,1866.5,1863.91,1865.54
2026-07-19 20:45:00+00:00,1865.54,1867.15,1864.13,1867.14
2026-07-19 21:00:00+00:00,1867.15,1868.23,1865.09,1866.98
2026-07-19 21:15:00+00:00,1866.99,1867.3,1862.58,1864.33
2026-07-19 21:30:00+00:00,1864.32,1864.41,1857.49,1859.16
2026-07-19 21:45:00+00:00,1859.17,1862.14,1858.76,1862.12
2026-07-19 22:00:00+00:00,1862.12,1872.0,1857.0,1869.02
2026-07-19 22:15:00+00:00,1869.01,1877.03,1869.01,1871.43
2026-07-19 22:30:00+00:00,1871.43,1875.2,1867.6,1874.37
2026-07-19 22:45:00+00:00,1874.36,1874.36,1869.89,1870.44
2026-07-19 23:00:00+00:00,1870.44,1871.64,1865.0,1870.68
2026-07-19 23:15:00+00:00,1870.68,1871.72,1868.14,1868.97
2026-07-19 23:30:00+00:00,1868.98,1874.25,1867.84,1874.05
2026-07-19 23:45:00+00:00,1874.06,1874.94,1869.58,1872.23
2026-07-20 00:00:00+00:00,1872.24,1890.29,1866.33,1887.68
2026-07-20 00:15:00+00:00,1887.68,1891.71,1877.18,1879.84
2026-07-20 00:30:00+00:00,1879.84,1885.55,1876.34,1880.83
2026-07-20 00:45:00+00:00,1880.83,1880.83,1862.08,1872.14
2026-07-20 01:00:00+00:00,1872.14,1889.94,1870.29,1879.65
2026-07-20 01:15:00+00:00,1879.66,1884.75,1872.69,1880.72
2026-07-20 01:30:00+00:00,1880.73,1881.47,1870.56,1873.94
2026-07-20 01:45:00+00:00,1873.94,1875.09,1865.84,1869.56
2026-07-20 02:00:00+00:00,1869.57,1882.63,1868.97,1877.58
2026-07-20 02:15:00+00:00,1877.59,1878.48,1867.71,1871.77
2026-07-20 02:30:00+00:00,1871.76,1880.63,1871.06,1877.45
2026-07-20 02:45:00+00:00,1877.46,1883.33,1877.33,1879.06
2026-07-20 03:00:00+00:00,1879.06,1881.35,1876.72,1880.15
2026-07-20 03:15:00+00:00,1880.14,1882.24,1870.91,1872.99
2026-07-20 03:30:00+00:00,1872.98,1880.09,1871.97,1880.09
2026-07-20 03:45:00+00:00,1880.09,1880.77,1876.5,1879.94
2026-07-20 04:00:00+00:00,1879.94,1879.99,1872.0,1872.51
2026-07-20 04:15:00+00:00,1872.51,1874.74,1868.46,1873.98
2026-07-20 04:30:00+00:00,1873.97,1878.85,1872.45,1875.89
2026-07-20 04:45:00+00:00,1875.9,1877.3,1868.56,1868.94
2026-07-20 05:00:00+00:00,1868.95,1869.94,1851.5,1859.42
2026-07-20 05:15:00+00:00,1859.42,1864.3,1855.3,1859.27
2026-07-20 05:30:00+00:00,1859.27,1860.8,1856.58,1858.81
2026-07-20 05:45:00+00:00,1858.81,1859.07,1854.13,1855.45
2026-07-20 06:00:00+00:00,1855.46,1857.93,1852.35,1857.28
2026-07-20 06:15:00+00:00,1857.28,1860.23,1854.65,1856.79
2026-07-20 06:30:00+00:00,1856.78,1857.63,1843.14,1848.46
2026-07-20 06:45:00+00:00,1848.46,1851.0,1846.11,1849.73
2026-07-20 07:00:00+00:00,1849.73,1854.52,1849.73,1853.18
2026-07-20 07:15:00+00:00,1853.18,1859.49,1849.26,1857.97
2026-07-20 07:30:00+00:00,1857.97,1862.65,1857.11,1862.63
2026-07-20 07:45:00+00:00,1862.63,1865.54,1861.36,1863.95
2026-07-20 08:00:00+00:00,1863.95,1866.8,1861.43,1864.76
2026-07-20 08:15:00+00:00,1864.76,1868.53,1863.96,1864.5
2026-07-20 08:30:00+00:00,1864.51,1865.2,1854.31,1854.95
2026-07-20 08:45:00+00:00,1854.94,1863.65,1854.94,1861.01
2026-07-20 09:00:00+00:00,1861.0,1862.02,1857.95,1860.05
2026-07-20 09:15:00+00:00,1860.06,1864.35,1860.06,1863.74
2026-07-20 09:30:00+00:00,1863.75,1865.87,1862.93,1865.51
2026-07-20 09:45:00+00:00,1865.52,1867.55,1864.0,1864.16
2026-07-20 10:00:00+00:00,1864.15,1866.8,1862.71,1865.99
2026-07-20 10:15:00+00:00,1865.98,1872.35,1864.37,1870.19
2026-07-20 10:30:00+00:00,1870.19,1870.53,1867.2,1870.49
2026-07-20 10:45:00+00:00,1870.49,1870.49,1868.58,1868.85
2026-07-20 11:00:00+00:00,1868.86,1876.94,1868.06,1874.95
2026-07-20 11:15:00+00:00,1874.95,1875.81,1872.44,1874.34
2026-07-20 11:30:00+00:00,1874.33,1894.88,1873.92,1887.6
2026-07-20 11:45:00+00:00,1887.6,1896.5,1887.18,1893.2
2026-07-20 12:00:00+00:00,1893.21,1893.62,1878.61,1880.45
2026-07-20 12:15:00+00:00,1880.44,1881.74,1876.1,1877.33
2026-07-20 12:30:00+00:00,1877.33,1878.75,1872.5,1873.41
2026-07-20 12:45:00+00:00,1873.41,1875.82,1871.88,1873.33
2026-07-20 13:00:00+00:00,1873.34,1875.53,1872.13,1872.91
2026-07-20 13:15:00+00:00,1872.92,1875.58,1866.69,1870.28
2026-07-20 13:30:00+00:00,1870.28,1880.61,1868.98,1876.1
2026-07-20 13:45:00+00:00,1876.1,1877.33,1857.63,1862.68
2026-07-20 14:00:00+00:00,1862.68,1865.94,1859.43,1861.37
2026-07-20 14:15:00+00:00,1861.38,1867.28,1853.65,1867.28
2026-07-20 14:30:00+00:00,1867.28,1869.76,1863.17,1866.36
2026-07-20 14:45:00+00:00,1866.36,1871.96,1863.13,1868.01
2026-07-20 15:00:00+00:00,1868.01,1886.41,1867.65,1885.4
2026-07-20 15:15:00+00:00,1885.4,1887.48,1882.09,1885.11
2026-07-20 15:30:00+00:00,1885.11,1893.67,1881.6,1891.26
2026-07-20 15:45:00+00:00,1891.27,1904.92,1891.26,1902.34
2026-07-20 16:00:00+00:00,1902.34,1904.49,1893.8,1903.79
2026-07-20 16:15:00+00:00,1903.79,1906.76,1896.97,1900.39
2026-07-20 16:30:00+00:00,1900.39,1904.18,1895.94,1896.9
2026-07-20 16:45:00+00:00,1896.89,1902.37,1895.42,1899.41
2026-07-20 17:00:00+00:00,1899.41,1903.46,1896.99,1898.92
2026-07-20 17:15:00+00:00,1898.92,1900.84,1895.68,1900.15
2026-07-20 17:30:00+00:00,1900.16,1900.44,1896.19,1897.41
2026-07-20 17:45:00+00:00,1897.41,1909.74,1897.41,1907.78
2026-07-20 18:00:00+00:00,1907.78,1918.0,1906.89,1914.82
2026-07-20 18:15:00+00:00,1914.82,1918.16,1906.88,1908.16
2026-07-20 18:30:00+00:00,1908.16,1908.39,1901.87,1902.14
2026-07-20 18:45:00+00:00,1902.14,1902.92,1897.52,1899.52
2026-07-20 19:00:00+00:00,1899.52,1900.1,1891.59,1891.64
2026-07-20 19:15:00+00:00,1891.64,1897.77,1890.07,1896.7
2026-07-20 19:30:00+00:00,1896.69,1898.41,1893.33,1897.36
2026-07-20 19:45:00+00:00,1897.37,1901.07,1896.2,1898.46
2026-07-20 20:00:00+00:00,1898.46,1901.67,1896.2,1901.34
2026-07-20 20:15:00+00:00,1901.34,1903.17,1900.0,1901.45
2026-07-20 20:30:00+00:00,1901.46,1906.55,1901.29,1903.7
2026-07-20 20:45:00+00:00,1903.69,1905.1,1902.46,1904.84
2026-07-20 21:00:00+00:00,1904.83,1907.58,1904.02,1905.19
2026-07-20 21:15:00+00:00,1905.19,1906.99,1904.59,1904.87
2026-07-20 21:30:00+00:00,1904.87,1906.89,1904.58,1904.94
2026-07-20 21:45:00+00:00,1904.94,1905.79,1902.0,1902.45
2026-07-20 22:00:00+00:00,1902.46,1902.58,1898.64,1899.98
2026-07-20 22:15:00+00:00,1899.99,1899.99,1896.4,1896.45
2026-07-20 22:30:00+00:00,1896.44,1897.94,1894.4,1895.15
2026-07-20 22:45:00+00:00,1895.16,1895.99,1894.88,1895.72
2026-07-20 23:00:00+00:00,1895.72,1901.11,1895.33,1899.07
2026-07-20 23:15:00+00:00,1899.06,1903.5,1899.06,1903.49
2026-07-20 23:30:00+00:00,1903.49,1904.65,1900.83,1901.62
2026-07-20 23:45:00+00:00,1901.61,1905.26,1899.81,1904.77
2026-07-21 00:00:00+00:00,1904.77,1905.26,1900.74,1902.62
2026-07-21 00:15:00+00:00,1902.63,1910.22,1901.57,1907.37
2026-07-21 00:30:00+00:00,1907.36,1916.62,1907.1,1914.46
2026-07-21 00:45:00+00:00,1914.45,1917.79,1914.45,1914.8
2026-07-21 01:00:00+00:00,1914.8,1918.18,1912.6,1913.82
2026-07-21 01:15:00+00:00,1913.82,1913.95,1909.61,1910.23
2026-07-21 01:30:00+00:00,1910.22,1915.28,1908.38,1909.89
2026-07-21 01:45:00+00:00,1909.88,1910.96,1907.0,1907.49
2026-07-21 02:00:00+00:00,1907.49,1913.84,1907.04,1909.65
2026-07-21 02:15:00+00:00,1909.66,1909.66,1904.6,1907.7
2026-07-21 02:30:00+00:00,1907.69,1913.68,1907.57,1912.16
2026-07-21 02:45:00+00:00,1912.16,1924.0,1910.84,1917.3
2026-07-21 03:00:00+00:00,1917.3,1928.57,1916.94,1925.0
2026-07-21 03:15:00+00:00,1924.99,1927.97,1922.06,1924.89
2026-07-21 03:30:00+00:00,1924.89,1927.9,1922.84,1926.34
2026-07-21 03:45:00+00:00,1926.34,1928.49,1924.29,1926.75
2026-07-21 04:00:00+00:00,1926.74,1931.2,1925.13,1925.92
2026-07-21 04:15:00+00:00,1925.93,1926.5,1922.99,1923.23
2026-07-21 04:30:00+00:00,1923.22,1925.6,1922.59,1924.56
2026-07-21 04:45:00+00:00,1924.55,1926.0,1923.64,1924.59
2026-07-21 05:00:00+00:00,1924.59,1926.46,1922.47,1923.54
2026-07-21 05:15:00+00:00,1923.54,1926.4,1921.81,1925.1
2026-07-21 05:30:00+00:00,1925.11,1927.26,1923.34,1926.59
2026-07-21 05:45:00+00:00,1926.59,1936.0,1925.48,1930.56
2026-07-21 06:00:00+00:00,1930.56,1934.09,1927.8,1931.84
2026-07-21 06:15:00+00:00,1931.84,1933.95,1929.63,1932.42
2026-07-21 06:30:00+00:00,1932.41,1939.99,1932.12,1937.94
2026-07-21 06:45:00+00:00,1937.94,1938.31,1933.71,1935.03
2026-07-21 07:00:00+00:00,1935.03,1936.51,1933.94,1936.05
2026-07-21 07:15:00+00:00,1936.05,1938.61,1933.94,1935.51
2026-07-21 07:30:00+00:00,1935.52,1940.25,1934.01,1934.2
2026-07-21 07:45:00+00:00,1934.2,1936.98,1933.42,1934.08
2026-07-21 08:00:00+00:00,1934.07,1938.25,1931.63,1938.22
2026-07-21 08:15:00+00:00,1938.22,1953.0,1936.88,1940.28
2026-07-21 08:30:00+00:00,1940.29,1942.67,1938.33,1942.13
2026-07-21 08:45:00+00:00,1942.13,1943.12,1938.87,1939.8
2026-07-21 09:00:00+00:00,1939.79,1940.48,1936.75,1940.32
2026-07-21 09:15:00+00:00,1940.32,1941.31,1937.93,1938.63
2026-07-21 09:30:00+00:00,1938.63,1942.01,1938.4,1940.0
2026-07-21 09:45:00+00:00,1940.0,1944.17,1940.0,1942.22
2026-07-21 10:00:00+00:00,1942.22,1947.09,1941.89,1944.92
2026-07-21 10:15:00+00:00,1944.92,1945.67,1942.12,1942.36
2026-07-21 10:30:00+00:00,1942.37,1943.72,1939.29,1939.8
2026-07-21 10:45:00+00:00,1939.8,1941.07,1932.1,1934.18
2026-07-21 11:00:00+00:00,1934.19,1934.47,1929.0,1929.71
2026-07-21 11:15:00+00:00,1929.72,1932.05,1925.98,1929.45
2026-07-21 11:30:00+00:00,1929.46,1934.99,1929.45,1934.74
2026-07-21 11:45:00+00:00,1934.74,1937.34,1934.44,1935.69
2026-07-21 12:00:00+00:00,1935.69,1939.39,1932.38,1936.1
2026-07-21 12:15:00+00:00,1936.1,1943.52,1933.54,1940.29
2026-07-21 12:30:00+00:00,1940.29,1945.23,1939.52,1941.89
2026-07-21 12:45:00+00:00,1941.9,1944.1,1939.98,1942.79
2026-07-21 13:00:00+00:00,1942.8,1943.77,1940.49,1942.22
2026-07-21 13:15:00+00:00,1942.23,1942.82,1935.49,1937.17
2026-07-21 13:30:00+00:00,1937.17,1937.98,1927.53,1929.1
2026-07-21 13:45:00+00:00,1929.1,1941.44,1928.4,1940.3
2026-07-21 14:00:00+00:00,1940.31,1944.0,1936.25,1941.67
2026-07-21 14:15:00+00:00,1941.68,1941.68,1928.0,1932.69
2026-07-21 14:30:00+00:00,1932.7,1937.6,1930.9,1936.31
2026-07-21 14:45:00+00:00,1936.32,1938.43,1931.52,1931.87
2026-07-21 15:00:00+00:00,1931.88,1931.88,1925.42,1927.3
2026-07-21 15:15:00+00:00,1927.3,1930.97,1924.19,1926.06
2026-07-21 15:30:00+00:00,1926.06,1929.86,1923.36,1927.3
2026-07-21 15:45:00+00:00,1927.3,1932.51,1926.19,1931.81
2026-07-21 16:00:00+00:00,1931.81,1935.36,1929.39,1930.33
2026-07-21 16:15:00+00:00,1930.34,1930.34,1924.34,1924.68
2026-07-21 16:30:00+00:00,1924.68,1927.92,1923.2,1924.68
2026-07-21 16:45:00+00:00,1924.68,1928.38,1921.63,1926.37
2026-07-21 17:00:00+00:00,1926.37,1928.38,1925.4,1926.08
2026-07-21 17:15:00+00:00,1926.09,1926.84,1922.11,1925.13
2026-07-21 17:30:00+00:00,1925.14,1927.5,1923.47,1927.28
2026-07-21 17:45:00+00:00,1927.28,1927.47,1915.0,1918.71
2026-07-21 18:00:00+00:00,1918.7,1923.0,1915.53,1920.87
2026-07-21 18:15:00+00:00,1920.87,1921.9,1916.79,1920.5
2026-07-21 18:30:00+00:00,1920.5,1922.54,1915.11,1921.61
2026-07-21 18:45:00+00:00,1921.6,1922.0,1919.16,1919.93
2026-07-21 19:00:00+00:00,1919.93,1923.28,1918.2,1919.72
2026-07-21 19:15:00+00:00,1919.72,1924.6,1919.04,1924.21
2026-07-21 19:30:00+00:00,1924.22,1926.16,1922.83,1923.88
2026-07-21 19:45:00+00:00,1923.88,1925.93,1922.65,1923.39
2026-07-21 20:00:00+00:00,1923.38,1924.24,1921.68,1922.61
2026-07-21 20:15:00+00:00,1922.61,1923.21,1921.69,1923.16
2026-07-21 20:30:00+00:00,1923.16,1926.44,1923.16,1925.08
2026-07-21 20:45:00+00:00,1925.08,1925.34,1923.19,1923.24
2026-07-21 21:00:00+00:00,1923.25,1923.25,1919.85,1923.0
2026-07-21 21:15:00+00:00,1923.0,1924.98,1922.11,1924.07
2026-07-21 21:30:00+00:00,1924.08,1926.54,1924.07,1926.47
2026-07-21 21:45:00+00:00,1926.47,1926.48,1923.55,1924.32
2026-07-21 22:00:00+00:00,1924.31,1924.31,1921.0,1922.44
2026-07-21 22:15:00+00:00,1922.43,1922.69,1919.85,1921.67
2026-07-21 22:30:00+00:00,1921.67,1923.58,1920.48,1921.35
2026-07-21 22:45:00+00:00,1921.34,1921.34,1918.1,1920.86
2026-07-21 23:00:00+00:00,1920.86,1920.86,1916.67,1917.72
2026-07-21 23:15:00+00:00,1917.72,1922.48,1917.71,1922.47
2026-07-21 23:30:00+00:00,1922.47,1925.0,1921.0,1923.99
2026-07-21 23:45:00+00:00,1923.99,1932.0,1922.18,1930.09
2026-07-22 00:00:00+00:00,1930.09,1938.56,1929.02,1938.06
2026-07-22 00:15:00+00:00,1938.06,1944.68,1935.98,1937.09
2026-07-22 00:30:00+00:00,1937.1,1942.64,1934.52,1939.85
2026-07-22 00:45:00+00:00,1939.84,1941.76,1935.98,1939.46
2026-07-22 01:00:00+00:00,1939.45,1940.56,1934.6,1934.62
2026-07-22 01:15:00+00:00,1934.62,1935.27,1928.0,1931.05
2026-07-22 01:30:00+00:00,1931.04,1935.52,1929.06,1933.19
2026-07-22 01:45:00+00:00,1933.18,1937.54,1931.89,1933.61
2026-07-22 02:00:00+00:00,1933.62,1934.76,1929.31,1933.34
2026-07-22 02:15:00+00:00,1933.34,1936.39,1931.59,1932.35
2026-07-22 02:30:00+00:00,1932.34,1932.34,1926.91,1930.41
2026-07-22 02:45:00+00:00,1930.4,1931.75,1928.36,1930.43
2026-07-22 03:00:00+00:00,1930.42,1933.63,1926.76,1927.03
2026-07-22 03:15:00+00:00,1927.03,1932.78,1927.03,1932.12
2026-07-22 03:30:00+00:00,1932.12,1933.0,1928.91,1931.86
2026-07-22 03:45:00+00:00,1931.85,1936.05,1927.45,1928.77
2026-07-22 04:00:00+00:00,1928.76,1934.29,1928.11,1933.99
2026-07-22 04:15:00+00:00,1933.99,1937.4,1933.6,1935.27
2026-07-22 04:30:00+00:00,1935.27,1939.17,1933.88,1938.88
2026-07-22 04:45:00+00:00,1938.88,1939.4,1935.98,1936.82
2026-07-22 05:00:00+00:00,1936.83,1936.98,1931.97,1932.53
2026-07-22 05:15:00+00:00,1932.53,1932.57,1921.77,1923.12
2026-07-22 05:30:00+00:00,1923.11,1926.24,1919.64,1920.62
2026-07-22 05:45:00+00:00,1920.61,1922.31,1918.27,1919.35
2026-07-22 06:00:00+00:00,1919.36,1921.1,1916.46,1919.98
2026-07-22 06:15:00+00:00,1919.98,1919.98,1913.68,1914.73
2026-07-22 06:30:00+00:00,1914.74,1919.52,1913.34,1917.93
2026-07-22 06:45:00+00:00,1917.92,1919.13,1916.03,1917.4
2026-07-22 07:00:00+00:00,1917.41,1919.0,1915.98,1916.33
2026-07-22 07:15:00+00:00,1916.34,1918.27,1912.83,1918.26
2026-07-22 07:30:00+00:00,1918.27,1918.78,1911.1,1912.97
2026-07-22 07:45:00+00:00,1912.97,1914.63,1910.68,1914.44
2026-07-22 08:00:00+00:00,1914.43,1923.48,1914.08,1920.9
2026-07-22 08:15:00+00:00,1920.9,1925.15,1919.95,1921.74
2026-07-22 08:30:00+00:00,1921.74,1923.59,1918.92,1919.23
2026-07-22 08:45:00+00:00,1919.23,1921.78,1919.23,1921.32
2026-07-22 09:00:00+00:00,1921.33,1926.5,1920.89,1924.14
2026-07-22 09:15:00+00:00,1924.14,1925.89,1923.97,1925.07
2026-07-22 09:30:00+00:00,1925.08,1925.08,1919.41,1921.37
2026-07-22 09:45:00+00:00,1921.38,1924.79,1919.62,1924.49
2026-07-22 10:00:00+00:00,1924.49,1925.45,1923.25,1924.4
2026-07-22 10:15:00+00:00,1924.41,1928.62,1923.38,1928.44
2026-07-22 10:30:00+00:00,1928.44,1931.73,1927.11,1930.89
2026-07-22 10:45:00+00:00,1930.89,1933.62,1930.24,1930.82
2026-07-22 11:00:00+00:00,1930.82,1931.5,1928.72,1929.03
2026-07-22 11:15:00+00:00,1929.02,1930.08,1926.97,1928.34
2026-07-22 11:30:00+00:00,1928.34,1929.17,1922.66,1922.85
2026-07-22 11:45:00+00:00,1922.84,1927.96,1922.36,1927.27
2026-07-22 12:00:00+00:00,1927.26,1927.4,1922.64,1926.34
2026-07-22 12:15:00+00:00,1926.34,1927.45,1922.77,1923.69
2026-07-22 12:30:00+00:00,1923.7,1925.32,1920.55,1921.21
2026-07-22 12:45:00+00:00,1921.2,1922.9,1913.26,1917.17
2026-07-22 13:00:00+00:00,1917.17,1921.36,1917.0,1920.11
2026-07-22 13:15:00+00:00,1920.12,1922.6,1918.81,1921.44
2026-07-22 13:30:00+00:00,1921.45,1939.17,1921.45,1937.15
2026-07-22 13:45:00+00:00,1937.16,1942.43,1935.15,1939.93
2026-07-22 14:00:00+00:00,1939.92,1955.92,1938.13,1941.51
2026-07-22 14:15:00+00:00,1941.5,1941.5,1923.01,1925.06
2026-07-22 14:30:00+00:00,1925.05,1935.36,1923.58,1927.52
2026-07-22 14:45:00+00:00,1927.52,1933.2,1926.94,1933.2
2026-07-22 15:00:00+00:00,1933.2,1943.37,1933.0,1942.04
2026-07-22 15:15:00+00:00,1942.04,1952.36,1940.78,1948.63
2026-07-22 15:30:00+00:00,1948.64,1950.31,1940.9,1944.33
2026-07-22 15:45:00+00:00,1944.33,1946.9,1941.41,1943.03
2026-07-22 16:00:00+00:00,1943.04,1947.24,1939.32,1944.39
2026-07-22 16:15:00+00:00,1944.39,1944.39,1935.42,1939.72
2026-07-22 16:30:00+00:00,1939.72,1956.45,1939.29,1951.25
2026-07-22 16:45:00+00:00,1951.25,1952.2,1946.87,1949.84
2026-07-22 17:00:00+00:00,1949.84,1950.3,1945.58,1946.03
2026-07-22 17:15:00+00:00,1946.03,1946.14,1934.97,1936.76
2026-07-22 17:30:00+00:00,1936.77,1944.79,1936.41,1944.2
2026-07-22 17:45:00+00:00,1944.2,1946.44,1938.33,1938.53
2026-07-22 18:00:00+00:00,1938.53,1940.0,1932.9,1935.75
2026-07-22 18:15:00+00:00,1935.76,1939.38,1932.41,1933.42
2026-07-22 18:30:00+00:00,1933.42,1933.42,1923.2,1925.89
2026-07-22 18:45:00+00:00,1925.9,1932.67,1924.95,1930.69
2026-07-22 19:00:00+00:00,1930.69,1931.88,1921.0,1924.52
2026-07-22 19:15:00+00:00,1924.52,1928.8,1924.27,1927.28
2026-07-22 19:30:00+00:00,1927.29,1928.96,1924.84,1924.98
2026-07-22 19:45:00+00:00,1924.98,1927.72,1924.01,1925.13
2026-07-22 20:00:00+00:00,1925.14,1929.15,1922.95,1929.1
2026-07-22 20:15:00+00:00,1929.1,1930.4,1927.18,1927.78
2026-07-22 20:30:00+00:00,1927.77,1929.17,1926.43,1928.1
2026-07-22 20:45:00+00:00,1928.1,1928.39,1926.23,1926.76
2026-07-22 21:00:00+00:00,1926.76,1930.01,1926.76,1927.64
2026-07-22 21:15:00+00:00,1927.64,1929.5,1926.93,1928.09
2026-07-22 21:30:00+00:00,1928.08,1935.99,1927.81,1935.62
2026-07-22 21:45:00+00:00,1935.62,1939.7,1933.7,1938.76
2026-07-22 22:00:00+00:00,1938.76,1939.23,1934.26,1936.21
2026-07-22 22:15:00+00:00,1936.21,1936.66,1932.89,1936.16
2026-07-22 22:30:00+00:00,1936.16,1936.17,1930.91,1933.35
2026-07-22 22:45:00+00:00,1933.35,1938.77,1933.35,1938.42
2026-07-22 23:00:00+00:00,1938.43,1938.43,1923.6,1925.64
2026-07-22 23:15:00+00:00,1925.64,1930.72,1923.71,1928.91
2026-07-22 23:30:00+00:00,1928.91,1930.67,1928.47,1929.96
2026-07-22 23:45:00+00:00,1929.96,1934.71,1929.16,1934.25
2026-07-23 00:00:00+00:00,1934.26,1938.5,1933.27,1935.13
2026-07-23 00:15:00+00:00,1935.14,1941.5,1932.41,1938.55
2026-07-23 00:30:00+00:00,1938.54,1940.07,1935.69,1935.69
2026-07-23 00:45:00+00:00,1935.69,1937.63,1932.37,1932.37
2026-07-23 01:00:00+00:00,1932.36,1936.7,1931.22,1933.08
2026-07-23 01:15:00+00:00,1933.09,1935.01,1928.38,1933.68
2026-07-23 01:30:00+00:00,1933.67,1934.54,1926.61,1928.11
2026-07-23 01:45:00+00:00,1928.1,1930.25,1927.6,1928.39
2026-07-23 02:00:00+00:00,1928.38,1929.7,1925.31,1925.32
2026-07-23 02:15:00+00:00,1925.32,1926.73,1921.81,1924.44
2026-07-23 02:30:00+00:00,1924.45,1928.0,1924.02,1926.02
2026-07-23 02:45:00+00:00,1926.03,1928.35,1925.77,1927.6
2026-07-23 03:00:00+00:00,1927.6,1928.03,1920.39,1921.92
2026-07-23 03:15:00+00:00,1921.93,1924.84,1920.5,1922.67
2026-07-23 03:30:00+00:00,1922.67,1925.06,1921.56,1922.79
2026-07-23 03:45:00+00:00,1922.79,1922.83,1917.57,1920.55
2026-07-23 04:00:00+00:00,1920.56,1922.7,1918.63,1922.7
2026-07-23 04:15:00+00:00,1922.7,1926.02,1921.4,1925.21
2026-07-23 04:30:00+00:00,1925.21,1925.21,1921.95,1922.59
2026-07-23 04:45:00+00:00,1922.59,1923.62,1918.79,1919.74
2026-07-23 05:00:00+00:00,1919.74,1921.19,1918.31,1919.9
2026-07-23 05:15:00+00:00,1919.9,1925.77,1918.67,1925.77
2026-07-23 05:30:00+00:00,1925.77,1928.69,1924.89,1925.4
2026-07-23 05:45:00+00:00,1925.39,1925.76,1921.21,1922.77
2026-07-23 06:00:00+00:00,1922.78,1923.44,1921.07,1923.04
2026-07-23 06:15:00+00:00,1923.05,1926.2,1921.6,1926.2
2026-07-23 06:30:00+00:00,1926.19,1926.59,1923.98,1925.95
2026-07-23 06:45:00+00:00,1925.95,1926.83,1924.6,1925.39
2026-07-23 07:00:00+00:00,1925.39,1925.39,1913.68,1917.77
2026-07-23 07:15:00+00:00,1917.77,1917.77,1914.3,1916.19
2026-07-23 07:30:00+00:00,1916.18,1916.79,1913.51,1913.52
2026-07-23 07:45:00+00:00,1913.52,1916.1,1912.6,1915.65
2026-07-23 08:00:00+00:00,1915.65,1920.43,1914.44,1919.53
2026-07-23 08:15:00+00:00,1919.53,1922.71,1918.29,1921.99
2026-07-23 08:30:00+00:00,1922.0,1926.76,1921.99,1925.75
2026-07-23 08:45:00+00:00,1925.75,1927.41,1924.32,1926.54
2026-07-23 09:00:00+00:00,1926.54,1930.59,1924.53,1929.31
2026-07-23 09:15:00+00:00,1929.31,1931.66,1927.95,1929.5
2026-07-23 09:30:00+00:00,1929.51,1929.86,1927.61,1929.21
2026-07-23 09:45:00+00:00,1929.2,1929.74,1923.4,1924.36
2026-07-23 10:00:00+00:00,1924.36,1926.53,1922.13,1926.52
2026-07-23 10:15:00+00:00,1926.52,1928.56,1925.43,1928.13
2026-07-23 10:30:00+00:00,1928.14,1929.73,1927.96,1929.73
2026-07-23 10:45:00+00:00,1929.72,1930.43,1927.93,1928.14
2026-07-23 11:00:00+00:00,1928.15,1928.5,1925.46,1928.5
2026-07-23 11:15:00+00:00,1928.49,1929.08,1925.36,1926.21
2026-07-23 11:30:00+00:00,1926.2,1927.06,1924.63,1925.97
2026-07-23 11:45:00+00:00,1925.97,1928.56,1925.23,1926.04
2026-07-23 12:00:00+00:00,1926.03,1927.99,1922.25,1923.66
2026-07-23 12:15:00+00:00,1923.66,1924.29,1918.32,1919.1
2026-07-23 12:30:00+00:00,1919.1,1919.1,1903.38,1904.63
2026-07-23 12:45:00+00:00,1904.63,1905.69,1894.0,1904.64
2026-07-23 13:00:00+00:00,1904.67,1907.36,1897.53,1898.37
2026-07-23 13:15:00+00:00,1898.38,1901.4,1895.47,1898.06
2026-07-23 13:30:00+00:00,1898.06,1908.41,1897.76,1907.73
2026-07-23 13:45:00+00:00,1907.73,1909.19,1898.66,1898.72
2026-07-23 14:00:00+00:00,1898.73,1904.74,1895.81,1902.28
2026-07-23 14:15:00+00:00,1902.28,1907.26,1900.23,1903.93
2026-07-23 14:30:00+00:00,1903.93,1907.09,1899.21,1899.66
2026-07-23 14:45:00+00:00,1899.66,1901.7,1892.5,1896.43
2026-07-23 15:00:00+00:00,1896.44,1896.56,1882.98,1884.4
2026-07-23 15:15:00+00:00,1884.39,1897.1,1883.88,1892.85
2026-07-23 15:30:00+00:00,1892.85,1893.95,1888.7,1890.91
2026-07-23 15:45:00+00:00,1890.9,1897.88,1890.09,1895.23
2026-07-23 16:00:00+00:00,1895.23,1895.41,1885.41,1890.18
2026-07-23 16:15:00+00:00,1890.19,1890.58,1884.69,1889.93
2026-07-23 16:30:00+00:00,1889.92,1890.0,1886.45,1888.37
2026-07-23 16:45:00+00:00,1888.37,1891.52,1887.7,1887.95
2026-07-23 17:00:00+00:00,1887.94,1889.88,1885.96,1888.17
2026-07-23 17:15:00+00:00,1888.16,1892.0,1887.66,1891.4
2026-07-23 17:30:00+00:00,1891.4,1892.18,1888.0,1888.96
2026-07-23 17:45:00+00:00,1888.96,1890.13,1875.01,1878.31
2026-07-23 18:00:00+00:00,1878.31,1880.83,1876.05,1879.34
2026-07-23 18:15:00+00:00,1879.35,1881.07,1876.25,1880.76
2026-07-23 18:30:00+00:00,1880.77,1884.52,1877.32,1879.36
2026-07-23 18:45:00+00:00,1879.35,1883.73,1879.35,1881.19
2026-07-23 19:00:00+00:00,1881.19,1883.63,1875.1,1876.6
2026-07-23 19:15:00+00:00,1876.59,1881.79,1876.59,1881.51
2026-07-23 19:30:00+00:00,1881.51,1883.01,1875.26,1876.16
2026-07-23 19:45:00+00:00,1876.16,1876.48,1869.44,1875.65
2026-07-23 20:00:00+00:00,1875.64,1885.15,1874.81,1884.07
2026-07-23 20:15:00+00:00,1884.06,1889.09,1883.48,1887.86
2026-07-23 20:30:00+00:00,1887.85,1887.9,1884.67,1884.86
2026-07-23 20:45:00+00:00,1884.86,1886.99,1884.42,1885.98
2026-07-23 21:00:00+00:00,1885.97,1888.93,1881.95,1882.82
2026-07-23 21:15:00+00:00,1882.82,1884.31,1880.86,1882.81
2026-07-23 21:30:00+00:00,1882.8,1884.25,1880.94,1882.05
2026-07-23 21:45:00+00:00,1882.06,1883.7,1881.0,1882.72
2026-07-23 22:00:00+00:00,1882.73,1884.13,1877.84,1878.4
2026-07-23 22:15:00+00:00,1878.4,1882.44,1874.23,1880.24
2026-07-23 22:30:00+00:00,1880.24,1883.77,1880.23,1883.39
2026-07-23 22:45:00+00:00,1883.39,1883.61,1881.19,1883.42
2026-07-23 23:00:00+00:00,1883.41,1884.63,1882.32,1883.09
2026-07-23 23:15:00+00:00,1883.1,1884.8,1882.51,1883.17
2026-07-23 23:30:00+00:00,1883.17,1884.08,1881.16,1881.87
2026-07-23 23:45:00+00:00,1881.87,1882.76,1875.56,1878.38
2026-07-24 00:00:00+00:00,1878.38,1879.18,1872.12,1874.7
2026-07-24 00:15:00+00:00,1874.7,1877.69,1870.5,1871.51
2026-07-24 00:30:00+00:00,1871.5,1872.35,1859.67,1866.03
2026-07-24 00:45:00+00:00,1866.03,1871.47,1866.02,1871.47
2026-07-24 01:00:00+00:00,1871.47,1876.53,1870.32,1873.88
2026-07-24 01:15:00+00:00,1873.86,1877.46,1871.8,1873.32
2026-07-24 01:30:00+00:00,1873.31,1877.6,1872.5,1876.04
2026-07-24 01:45:00+00:00,1876.04,1876.8,1872.71,1872.76
2026-07-24 02:00:00+00:00,1872.76,1878.5,1872.12,1877.2
2026-07-24 02:15:00+00:00,1877.21,1877.21,1872.1,1875.97
2026-07-24 02:30:00+00:00,1875.96,1875.97,1867.1,1870.47
2026-07-24 02:45:00+00:00,1870.46,1871.02,1864.82,1869.58
2026-07-24 03:00:00+00:00,1869.57,1877.5,1868.31,1876.15
2026-07-24 03:15:00+00:00,1876.14,1881.2,1876.06,1878.99
2026-07-24 03:30:00+00:00,1878.99,1881.06,1878.0,1881.06
2026-07-24 03:45:00+00:00,1881.06,1881.14,1879.48,1880.67
2026-07-24 04:00:00+00:00,1880.67,1881.14,1878.95,1878.96
2026-07-24 04:15:00+00:00,1878.95,1882.0,1877.57,1880.21
2026-07-24 04:30:00+00:00,1880.2,1880.98,1875.09,1876.84
2026-07-24 04:45:00+00:00,1876.84,1877.38,1875.0,1876.12
2026-07-24 05:00:00+00:00,1876.13,1881.37,1873.48,1879.88
2026-07-24 05:15:00+00:00,1879.87,1881.54,1879.72,1880.07
2026-07-24 05:30:00+00:00,1880.08,1881.26,1877.62,1880.89
2026-07-24 05:45:00+00:00,1880.89,1882.14,1879.07,1880.97
2026-07-24 06:00:00+00:00,1880.97,1882.72,1878.9,1881.87
2026-07-24 06:15:00+00:00,1881.87,1886.75,1881.14,1884.42
2026-07-24 06:30:00+00:00,1884.41,1887.98,1882.56,1886.39
2026-07-24 06:45:00+00:00,1886.39,1888.49,1885.56,1888.13
2026-07-24 07:00:00+00:00,1888.14,1909.8,1888.14,1908.73
2026-07-24 07:15:00+00:00,1908.72,1908.72,1896.52,1897.88
2026-07-24 07:30:00+00:00,1897.87,1901.78,1888.47,1891.08
2026-07-24 07:45:00+00:00,1891.09,1896.94,1891.04,1895.98
2026-07-24 08:00:00+00:00,1895.98,1896.04,1892.3,1893.63
2026-07-24 08:15:00+00:00,1893.63,1894.33,1886.35,1890.11
2026-07-24 08:30:00+00:00,1890.11,1892.77,1889.99,1892.74
2026-07-24 08:45:00+00:00,1892.74,1892.75,1887.94,1888.07
2026-07-24 09:00:00+00:00,1888.07,1889.11,1882.22,1882.51
2026-07-24 09:15:00+00:00,1882.51,1884.01,1878.39,1882.65
2026-07-24 09:30:00+00:00,1882.64,1886.81,1881.76,1885.8
2026-07-24 09:45:00+00:00,1885.8,1888.7,1885.06,1888.07
2026-07-24 10:00:00+00:00,1888.08,1888.64,1882.71,1883.29
2026-07-24 10:15:00+00:00,1883.29,1885.97,1882.0,1885.18
2026-07-24 10:30:00+00:00,1885.18,1886.62,1884.23,1884.36
2026-07-24 10:45:00+00:00,1884.35,1885.09,1880.39,1883.82
2026-07-24 11:00:00+00:00,1883.81,1884.31,1880.02,1881.22
2026-07-24 11:15:00+00:00,1881.23,1884.1,1881.2,1881.5
2026-07-24 11:30:00+00:00,1881.51,1882.27,1878.65,1878.9
2026-07-24 11:45:00+00:00,1878.9,1884.71,1876.71,1883.93
2026-07-24 12:00:00+00:00,1883.93,1884.98,1881.58,1883.8
2026-07-24 12:15:00+00:00,1883.8,1886.09,1882.42,1882.98
2026-07-24 12:30:00+00:00,1882.99,1884.4,1877.96,1878.0
2026-07-24 12:45:00+00:00,1878.0,1879.3,1872.0,1872.65
2026-07-24 13:00:00+00:00,1872.65,1875.4,1856.25,1862.49
2026-07-24 13:15:00+00:00,1862.49,1870.4,1862.1,1866.77
2026-07-24 13:30:00+00:00,1866.77,1868.36,1858.67,1865.65
2026-07-24 13:45:00+00:00,1865.64,1867.42,1848.11,1857.6
2026-07-24 14:00:00+00:00,1857.61,1863.0,1854.43,1857.01
2026-07-24 14:15:00+00:00,1857.0,1858.5,1850.17,1857.79
2026-07-24 14:30:00+00:00,1857.79,1858.16,1852.04,1852.31
2026-07-24 14:45:00+00:00,1852.3,1863.18,1848.09,1862.9
2026-07-24 15:00:00+00:00,1862.9,1865.08,1854.15,1865.07
2026-07-24 15:15:00+00:00,1865.07,1867.87,1859.95,1865.3
2026-07-24 15:30:00+00:00,1865.3,1869.43,1863.86,1864.72
2026-07-24 15:45:00+00:00,1864.71,1866.34,1859.49,1861.81
2026-07-24 16:00:00+00:00,1861.82,1866.07,1858.71,1862.21
2026-07-24 16:15:00+00:00,1862.21,1863.86,1860.41,1860.94
2026-07-24 16:30:00+00:00,1860.95,1860.95,1856.1,1856.95
2026-07-24 16:45:00+00:00,1856.95,1859.36,1853.5,1857.47
2026-07-24 17:00:00+00:00,1857.47,1858.68,1855.03,1857.51
2026-07-24 17:15:00+00:00,1857.52,1864.44,1857.19,1862.87
2026-07-24 17:30:00+00:00,1862.87,1866.0,1862.42,1863.31
2026-07-24 17:45:00+00:00,1863.3,1866.61,1862.2,1866.53
2026-07-24 18:00:00+00:00,1866.53,1866.76,1864.11,1865.28
2026-07-24 18:15:00+00:00,1865.29,1865.29,1860.89,1861.55
2026-07-24 18:30:00+00:00,1861.55,1862.5,1858.48,1860.01
2026-07-24 18:45:00+00:00,1860.01,1864.18,1859.48,1862.72
2026-07-24 19:00:00+00:00,1862.73,1863.93,1858.0,1858.06
2026-07-24 19:15:00+00:00,1858.05,1861.73,1858.0,1861.26
2026-07-24 19:30:00+00:00,1861.26,1864.58,1860.94,1863.48
2026-07-24 19:45:00+00:00,1863.49,1864.37,1862.03,1863.83
2026-07-24 20:00:00+00:00,1863.84,1865.82,1862.23,1863.44
2026-07-24 20:15:00+00:00,1863.44,1865.34,1863.04,1863.45
2026-07-24 20:30:00+00:00,1863.45,1863.45,1860.21,1861.83
2026-07-24 20:45:00+00:00,1861.83,1862.3,1858.42,1860.9
2026-07-24 21:00:00+00:00,1860.91,1862.01,1859.07,1859.45
2026-07-24 21:15:00+00:00,1859.45,1861.0,1858.63,1859.95
2026-07-24 21:30:00+00:00,1859.95,1860.99,1858.94,1859.83
2026-07-24 21:45:00+00:00,1859.83,1860.03,1857.05,1857.51
2026-07-24 22:00:00+00:00,1857.51,1859.99,1856.97,1859.31
2026-07-24 22:15:00+00:00,1859.32,1859.82,1858.62,1859.39
2026-07-24 22:30:00+00:00,1859.38,1861.91,1859.38,1860.93
2026-07-24 22:45:00+00:00,1860.92,1860.95,1859.32,1859.49
2026-07-24 23:00:00+00:00,1859.49,1860.82,1858.98,1860.12
2026-07-24 23:15:00+00:00,1860.11,1861.28,1859.43,1860.89
2026-07-24 23:30:00+00:00,1860.9,1861.53,1859.39,1861.03
2026-07-24 23:45:00+00:00,1861.02,1861.85,1860.43,1861.44
2026-07-25 00:00:00+00:00,1861.44,1863.64,1860.92,1862.94
2026-07-25 00:15:00+00:00,1862.93,1864.24,1862.15,1863.87
2026-07-25 00:30:00+00:00,1863.86,1864.69,1859.79,1860.12
2026-07-25 00:45:00+00:00,1860.12,1860.86,1856.85,1860.34
2026-07-25 01:00:00+00:00,1860.34,1863.63,1857.77,1859.28
2026-07-25 01:15:00+00:00,1859.28,1860.41,1858.17,1859.88
2026-07-25 01:30:00+00:00,1859.89,1862.06,1859.16,1861.61
2026-07-25 01:45:00+00:00,1861.61,1862.29,1859.67,1860.0
2026-07-25 02:00:00+00:00,1859.99,1861.71,1859.73,1860.09
2026-07-25 02:15:00+00:00,1860.09,1860.73,1858.37,1860.72
2026-07-25 02:30:00+00:00,1860.72,1861.03,1858.86,1860.5
2026-07-25 02:45:00+00:00,1860.5,1860.81,1858.35,1859.45
2026-07-25 03:00:00+00:00,1859.45,1860.17,1858.0,1859.47
2026-07-25 03:15:00+00:00,1859.46,1860.52,1858.73,1859.32
2026-07-25 03:30:00+00:00,1859.31,1860.17,1858.55,1859.47
2026-07-25 03:45:00+00:00,1859.47,1859.59,1855.93,1858.74
2026-07-25 04:00:00+00:00,1858.74,1860.86,1858.61,1860.86
2026-07-25 04:15:00+00:00,1860.86,1861.48,1859.56,1859.88
2026-07-25 04:30:00+00:00,1859.88,1861.83,1858.57,1861.51
2026-07-25 04:45:00+00:00,1861.51,1862.65,1860.9,1861.28
2026-07-25 05:00:00+00:00,1861.28,1862.96,1860.69,1860.69
2026-07-25 05:15:00+00:00,1860.69,1861.57,1860.46,1860.88
2026-07-25 05:30:00+00:00,1860.87,1860.94,1857.22,1858.15
2026-07-25 05:45:00+00:00,1858.14,1858.78,1856.9,1858.42
2026-07-25 06:00:00+00:00,1858.42,1859.5,1857.91,1859.49
2026-07-25 06:15:00+00:00,1859.5,1860.0,1856.42,1856.72
2026-07-25 06:30:00+00:00,1856.73,1857.14,1855.04,1855.59
2026-07-25 06:45:00+00:00,1855.59,1858.69,1854.61,1858.55
2026-07-25 07:00:00+00:00,1858.55,1858.79,1857.54,1857.66
2026-07-25 07:15:00+00:00,1857.66,1858.43,1856.73,1857.12
2026-07-25 07:30:00+00:00,1857.11,1857.97,1856.19,1856.99
2026-07-25 07:45:00+00:00,1856.99,1857.95,1856.02,1856.02
2026-07-25 08:00:00+00:00,1856.03,1856.03,1852.72,1854.26
2026-07-25 08:15:00+00:00,1854.26,1856.1,1854.26,1855.8
2026-07-25 08:30:00+00:00,1855.79,1855.99,1854.17,1855.03
2026-07-25 08:45:00+00:00,1855.04,1855.19,1851.22,1853.8
2026-07-25 09:00:00+00:00,1853.8,1854.81,1851.75,1854.25
2026-07-25 09:15:00+00:00,1854.25,1855.8,1853.35,1855.8
2026-07-25 09:30:00+00:00,1855.8,1856.69,1855.45,1856.4
2026-07-25 09:45:00+00:00,1856.39,1859.06,1856.39,1858.34
2026-07-25 10:00:00+00:00,1858.35,1859.06,1857.99,1858.6
2026-07-25 10:15:00+00:00,1858.59,1859.29,1857.37,1857.9
2026-07-25 10:30:00+00:00,1857.89,1858.57,1856.75,1857.14
2026-07-25 10:45:00+00:00,1857.14,1858.95,1856.86,1858.62
2026-07-25 11:00:00+00:00,1858.63,1860.09,1857.81,1859.4
2026-07-25 11:15:00+00:00,1859.41,1859.76,1858.5,1858.51
2026-07-25 11:30:00+00:00,1858.5,1859.79,1857.5,1858.28
2026-07-25 11:45:00+00:00,1858.29,1859.17,1857.63,1857.75
2026-07-25 12:00:00+00:00,1857.75,1858.43,1857.0,1858.34
2026-07-25 12:15:00+00:00,1858.33,1858.91,1856.96,1857.99
2026-07-25 12:30:00+00:00,1857.99,1858.44,1857.15,1858.25
2026-07-25 12:45:00+00:00,1858.24,1860.48,1857.8,1860.32
2026-07-25 13:00:00+00:00,1860.32,1863.73,1859.78,1862.89
2026-07-25 13:15:00+00:00,1862.89,1865.64,1862.47,1864.18
2026-07-25 13:30:00+00:00,1864.18,1868.3,1863.08,1868.3
2026-07-25 13:45:00+00:00,1868.29,1872.35,1865.36,1867.24
2026-07-25 14:00:00+00:00,1867.25,1867.43,1865.56,1867.22
2026-07-25 14:15:00+00:00,1867.22,1868.09,1865.06,1866.49
2026-07-25 14:30:00+00:00,1866.49,1869.22,1866.48,1868.37
2026-07-25 14:45:00+00:00,1868.37,1869.32,1867.08,1868.68
2026-07-25 15:00:00+00:00,1868.67,1870.14,1867.05,1868.74
2026-07-25 15:15:00+00:00,1868.74,1871.43,1868.32,1868.54
2026-07-25 15:30:00+00:00,1868.53,1871.03,1867.03,1870.13
2026-07-25 15:45:00+00:00,1870.12,1870.67,1867.33,1867.88
2026-07-25 16:00:00+00:00,1867.88,1869.35,1865.7,1868.58
2026-07-25 16:15:00+00:00,1868.58,1868.59,1864.65,1865.97
2026-07-25 16:30:00+00:00,1865.97,1869.0,1865.61,1868.99
2026-07-25 16:45:00+00:00,1869.0,1870.91,1866.62,1867.99
2026-07-25 17:00:00+00:00,1867.99,1869.79,1867.99,1869.09
2026-07-25 17:15:00+00:00,1869.09,1872.62,1868.93,1871.71
2026-07-25 17:30:00+00:00,1871.71,1874.88,1870.88,1873.84
2026-07-25 17:45:00+00:00,1873.84,1875.15,1872.36,1873.06
2026-07-25 18:00:00+00:00,1873.07,1877.07,1872.45,1873.76
2026-07-25 18:15:00+00:00,1873.76,1875.46,1872.85,1875.45
2026-07-25 18:30:00+00:00,1875.45,1876.49,1873.75,1874.17
2026-07-25 18:45:00+00:00,1874.16,1876.11,1873.98,1875.48
2026-07-25 19:00:00+00:00,1875.48,1876.45,1874.69,1876.2
2026-07-25 19:15:00+00:00,1876.21,1876.21,1874.4,1875.35
2026-07-25 19:30:00+00:00,1875.36,1876.28,1875.08,1875.84
2026-07-25 19:45:00+00:00,1875.85,1876.64,1874.46,1874.76
2026-07-25 20:00:00+00:00,1874.77,1875.03,1873.08,1874.1
2026-07-25 20:15:00+00:00,1874.1,1874.11,1871.01,1872.43
2026-07-25 20:30:00+00:00,1872.44,1872.44,1870.43,1871.35
2026-07-25 20:45:00+00:00,1871.35,1872.31,1871.27,1872.23
2026-07-25 21:00:00+00:00,1872.23,1872.39,1867.92,1870.37
2026-07-25 21:15:00+00:00,1870.36,1870.8,1869.28,1870.78
2026-07-25 21:30:00+00:00,1870.78,1873.38,1870.49,1871.93
2026-07-25 21:45:00+00:00,1871.94,1875.6,1871.54,1872.65
2026-07-25 22:00:00+00:00,1872.66,1874.81,1872.38,1874.16
2026-07-25 22:15:00+00:00,1874.17,1875.59,1873.94,1875.09
2026-07-25 22:30:00+00:00,1875.09,1875.86,1873.91,1875.77
2026-07-25 22:45:00+00:00,1875.78,1876.92,1874.46,1875.82
2026-07-25 23:00:00+00:00,1875.83,1876.2,1874.7,1874.88
2026-07-25 23:15:00+00:00,1874.88,1875.22,1873.2,1874.26
2026-07-25 23:30:00+00:00,1874.25,1875.52,1874.25,1874.56
2026-07-25 23:45:00+00:00,1874.56,1875.55,1874.11,1874.89
2026-07-26 00:00:00+00:00,1874.88,1878.45,1873.85,1877.49
2026-07-26 00:15:00+00:00,1877.49,1881.08,1876.97,1879.35
2026-07-26 00:30:00+00:00,1879.34,1879.44,1876.57,1877.02
2026-07-26 00:45:00+00:00,1877.02,1881.8,1876.71,1881.05
2026-07-26 01:00:00+00:00,1881.05,1881.9,1878.73,1880.36
2026-07-26 01:15:00+00:00,1880.36,1880.83,1878.87,1879.4
2026-07-26 01:30:00+00:00,1879.39,1880.38,1878.9,1879.46
2026-07-26 01:45:00+00:00,1879.45,1880.0,1877.81,1878.68
2026-07-26 02:00:00+00:00,1878.67,1879.49,1877.06,1879.49
2026-07-26 02:15:00+00:00,1879.49,1880.39,1878.01,1879.29
2026-07-26 02:30:00+00:00,1879.29,1879.69,1877.43,1878.23
2026-07-26 02:45:00+00:00,1878.23,1881.65,1878.23,1880.97
2026-07-26 03:00:00+00:00,1880.98,1883.98,1878.98,1883.41
2026-07-26 03:15:00+00:00,1883.41,1883.41,1880.86,1881.5
2026-07-26 03:30:00+00:00,1881.5,1883.98,1881.04,1882.58
2026-07-26 03:45:00+00:00,1882.58,1882.94,1881.66,1882.21
2026-07-26 04:00:00+00:00,1882.21,1883.16,1880.26,1881.01
2026-07-26 04:15:00+00:00,1881.01,1885.17,1880.49,1884.14
2026-07-26 04:30:00+00:00,1884.15,1887.53,1883.41,1887.52
2026-07-26 04:45:00+00:00,1887.52,1889.36,1885.43,1886.26
2026-07-26 05:00:00+00:00,1886.25,1887.41,1884.93,1887.4
2026-07-26 05:15:00+00:00,1887.4,1887.43,1884.89,1884.89
2026-07-26 05:30:00+00:00,1884.89,1886.4,1883.38,1886.05
2026-07-26 05:45:00+00:00,1886.05,1886.18,1882.72,1883.4
2026-07-26 06:00:00+00:00,1883.4,1884.95,1880.74,1881.09
2026-07-26 06:15:00+00:00,1881.08,1881.97,1878.46,1878.88
2026-07-26 06:30:00+00:00,1878.87,1882.98,1878.83,1882.35
2026-07-26 06:45:00+00:00,1882.34,1885.39,1882.28,1884.95
2026-07-26 07:00:00+00:00,1884.95,1886.29,1883.72,1884.77
2026-07-26 07:15:00+00:00,1884.78,1885.0,1883.09,1883.18
2026-07-26 07:30:00+00:00,1883.18,1883.19,1880.51,1880.51
2026-07-26 07:45:00+00:00,1880.51,1881.73,1880.51,1881.56
2026-07-26 08:00:00+00:00,1881.57,1881.57,1879.88,1880.33
2026-07-26 08:15:00+00:00,1880.34,1881.2,1878.74,1880.77
2026-07-26 08:30:00+00:00,1880.78,1881.85,1879.98,1881.84
2026-07-26 08:45:00+00:00,1881.85,1882.49,1881.16,1881.42
2026-07-26 09:00:00+00:00,1881.42,1883.99,1881.22,1881.96
2026-07-26 09:15:00+00:00,1881.97,1884.8,1881.96,1884.16
2026-07-26 09:30:00+00:00,1884.16,1885.76,1883.26,1884.71
2026-07-26 09:45:00+00:00,1884.71,1885.35,1883.39,1883.8
2026-07-26 10:00:00+00:00,1883.8,1885.27,1882.01,1885.07
2026-07-26 10:15:00+00:00,1885.07,1886.5,1884.1,1885.59
2026-07-26 10:30:00+00:00,1885.59,1887.55,1885.24,1886.96
2026-07-26 10:45:00+00:00,1886.96,1887.7,1885.25,1886.22
2026-07-26 11:00:00+00:00,1886.21,1887.89,1885.52,1886.86
2026-07-26 11:15:00+00:00,1886.85,1887.73,1886.53,1887.2
2026-07-26 11:30:00+00:00,1887.19,1887.73,1886.53,1886.6
2026-07-26 11:45:00+00:00,1886.59,1886.89,1884.78,1885.87
2026-07-26 12:00:00+00:00,1885.87,1893.89,1885.68,1890.81
2026-07-26 12:15:00+00:00,1890.8,1891.77,1887.17,1889.95
2026-07-26 12:30:00+00:00,1889.95,1890.52,1887.51,1887.95
2026-07-26 12:45:00+00:00,1887.94,1887.94,1886.01,1886.57
2026-07-26 13:00:00+00:00,1886.57,1887.21,1881.61,1883.08
2026-07-26 13:15:00+00:00,1883.07,1888.1,1883.07,1885.97
2026-07-26 13:30:00+00:00,1885.97,1888.25,1884.72,1888.07
2026-07-26 13:45:00+00:00,1888.08,1888.86,1886.0,1886.62
2026-07-26 14:00:00+00:00,1886.62,1897.77,1886.61,1895.37
2026-07-26 14:15:00+00:00,1895.37,1895.43,1892.05,1892.68
2026-07-26 14:30:00+00:00,1892.67,1897.89,1891.3,1896.11
2026-07-26 14:45:00+00:00,1896.11,1900.31,1896.11,1898.59
2026-07-26 15:00:00+00:00,1898.58,1903.7,1898.06,1899.2
2026-07-26 15:15:00+00:00,1899.19,1909.95,1899.19,1906.89
2026-07-26 15:30:00+00:00,1906.89,1917.82,1906.61,1914.45
2026-07-26 15:45:00+00:00,1914.45,1916.01,1910.82,1914.63
2026-07-26 16:00:00+00:00,1914.63,1916.0,1908.75,1910.06
2026-07-26 16:15:00+00:00,1910.05,1921.0,1910.05,1919.88
2026-07-26 16:30:00+00:00,1919.88,1928.08,1917.81,1919.59
2026-07-26 16:45:00+00:00,1919.59,1921.8,1915.5,1916.2
2026-07-26 17:00:00+00:00,1916.19,1917.77,1912.07,1917.21
2026-07-26 17:15:00+00:00,1917.2,1917.44,1913.74,1914.32
2026-07-26 17:30:00+00:00,1914.31,1915.79,1911.28,1912.12
2026-07-26 17:45:00+00:00,1912.11,1913.27,1910.8,1911.23
2026-07-26 18:00:00+00:00,1911.23,1913.2,1911.05,1912.46
2026-07-26 18:15:00+00:00,1912.47,1915.65,1912.11,1913.2
2026-07-26 18:30:00+00:00,1913.19,1914.29,1911.78,1914.02
2026-07-26 18:45:00+00:00,1914.01,1916.53,1913.24,1914.49
2026-07-26 19:00:00+00:00,1914.49,1915.86,1912.09,1912.09
2026-07-26 19:15:00+00:00,1912.1,1914.63,1912.1,1913.9
2026-07-26 19:30:00+00:00,1913.91,1915.67,1913.48,1914.82
2026-07-26 19:45:00+00:00,1914.81,1914.82,1913.59,1914.2
2026-07-26 20:00:00+00:00,1914.21,1914.56,1912.43,1913.08
2026-07-26 20:15:00+00:00,1913.08,1913.53,1911.8,1913.29
2026-07-26 20:30:00+00:00,1913.3,1913.91,1912.53,1912.86
2026-07-26 20:45:00+00:00,1912.86,1913.96,1911.14,1913.8
2026-07-26 21:00:00+00:00,1913.79,1916.81,1913.79,1915.28
2026-07-26 21:15:00+00:00,1915.28,1924.83,1914.81,1921.45
2026-07-26 21:30:00+00:00,1921.45,1923.68,1920.1,1921.45
2026-07-26 21:45:00+00:00,1921.46,1930.0,1921.42,1925.91
2026-07-26 22:00:00+00:00,1925.91,1941.31,1925.91,1938.01
2026-07-26 22:15:00+00:00,1938.02,1939.27,1935.16,1938.55
2026-07-26 22:30:00+00:00,1938.55,1947.38,1938.03,1947.36
2026-07-26 22:45:00+00:00,1947.37,1953.03,1944.73,1949.81
2026-07-26 23:00:00+00:00,1949.81,1967.36,1949.81,1957.24
2026-07-26 23:15:00+00:00,1957.23,1962.19,1952.73,1953.79
2026-07-26 23:30:00+00:00,1953.8,1954.06,1945.99,1953.62
2026-07-26 23:45:00+00:00,1953.62,1957.11,1952.35,1954.72
2026-07-27 00:00:00+00:00,1954.72,1955.42,1948.35,1949.42
2026-07-27 00:15:00+00:00,1949.43,1949.43,1942.26,1945.01
2026-07-27 00:30:00+00:00,1945.01,1945.12,1940.29,1941.69
2026-07-27 00:45:00+00:00,1941.7,1945.43,1939.67,1942.54
2026-07-27 01:00:00+00:00,1942.54,1948.0,1942.31,1943.08
2026-07-27 01:15:00+00:00,1943.07,1945.01,1940.89,1941.52
2026-07-27 01:30:00+00:00,1941.52,1945.0,1936.51,1942.12
2026-07-27 01:45:00+00:00,1942.12,1948.46,1941.86,1948.2
2026-07-27 02:00:00+00:00,1948.2,1949.15,1946.0,1946.31
2026-07-27 02:15:00+00:00,1946.32,1949.02,1944.31,1945.69
2026-07-27 02:30:00+00:00,1945.7,1948.85,1943.79,1946.43
2026-07-27 02:45:00+00:00,1946.44,1947.73,1941.48,1943.1
2026-07-27 03:00:00+00:00,1943.09,1946.73,1942.42,1945.29
2026-07-27 03:15:00+00:00,1945.29,1946.75,1944.49,1946.12
2026-07-27 03:30:00+00:00,1946.12,1947.13,1944.06,1947.13
2026-07-27 03:45:00+00:00,1947.12,1950.78,1946.33,1949.64
2026-07-27 04:00:00+00:00,1949.65,1957.14,1948.54,1953.12
2026-07-27 04:15:00+00:00,1953.11,1962.77,1951.96,1954.23
2026-07-27 04:30:00+00:00,1954.24,1959.09,1950.48,1957.94
2026-07-27 04:45:00+00:00,1957.94,1957.94,1953.32,1953.43
2026-07-27 05:00:00+00:00,1953.43,1957.73,1952.63,1956.73
2026-07-27 05:15:00+00:00,1956.73,1960.98,1953.61,1959.53
2026-07-27 05:30:00+00:00,1959.53,1961.96,1958.16,1960.19
2026-07-27 05:45:00+00:00,1960.19,1970.43,1958.66,1965.65
2026-07-27 06:00:00+00:00,1965.65,1981.24,1963.64,1970.36
2026-07-27 06:15:00+00:00,1970.36,1971.86,1964.37,1966.27
2026-07-27 06:30:00+00:00,1966.26,1972.78,1964.88,1972.66
2026-07-27 06:45:00+00:00,1972.67,1973.39,1968.17,1968.45
2026-07-27 07:00:00+00:00,1968.45,1971.58,1965.47,1971.57
2026-07-27 07:15:00+00:00,1971.57,1971.7,1969.01,1969.61
2026-07-27 07:30:00+00:00,1969.62,1969.62,1960.86,1966.51
2026-07-27 07:45:00+00:00,1966.5,1969.99,1964.06,1964.36
2026-07-27 08:00:00+00:00,1964.37,1967.28,1961.81,1964.68
2026-07-27 08:15:00+00:00,1964.68,1968.02,1962.53,1968.01
2026-07-27 08:30:00+00:00,1968.01,1968.21,1964.76,1965.14
2026-07-27 08:45:00+00:00,1965.15,1968.75,1964.24,1964.25
2026-07-27 09:00:00+00:00,1964.25,1964.25,1957.0,1957.5
2026-07-27 09:15:00+00:00,1957.5,1961.11,1956.87,1960.45
2026-07-27 09:30:00+00:00,1960.45,1967.7,1959.41,1966.4
2026-07-27 09:45:00+00:00,1966.41,1968.29,1965.0,1965.19
2026-07-27 10:00:00+00:00,1965.19,1966.6,1963.85,1964.79
2026-07-27 10:15:00+00:00,1964.79,1969.34,1963.8,1966.41
2026-07-27 10:30:00+00:00,1966.41,1971.48,1966.41,1970.28
2026-07-27 10:45:00+00:00,1970.28,1972.0,1966.79,1967.43
2026-07-27 11:00:00+00:00,1967.42,1967.43,1963.85,1965.33
2026-07-27 11:15:00+00:00,1965.33,1966.0,1959.6,1959.61
2026-07-27 11:30:00+00:00,1959.6,1961.78,1958.82,1960.05
2026-07-27 11:45:00+00:00,1960.04,1961.07,1958.11,1959.67
2026-07-27 12:00:00+00:00,1959.67,1964.6,1955.09,1955.2
2026-07-27 12:15:00+00:00,1955.2,1957.38,1947.4,1948.34
2026-07-27 12:30:00+00:00,1948.34,1954.7,1943.0,1953.28
2026-07-27 12:45:00+00:00,1953.28,1958.43,1953.03,1957.59
2026-07-27 13:00:00+00:00,1957.6,1960.38,1953.94,1954.03
2026-07-27 13:15:00+00:00,1954.02,1956.99,1951.4,1952.3
2026-07-27 13:30:00+00:00,1952.29,1977.99,1950.95,1975.73
2026-07-27 13:45:00+00:00,1975.74,1976.75,1957.34,1961.16
2026-07-27 14:00:00+00:00,1961.18,1966.99,1956.06,1964.18
2026-07-27 14:15:00+00:00,1964.17,1965.58,1936.51,1937.85
2026-07-27 14:30:00+00:00,1937.84,1938.79,1919.09,1920.88
2026-07-27 14:45:00+00:00,1920.9,1934.29,1920.7,1932.3
2026-07-27 15:00:00+00:00,1932.3,1935.84,1925.49,1933.81
2026-07-27 15:15:00+00:00,1933.81,1937.87,1928.11,1931.2
2026-07-27 15:30:00+00:00,1931.2,1934.0,1924.83,1931.21
2026-07-27 15:45:00+00:00,1931.21,1931.48,1927.74,1927.75
2026-07-27 16:00:00+00:00,1927.74,1932.0,1926.01,1927.99
2026-07-27 16:15:00+00:00,1927.99,1939.13,1922.65,1937.13
2026-07-27 16:30:00+00:00,1937.14,1946.9,1937.14,1942.76
2026-07-27 16:45:00+00:00,1942.75,1944.2,1936.65,1940.57
2026-07-27 17:00:00+00:00,1940.57,1941.27,1935.1,1939.37
2026-07-27 17:15:00+00:00,1939.37,1946.06,1938.46,1942.28
2026-07-27 17:30:00+00:00,1942.29,1945.89,1942.0,1942.61
2026-07-27 17:45:00+00:00,1942.61,1944.4,1940.01,1943.71
2026-07-27 18:00:00+00:00,1943.72,1944.66,1941.36,1941.57
2026-07-27 18:15:00+00:00,1941.56,1941.56,1935.82,1938.94
2026-07-27 18:30:00+00:00,1938.95,1939.54,1929.2,1935.36
2026-07-27 18:45:00+00:00,1935.36,1939.58,1931.41,1939.2
2026-07-27 19:00:00+00:00,1939.21,1950.97,1937.75,1948.39
2026-07-27 19:15:00+00:00,1948.39,1952.27,1947.48,1950.68
2026-07-27 19:30:00+00:00,1950.69,1955.41,1947.49,1950.67
2026-07-27 19:45:00+00:00,1950.67,1950.67,1947.48,1948.31
2026-07-27 20:00:00+00:00,1948.32,1950.54,1945.69,1946.02
2026-07-27 20:15:00+00:00,1946.02,1947.87,1943.69,1947.7
2026-07-27 20:30:00+00:00,1947.7,1948.83,1944.64,1945.18
2026-07-27 20:45:00+00:00,1945.18,1947.13,1944.87,1946.87
2026-07-27 21:00:00+00:00,1946.88,1950.1,1946.0,1948.5
2026-07-27 21:15:00+00:00,1948.49,1948.64,1944.34,1944.46
2026-07-27 21:30:00+00:00,1944.47,1945.6,1941.66,1942.43
2026-07-27 21:45:00+00:00,1942.43,1943.87,1940.58,1941.9
2026-07-27 22:00:00+00:00,1941.89,1941.9,1935.03,1938.39
2026-07-27 22:15:00+00:00,1938.39,1939.46,1928.35,1929.57
2026-07-27 22:30:00+00:00,1929.57,1931.25,1912.09,1914.72
2026-07-27 22:45:00+00:00,1914.72,1914.72,1892.33,1893.6
2026-07-27 23:00:00+00:00,1893.61,1894.83,1882.49,1890.88
2026-07-27 23:15:00+00:00,1890.87,1895.96,1886.53,1893.21
2026-07-27 23:30:00+00:00,1893.2,1896.19,1886.53,1887.52
2026-07-27 23:45:00+00:00,1887.52,1893.23,1885.41,1892.53
2026-07-28 00:00:00+00:00,1892.53,1894.45,1880.13,1886.76
2026-07-28 00:15:00+00:00,1886.77,1891.62,1878.68,1883.36
2026-07-28 00:30:00+00:00,1883.35,1886.94,1879.08,1884.17
2026-07-28 00:45:00+00:00,1884.17,1884.53,1877.02,1878.86
2026-07-28 01:00:00+00:00,1878.86,1880.8,1866.31,1875.91
2026-07-28 01:15:00+00:00,1875.92,1879.13,1870.43,1878.49
2026-07-28 01:30:00+00:00,1878.49,1882.77,1874.65,1875.87
2026-07-28 01:45:00+00:00,1875.88,1879.75,1874.13,1875.9
2026-07-28 02:00:00+00:00,1875.9,1878.45,1872.35,1877.42
2026-07-28 02:15:00+00:00,1877.42,1880.46,1876.43,1877.97
2026-07-28 02:30:00+00:00,1877.96,1879.08,1874.79,1875.35
2026-07-28 02:45:00+00:00,1875.36,1877.33,1872.99,1876.0
2026-07-28 03:00:00+00:00,1876.01,1877.69,1873.11,1877.47
2026-07-28 03:15:00+00:00,1877.48,1881.39,1876.09,1878.21
2026-07-28 03:30:00+00:00,1878.22,1882.71,1875.3,1882.6
2026-07-28 03:45:00+00:00,1882.6,1883.26,1879.21,1881.38
2026-07-28 04:00:00+00:00,1881.37,1882.84,1880.0,1880.44
2026-07-28 04:15:00+00:00,1880.45,1881.39,1878.82,1879.56
2026-07-28 04:30:00+00:00,1879.55,1879.66,1876.48,1879.21
2026-07-28 04:45:00+00:00,1879.22,1881.35,1877.5,1879.18
2026-07-28 05:00:00+00:00,1879.18,1885.01,1878.46,1882.5
2026-07-28 05:15:00+00:00,1882.5,1889.66,1882.49,1886.3
2026-07-28 05:30:00+00:00,1886.31,1888.11,1882.32,1888.11
2026-07-28 05:45:00+00:00,1888.11,1888.9,1883.16,1883.16
2026-07-28 06:00:00+00:00,1883.16,1883.2,1878.54,1879.9
2026-07-28 06:15:00+00:00,1879.89,1883.43,1879.43,1883.18
2026-07-28 06:30:00+00:00,1883.18,1886.5,1882.74,1886.02
2026-07-28 06:45:00+00:00,1886.01,1888.82,1885.05,1888.62
2026-07-28 07:00:00+00:00,1888.62,1888.97,1886.01,1887.2
2026-07-28 07:15:00+00:00,1887.2,1888.15,1885.2,1885.37
2026-07-28 07:30:00+00:00,1885.37,1886.15,1882.86,1883.62
2026-07-28 07:45:00+00:00,1883.63,1884.98,1880.92,1883.83
2026-07-28 08:00:00+00:00,1883.84,1884.84,1880.72,1880.77
2026-07-28 08:15:00+00:00,1880.77,1885.5,1880.4,1884.65
2026-07-28 08:30:00+00:00,1884.65,1885.62,1881.09,1885.04
2026-07-28 08:45:00+00:00,1885.04,1885.85,1882.51,1884.5
2026-07-28 09:00:00+00:00,1884.5,1885.12,1880.5,1882.83
2026-07-28 09:15:00+00:00,1882.83,1884.89,1882.4,1884.0
2026-07-28 09:30:00+00:00,1884.01,1884.93,1881.35,1882.56
2026-07-28 09:45:00+00:00,1882.57,1883.81,1874.81,1876.44
2026-07-28 10:00:00+00:00,1876.43,1878.6,1873.75,1876.03
2026-07-28 10:15:00+00:00,1876.03,1880.54,1873.8,1877.4
2026-07-28 10:30:00+00:00,1877.4,1879.97,1876.34,1879.97
2026-07-28 10:45:00+00:00,1879.99,1881.0,1878.62,1878.79
2026-07-28 11:00:00+00:00,1878.8,1879.87,1872.47,1873.01
2026-07-28 11:15:00+00:00,1873.01,1882.02,1872.0,1874.61
2026-07-28 11:30:00+00:00,1874.6,1879.78,1872.0,1873.8
2026-07-28 11:45:00+00:00,1873.91,1878.92,1873.91,1876.68
2026-07-28 12:00:00+00:00,1876.69,1878.72,1874.63,1877.61
2026-07-28 12:15:00+00:00,1877.62,1880.0,1876.82,1878.97
2026-07-28 12:30:00+00:00,1878.98,1883.36,1877.65,1883.34
2026-07-28 12:45:00+00:00,1883.34,1893.34,1881.89,1892.48
2026-07-28 13:00:00+00:00,1892.48,1896.28,1890.29,1891.49
2026-07-28 13:15:00+00:00,1891.49,1892.59,1883.83,1883.92
2026-07-28 13:30:00+00:00,1883.92,1887.18,1860.37,1869.36
2026-07-28 13:45:00+00:00,1869.36,1876.22,1856.88,1874.08
2026-07-28 14:00:00+00:00,1874.08,1881.61,1874.0,1875.28
2026-07-28 14:15:00+00:00,1875.29,1879.57,1867.74,1876.81
2026-07-28 14:30:00+00:00,1876.82,1888.37,1876.82,1886.53
2026-07-28 14:45:00+00:00,1886.53,1893.46,1884.51,1888.95
2026-07-28 15:00:00+00:00,1888.96,1892.99,1884.56,1891.25
2026-07-28 15:15:00+00:00,1891.24,1924.41,1887.52,1912.17
2026-07-28 15:30:00+00:00,1912.16,1918.41,1909.0,1916.24
2026-07-28 15:45:00+00:00,1916.23,1922.22,1912.7,1920.02
2026-07-28 16:00:00+00:00,1920.02,1920.02,1914.81,1915.42
2026-07-28 16:15:00+00:00,1915.42,1924.05,1915.0,1918.04
2026-07-28 16:30:00+00:00,1918.03,1924.15,1914.52,1922.46
2026-07-28 16:45:00+00:00,1922.45,1928.95,1919.72,1925.92
2026-07-28 17:00:00+00:00,1925.92,1925.92,1911.81,1912.08
2026-07-28 17:15:00+00:00,1912.07,1913.99,1906.14,1908.29
2026-07-28 17:30:00+00:00,1908.3,1908.75,1892.71,1896.51
2026-07-28 17:45:00+00:00,1896.52,1903.12,1896.5,1901.89
2026-07-28 18:00:00+00:00,1901.9,1913.61,1901.6,1908.41
2026-07-28 18:15:00+00:00,1908.4,1910.88,1908.08,1909.2
2026-07-28 18:30:00+00:00,1909.21,1913.93,1908.47,1912.79
2026-07-28 18:45:00+00:00,1912.79,1914.93,1909.76,1911.22
2026-07-28 19:00:00+00:00,1911.22,1915.65,1911.22,1913.92
2026-07-28 19:15:00+00:00,1913.93,1916.76,1912.4,1915.78
2026-07-28 19:30:00+00:00,1915.79,1921.71,1915.54,1916.16
2026-07-28 19:45:00+00:00,1916.15,1922.23,1915.84,1922.23
2026-07-28 20:00:00+00:00,1922.24,1923.84,1918.73,1921.49
2026-07-28 20:15:00+00:00,1921.49,1923.17,1917.51,1918.51
2026-07-28 20:30:00+00:00,1918.51,1920.28,1916.16,1918.71
2026-07-28 20:45:00+00:00,1918.71,1918.86,1917.12,1918.57
2026-07-28 21:00:00+00:00,1918.57,1923.22,1918.47,1920.21
2026-07-28 21:15:00+00:00,1920.21,1920.93,1919.75,1920.15
2026-07-28 21:30:00+00:00,1920.15,1923.5,1919.08,1923.49
2026-07-28 21:45:00+00:00,1923.5,1929.67,1923.5,1923.95
2026-07-28 22:00:00+00:00,1923.96,1927.1,1922.0,1923.01
2026-07-28 22:15:00+00:00,1923.01,1924.28,1919.41,1919.8
2026-07-28 22:30:00+00:00,1919.8,1919.8,1916.52,1916.92
2026-07-28 22:45:00+00:00,1916.92,1916.92,1910.1,1911.9
2026-07-28 23:00:00+00:00,1911.9,1912.34,1904.41,1908.39
2026-07-28 23:15:00+00:00,1908.39,1909.18,1904.06,1908.6
2026-07-28 23:30:00+00:00,1908.61,1918.88,1908.55,1918.09
2026-07-28 23:45:00+00:00,1918.09,1923.1,1916.62,1922.23
2026-07-29 00:00:00+00:00,1922.22,1928.51,1921.88,1922.52
2026-07-29 00:15:00+00:00,1922.51,1925.85,1918.99,1920.33
2026-07-29 00:30:00+00:00,1920.33,1923.33,1916.34,1921.35
2026-07-29 00:45:00+00:00,1921.36,1925.3,1916.89,1917.27
2026-07-29 01:00:00+00:00,1917.27,1918.16,1910.08,1910.58
2026-07-29 01:15:00+00:00,1910.58,1916.73,1908.63,1915.12
2026-07-29 01:30:00+00:00,1915.12,1915.92,1909.42,1910.36
2026-07-29 01:45:00+00:00,1910.35,1910.99,1905.0,1905.7
2026-07-29 02:00:00+00:00,1905.69,1910.4,1901.17,1908.64
2026-07-29 02:15:00+00:00,1908.64,1916.05,1903.12,1915.8
2026-07-29 02:30:00+00:00,1915.79,1919.67,1913.44,1914.2
2026-07-29 02:45:00+00:00,1914.2,1914.33,1908.87,1911.1
2026-07-29 03:00:00+00:00,1911.11,1913.04,1906.73,1909.62
2026-07-29 03:15:00+00:00,1909.63,1910.16,1901.81,1901.91
2026-07-29 03:30:00+00:00,1901.91,1902.69,1895.31,1897.68
2026-07-29 03:45:00+00:00,1897.68,1898.69,1891.17,1892.7
2026-07-29 04:00:00+00:00,1892.7,1895.9,1884.51,1892.15
2026-07-29 04:15:00+00:00,1892.14,1896.5,1886.26,1895.41
2026-07-29 04:30:00+00:00,1895.41,1906.43,1894.5,1900.69
2026-07-29 04:45:00+00:00,1900.7,1905.72,1900.12,1905.52
2026-07-29 05:00:00+00:00,1905.52,1909.18,1904.71,1909.05
2026-07-29 05:15:00+00:00,1909.05,1910.51,1903.53,1908.44
2026-07-29 05:30:00+00:00,1908.45,1914.99,1907.21,1912.54
2026-07-29 05:45:00+00:00,1912.55,1914.81,1911.68,1912.54
2026-07-29 06:00:00+00:00,1912.53,1913.99,1908.89,1912.79
2026-07-29 06:15:00+00:00,1912.8,1919.6,1911.12,1918.8
2026-07-29 06:30:00+00:00,1918.79,1920.93,1917.57,1919.66
2026-07-29 06:45:00+00:00,1919.66,1921.71,1917.8,1920.18
2026-07-29 07:00:00+00:00,1920.19,1922.0,1918.71,1919.36
2026-07-29 07:15:00+00:00,1919.35,1919.69,1916.06,1918.56
2026-07-29 07:30:00+00:00,1918.57,1918.57,1914.81,1915.9
2026-07-29 07:45:00+00:00,1915.9,1925.68,1914.1,1924.71
2026-07-29 08:00:00+00:00,1924.71,1925.35,1914.16,1914.93
2026-07-29 08:15:00+00:00,1914.93,1916.95,1912.18,1913.29
2026-07-29 08:30:00+00:00,1913.29,1916.71,1912.11,1916.71
2026-07-29 08:45:00+00:00,1916.71,1919.39,1914.87,1915.08
2026-07-29 09:00:00+00:00,1915.08,1919.75,1914.94,1918.88
2026-07-29 09:15:00+00:00,1918.88,1921.03,1917.97,1920.14
2026-07-29 09:30:00+00:00,1920.14,1924.73,1920.0,1922.02
2026-07-29 09:45:00+00:00,1922.02,1924.05,1918.85,1922.31
2026-07-29 10:00:00+00:00,1922.31,1922.58,1919.44,1920.63
2026-07-29 10:15:00+00:00,1920.64,1920.82,1918.94,1919.45
2026-07-29 10:30:00+00:00,1919.46,1921.16,1917.0,1920.41
2026-07-29 10:45:00+00:00,1920.42,1920.42,1910.0,1912.16
2026-07-29 11:00:00+00:00,1912.16,1917.0,1911.16,1916.45
2026-07-29 11:15:00+00:00,1916.45,1917.07,1911.94,1913.79
2026-07-29 11:30:00+00:00,1913.78,1914.14,1910.35,1911.75
2026-07-29 11:45:00+00:00,1911.75,1916.0,1911.53,1915.26
2026-07-29 12:00:00+00:00,1915.26,1915.27,1911.71,1911.71
2026-07-29 12:15:00+00:00,1911.7,1911.7,1902.3,1906.23
2026-07-29 12:30:00+00:00,1906.22,1908.74,1903.86,1906.48
2026-07-29 12:45:00+00:00,1906.49,1908.12,1903.89,1905.23
2026-07-29 13:00:00+00:00,1905.23,1906.81,1903.78,1905.94
2026-07-29 13:15:00+00:00,1905.95,1905.96,1900.81,1904.48
2026-07-29 13:30:00+00:00,1904.47,1911.11,1901.3,1909.36
2026-07-29 13:45:00+00:00,1909.36,1911.67,1895.59,1909.24
2026-07-29 14:00:00+00:00,1909.24,1911.46,1897.0,1898.09
2026-07-29 14:15:00+00:00,1898.1,1902.97,1892.71,1897.77
2026-07-29 14:30:00+00:00,1897.77,1903.71,1891.39,1893.52
2026-07-29 14:45:00+00:00,1893.51,1900.31,1892.95,1895.23
2026-07-29 15:00:00+00:00,1895.23,1898.84,1893.82,1896.88
2026-07-29 15:15:00+00:00,1896.87,1898.42,1888.88,1895.11
2026-07-29 15:30:00+00:00,1895.1,1898.65,1891.05,1891.68
2026-07-29 15:45:00+00:00,1891.68,1894.06,1887.31,1892.11
2026-07-29 16:00:00+00:00,1892.11,1893.79,1889.57,1892.41
2026-07-29 16:15:00+00:00,1892.4,1899.5,1890.57,1895.83
2026-07-29 16:30:00+00:00,1895.82,1897.71,1887.75,1889.52
2026-07-29 16:45:00+00:00,1889.51,1895.69,1889.28,1895.4
2026-07-29 17:00:00+00:00,1895.4,1901.62,1895.23,1901.48
2026-07-29 17:15:00+00:00,1901.48,1901.48,1895.46,1895.9
2026-07-29 17:30:00+00:00,1895.9,1903.36,1894.51,1902.18
2026-07-29 17:45:00+00:00,1902.17,1917.29,1900.43,1916.16
2026-07-29 18:00:00+00:00,1916.15,1935.68,1915.19,1917.08
2026-07-29 18:15:00+00:00,1917.07,1919.7,1903.0,1908.03
2026-07-29 18:30:00+00:00,1908.04,1922.34,1894.22,1920.7
2026-07-29 18:45:00+00:00,1920.69,1928.51,1917.9,1920.55
2026-07-29 19:00:00+00:00,1920.56,1922.74,1909.14,1913.33
2026-07-29 19:15:00+00:00,1913.33,1914.46,1898.21,1904.36
2026-07-29 19:30:00+00:00,1904.37,1907.29,1897.01,1900.19
2026-07-29 19:45:00+00:00,1900.2,1901.42,1883.7,1888.56
2026-07-29 20:00:00+00:00,1888.57,1889.89,1880.0,1887.79
2026-07-29 20:15:00+00:00,1887.78,1891.51,1878.14,1884.1
2026-07-29 20:30:00+00:00,1884.11,1891.99,1882.53,1889.21
2026-07-29 20:45:00+00:00,1889.21,1890.6,1882.92,1884.15
2026-07-29 21:00:00+00:00,1884.16,1885.15,1872.0,1885.07
2026-07-29 21:15:00+00:00,1885.07,1890.01,1881.77,1890.0
2026-07-29 21:30:00+00:00,1890.0,1892.99,1888.99,1891.39
2026-07-29 21:45:00+00:00,1891.39,1898.39,1889.89,1898.38
2026-07-29 22:00:00+00:00,1898.39,1910.14,1898.28,1907.59
2026-07-29 22:15:00+00:00,1907.59,1911.61,1906.03,1908.57
2026-07-29 22:30:00+00:00,1908.56,1909.3,1904.52,1908.32
2026-07-29 22:45:00+00:00,1908.32,1908.91,1905.15,1907.18
2026-07-29 23:00:00+00:00,1907.18,1907.35,1902.68,1903.51
2026-07-29 23:15:00+00:00,1903.51,1911.01,1903.3,1908.4
2026-07-29 23:30:00+00:00,1908.41,1911.29,1905.95,1911.29
2026-07-29 23:45:00+00:00,1911.28,1913.17,1909.48,1910.72
2026-07-30 00:00:00+00:00,1910.72,1914.81,1908.52,1912.2
2026-07-30 00:15:00+00:00,1912.19,1914.8,1908.33,1911.21
2026-07-30 00:30:00+00:00,1911.21,1911.77,1896.43,1896.86
2026-07-30 00:45:00+00:00,1896.86,1899.21,1893.99,1898.22
2026-07-30 01:00:00+00:00,1898.22,1911.21,1897.49,1900.67
2026-07-30 01:15:00+00:00,1900.68,1907.76,1900.46,1907.27
2026-07-30 01:30:00+00:00,1907.27,1919.0,1907.08,1915.25
2026-07-30 01:45:00+00:00,1915.24,1921.92,1913.52,1916.77
2026-07-30 02:00:00+00:00,1916.77,1919.9,1914.03,1916.84
2026-07-30 02:15:00+00:00,1916.83,1920.0,1915.0,1915.47
2026-07-30 02:30:00+00:00,1915.46,1915.47,1910.29,1914.53
2026-07-30 02:45:00+00:00,1914.53,1915.35,1910.61,1911.11
2026-07-30 03:00:00+00:00,1911.12,1913.73,1907.65,1911.48
2026-07-30 03:15:00+00:00,1911.5,1915.3,1910.77,1914.12
2026-07-30 03:30:00+00:00,1914.12,1914.13,1909.21,1910.78
2026-07-30 03:45:00+00:00,1910.78,1912.6,1909.94,1909.99
2026-07-30 04:00:00+00:00,1910.0,1910.93,1906.99,1907.43
2026-07-30 04:15:00+00:00,1907.43,1908.65,1905.44,1906.38
2026-07-30 04:30:00+00:00,1906.37,1908.36,1903.91,1905.18
2026-07-30 04:45:00+00:00,1905.18,1906.89,1901.87,1901.99
2026-07-30 05:00:00+00:00,1902.0,1903.86,1900.44,1903.13
2026-07-30 05:15:00+00:00,1903.13,1904.55,1900.18,1903.2
2026-07-30 05:30:00+00:00,1903.2,1909.67,1903.04,1907.87
2026-07-30 05:45:00+00:00,1907.87,1909.39,1904.3,1906.34
2026-07-30 06:00:00+00:00,1906.34,1906.95,1902.78,1903.72
2026-07-30 06:15:00+00:00,1903.73,1906.35,1901.98,1905.88
2026-07-30 06:30:00+00:00,1905.88,1905.94,1902.59,1903.03
2026-07-30 06:45:00+00:00,1903.02,1903.89,1899.59,1901.32
2026-07-30 07:00:00+00:00,1901.33,1907.97,1900.93,1905.25
2026-07-30 07:15:00+00:00,1905.26,1908.12,1902.71,1905.42
2026-07-30 07:30:00+00:00,1905.42,1906.15,1900.43,1904.91
2026-07-30 07:45:00+00:00,1904.91,1906.21,1902.97,1903.25
2026-07-30 08:00:00+00:00,1903.26,1907.02,1900.51,1904.76
2026-07-30 08:15:00+00:00,1904.76,1917.95,1903.59,1914.37
2026-07-30 08:30:00+00:00,1914.37,1916.82,1912.99,1915.95
2026-07-30 08:45:00+00:00,1915.94,1916.54,1913.98,1914.99
2026-07-30 09:00:00+00:00,1914.99,1918.4,1914.06,1918.05
2026-07-30 09:15:00+00:00,1918.05,1920.56,1916.76,1920.3
2026-07-30 09:30:00+00:00,1920.3,1924.25,1917.98,1918.82
2026-07-30 09:45:00+00:00,1918.81,1920.64,1917.56,1918.16
2026-07-30 10:00:00+00:00,1918.15,1920.52,1917.7,1918.36
2026-07-30 10:15:00+00:00,1918.36,1920.52,1918.35,1920.24
2026-07-30 10:30:00+00:00,1920.25,1921.78,1919.02,1921.37
2026-07-30 10:45:00+00:00,1921.37,1921.9,1916.7,1918.26
2026-07-30 11:00:00+00:00,1918.27,1920.0,1916.7,1919.35
2026-07-30 11:15:00+00:00,1919.36,1921.33,1918.4,1920.49
2026-07-30 11:30:00+00:00,1920.5,1924.0,1918.98,1921.29
2026-07-30 11:45:00+00:00,1921.29,1926.44,1920.92,1923.22
2026-07-30 12:00:00+00:00,1923.25,1928.0,1922.19,1926.51
2026-07-30 12:15:00+00:00,1926.52,1926.96,1919.79,1922.4
2026-07-30 12:30:00+00:00,1922.39,1925.6,1919.84,1920.61
2026-07-30 12:45:00+00:00,1920.62,1926.43,1920.62,1925.23
2026-07-30 13:00:00+00:00,1925.24,1928.46,1924.15,1925.65
2026-07-30 13:15:00+00:00,1925.66,1927.52,1922.87,1925.17
2026-07-30 13:30:00+00:00,1925.16,1931.41,1917.15,1930.42
2026-07-30 13:45:00+00:00,1930.42,1936.99,1929.25,1929.86
2026-07-30 14:00:00+00:00,1929.86,1930.2,1918.02,1918.64
2026-07-30 14:15:00+00:00,1918.65,1925.15,1913.49,1921.08
2026-07-30 14:30:00+00:00,1921.07,1924.84,1918.43,1920.57
2026-07-30 14:45:00+00:00,1920.57,1921.65,1914.71,1917.4
2026-07-30 15:00:00+00:00,1917.41,1921.2,1914.67,1916.92
2026-07-30 15:15:00+00:00,1916.92,1924.16,1915.84,1917.04
2026-07-30 15:30:00+00:00,1917.03,1919.67,1914.7,1918.89
2026-07-30 15:45:00+00:00,1918.89,1920.57,1916.67,1918.9
2026-07-30 16:00:00+00:00,1918.9,1925.98,1918.85,1923.46
2026-07-30 16:15:00+00:00,1923.45,1925.0,1920.54,1922.75
2026-07-30 16:30:00+00:00,1922.76,1923.27,1915.98,1915.98
2026-07-30 16:45:00+00:00,1915.97,1919.74,1915.97,1919.38
2026-07-30 17:00:00+00:00,1919.37,1920.77,1916.28,1917.5
2026-07-30 17:15:00+00:00,1917.5,1923.0,1916.84,1922.15
2026-07-30 17:30:00+00:00,1922.15,1925.4,1918.85,1923.51
2026-07-30 17:45:00+00:00,1923.51,1924.91,1920.4,1920.88
2026-07-30 18:00:00+00:00,1920.88,1922.73,1919.8,1920.29
2026-07-30 18:15:00+00:00,1920.29,1920.62,1918.23,1920.32
2026-07-30 18:30:00+00:00,1920.31,1920.8,1917.4,1918.56
2026-07-30 18:45:00+00:00,1918.56,1918.86,1914.81,1916.29
2026-07-30 19:00:00+00:00,1916.3,1922.89,1916.0,1921.97
2026-07-30 19:15:00+00:00,1921.98,1929.34,1920.92,1926.49
2026-07-30 19:30:00+00:00,1926.49,1927.48,1924.32,1925.65
2026-07-30 19:45:00+00:00,1925.65,1926.01,1922.98,1923.68
2026-07-30 20:00:00+00:00,1923.69,1927.4,1921.03,1922.01
2026-07-30 20:15:00+00:00,1922.0,1924.96,1920.73,1922.35
2026-07-30 20:30:00+00:00,1922.35,1925.6,1920.0,1923.89
2026-07-30 20:45:00+00:00,1923.89,1925.2,1921.41,1921.68
2026-07-30 21:00:00+00:00,1921.69,1923.35,1921.42,1923.0
2026-07-30 21:15:00+00:00,1923.0,1924.56,1921.78,1922.19
2026-07-30 21:30:00+00:00,1922.2,1923.19,1920.56,1921.74
2026-07-30 21:45:00+00:00,1921.75,1922.13,1917.23,1918.67
2026-07-30 22:00:00+00:00,1918.66,1928.2,1916.0,1925.66
2026-07-30 22:15:00+00:00,1925.67,1932.91,1924.91,1931.98
2026-07-30 22:30:00+00:00,1931.99,1933.41,1928.38,1930.13
2026-07-30 22:45:00+00:00,1930.13,1930.73,1924.73,1925.63
2026-07-30 23:00:00+00:00,1925.62,1928.92,1924.78,1928.77
2026-07-30 23:15:00+00:00,1928.77,1928.92,1926.19,1927.5
2026-07-30 23:30:00+00:00,1927.49,1936.79,1922.11,1924.71
2026-07-30 23:45:00+00:00,1924.71,1926.58,1918.07,1918.31
2026-07-31 00:00:00+00:00,1918.32,1922.09,1917.06,1919.49
2026-07-31 00:15:00+00:00,1919.49,1919.97,1916.2,1917.84
2026-07-31 00:30:00+00:00,1917.84,1919.68,1915.64,1917.8
2026-07-31 00:45:00+00:00,1917.8,1918.84,1915.02,1917.15
2026-07-31 01:00:00+00:00,1917.15,1936.15,1917.15,1930.98
2026-07-31 01:15:00+00:00,1930.98,1932.99,1925.22,1929.71
2026-07-31 01:30:00+00:00,1929.7,1930.2,1919.09,1919.38
2026-07-31 01:45:00+00:00,1919.38,1920.53,1906.79,1910.36
2026-07-31 02:00:00+00:00,1910.35,1912.0,1906.5,1908.73
2026-07-31 02:15:00+00:00,1908.73,1908.73,1904.04,1904.49
2026-07-31 02:30:00+00:00,1904.49,1907.1,1901.6,1902.15
2026-07-31 02:45:00+00:00,1902.15,1906.44,1902.15,1904.15
2026-07-31 03:00:00+00:00,1904.15,1904.26,1899.09,1901.86
2026-07-31 03:15:00+00:00,1901.87,1909.99,1900.96,1908.02
2026-07-31 03:30:00+00:00,1908.01,1909.5,1905.61,1908.05
2026-07-31 03:45:00+00:00,1908.05,1911.6,1906.79,1908.9
2026-07-31 04:00:00+00:00,1908.9,1909.49,1905.0,1905.28
2026-07-31 04:15:00+00:00,1905.28,1906.53,1903.24,1906.15
2026-07-31 04:30:00+00:00,1906.15,1907.04,1904.47,1905.68
2026-07-31 04:45:00+00:00,1905.69,1906.91,1905.26,1905.96
2026-07-31 05:00:00+00:00,1905.97,1908.75,1905.96,1908.53
2026-07-31 05:15:00+00:00,1908.53,1909.1,1904.61,1904.82
2026-07-31 05:30:00+00:00,1904.82,1906.07,1901.65,1901.65
2026-07-31 05:45:00+00:00,1901.65,1906.26,1901.49,1906.13
2026-07-31 06:00:00+00:00,1906.14,1907.99,1904.77,1907.3
2026-07-31 06:15:00+00:00,1907.3,1911.16,1905.51,1910.86
2026-07-31 06:30:00+00:00,1910.86,1911.15,1901.17,1902.18
2026-07-31 06:45:00+00:00,1902.18,1904.75,1900.3,1902.61
2026-07-31 07:00:00+00:00,1902.6,1902.78,1890.1,1892.06
2026-07-31 07:15:00+00:00,1892.06,1892.16,1885.08,1885.09
2026-07-31 07:30:00+00:00,1885.09,1889.03,1884.53,1887.68
2026-07-31 07:45:00+00:00,1887.68,1892.44,1887.67,1890.2
2026-07-31 08:00:00+00:00,1890.2,1893.08,1888.22,1891.83
2026-07-31 08:15:00+00:00,1891.83,1893.33,1888.54,1892.12
2026-07-31 08:30:00+00:00,1892.12,1892.8,1889.01,1889.72
2026-07-31 08:45:00+00:00,1889.73,1891.9,1889.3,1890.45
2026-07-31 09:00:00+00:00,1890.45,1891.26,1889.01,1890.09
2026-07-31 09:15:00+00:00,1890.1,1890.1,1883.26,1884.52
2026-07-31 09:30:00+00:00,1884.51,1885.59,1881.42,1883.38
2026-07-31 09:45:00+00:00,1883.37,1885.37,1882.13,1883.74
2026-07-31 10:00:00+00:00,1883.73,1884.77,1877.93,1883.5
2026-07-31 10:15:00+00:00,1883.5,1887.83,1882.63,1886.94
2026-07-31 10:30:00+00:00,1886.93,1889.61,1886.36,1889.44
2026-07-31 10:45:00+00:00,1889.45,1890.16,1885.9,1887.12
2026-07-31 11:00:00+00:00,1887.12,1889.83,1884.42,1885.41
2026-07-31 11:15:00+00:00,1885.41,1887.3,1882.49,1884.46
2026-07-31 11:30:00+00:00,1884.46,1885.01,1882.6,1883.61
2026-07-31 11:45:00+00:00,1883.6,1885.16,1882.96,1884.26
2026-07-31 12:00:00+00:00,1884.27,1884.82,1875.0,1876.81
2026-07-31 12:15:00+00:00,1876.8,1879.79,1875.46,1879.0
2026-07-31 12:30:00+00:00,1879.0,1879.0,1873.61,1877.65
2026-07-31 12:45:00+00:00,1877.64,1883.66,1877.24,1882.92
2026-07-31 13:00:00+00:00,1882.93,1886.05,1882.61,1886.04
2026-07-31 13:15:00+00:00,1886.05,1890.61,1886.05,1889.19
2026-07-31 13:30:00+00:00,1889.2,1889.2,1876.14,1876.38
2026-07-31 13:45:00+00:00,1876.39,1878.71,1865.0,1867.12
2026-07-31 14:00:00+00:00,1867.13,1868.84,1848.7,1864.8
2026-07-31 14:15:00+00:00,1864.8,1870.29,1858.18,1862.13
2026-07-31 14:30:00+00:00,1862.14,1868.29,1858.82,1860.59
2026-07-31 14:45:00+00:00,1860.6,1865.7,1856.0,1860.19
2026-07-31 15:00:00+00:00,1860.2,1861.2,1856.1,1859.17
2026-07-31 15:15:00+00:00,1859.18,1862.52,1854.77,1857.83
2026-07-31 15:30:00+00:00,1857.83,1866.53,1856.76,1864.98
2026-07-31 15:45:00+00:00,1864.99,1865.13,1859.39,1862.94
2026-07-31 16:00:00+00:00,1862.93,1866.27,1861.85,1864.69
2026-07-31 16:15:00+00:00,1864.7,1867.32,1860.83,1866.38
2026-07-31 16:30:00+00:00,1866.38,1866.76,1861.38,1863.08
2026-07-31 16:45:00+00:00,1863.08,1865.44,1862.25,1864.57
2026-07-31 17:00:00+00:00,1864.57,1868.98,1863.26,1867.42
2026-07-31 17:15:00+00:00,1867.42,1871.69,1865.8,1871.53
2026-07-31 17:30:00+00:00,1871.53,1875.99,1870.51,1873.57
2026-07-31 17:45:00+00:00,1873.57,1878.14,1873.56,1875.01
2026-07-31 18:00:00+00:00,1875.01,1876.74,1871.1,1871.52
2026-07-31 18:15:00+00:00,1871.51,1873.43,1869.24,1869.26
2026-07-31 18:30:00+00:00,1869.26,1870.32,1864.95,1869.17
2026-07-31 18:45:00+00:00,1869.16,1873.79,1869.16,1871.83
2026-07-31 19:00:00+00:00,1871.82,1874.04,1869.12,1870.21
2026-07-31 19:15:00+00:00,1870.2,1870.36,1868.04,1868.74
2026-07-31 19:30:00+00:00,1868.73,1869.09,1865.38,1868.24
2026-07-31 19:45:00+00:00,1868.24,1870.66,1867.46,1868.19
2026-07-31 20:00:00+00:00,1868.19,1869.78,1867.07,1869.09
2026-07-31 20:15:00+00:00,1869.08,1870.73,1868.0,1868.7
2026-07-31 20:30:00+00:00,1868.69,1868.7,1864.55,1866.78
2026-07-31 20:45:00+00:00,1866.79,1867.45,1861.6,1862.25
2026-07-31 21:00:00+00:00,1862.25,1863.76,1859.64,1862.87
2026-07-31 21:15:00+00:00,1862.86,1863.4,1862.43,1863.07
2026-07-31 21:30:00+00:00,1863.07,1863.28,1861.61,1862.66
2026-07-31 21:45:00+00:00,1862.67,1864.83,1859.69,1861.81
2026-07-31 22:00:00+00:00,1861.81,1863.22,1858.8,1862.71
2026-07-31 22:15:00+00:00,1862.71,1864.29,1862.64,1863.98
2026-07-31 22:30:00+00:00,1863.98,1865.56,1862.6,1863.28
2026-07-31 22:45:00+00:00,1863.28,1863.72,1861.05,1861.49
2026-07-31 23:00:00+00:00,1861.49,1863.76,1861.49,1862.45
2026-07-31 23:15:00+00:00,1862.45,1864.65,1862.19,1864.04
2026-07-31 23:30:00+00:00,1864.05,1864.77,1863.27,1863.61
2026-07-31 23:45:00+00:00,1863.61,1863.74,1860.95,1862.6
2026-08-01 00:00:00+00:00,1862.6,1865.45,1862.38,1864.88
2026-08-01 00:15:00+00:00,1864.88,1867.19,1864.05,1866.0
2026-08-01 00:30:00+00:00,1866.01,1867.11,1864.8,1867.11
2026-08-01 00:45:00+00:00,1867.11,1867.64,1864.22,1864.7
2026-08-01 01:00:00+00:00,1864.69,1867.32,1864.69,1866.5
2026-08-01 01:15:00+00:00,1866.5,1867.45,1865.0,1866.33
2026-08-01 01:30:00+00:00,1866.33,1867.05,1865.8,1866.7
2026-08-01 01:45:00+00:00,1866.7,1867.51,1865.64,1867.03
2026-08-01 02:00:00+00:00,1867.03,1868.4,1866.74,1867.95
2026-08-01 02:15:00+00:00,1867.96,1870.0,1867.84,1868.92
2026-08-01 02:30:00+00:00,1868.93,1869.3,1867.46,1868.09
2026-08-01 02:45:00+00:00,1868.09,1869.52,1868.02,1868.25
2026-08-01 03:00:00+00:00,1868.25,1868.67,1866.47,1867.23
2026-08-01 03:15:00+00:00,1867.23,1868.99,1866.89,1867.97
2026-08-01 03:30:00+00:00,1867.98,1868.99,1867.17,1868.62
2026-08-01 03:45:00+00:00,1868.63,1869.89,1868.22,1869.88
2026-08-01 04:00:00+00:00,1869.88,1870.2,1867.13,1869.97
2026-08-01 04:15:00+00:00,1869.96,1870.53,1869.5,1869.51
2026-08-01 04:30:00+00:00,1869.51,1870.37,1869.44,1870.37
2026-08-01 04:45:00+00:00,1870.37,1870.52,1869.05,1869.76
2026-08-01 05:00:00+00:00,1869.76,1871.05,1869.57,1871.05
2026-08-01 05:15:00+00:00,1871.05,1871.05,1868.24,1868.66
2026-08-01 05:30:00+00:00,1868.66,1869.17,1865.34,1865.9
2026-08-01 05:45:00+00:00,1865.91,1867.62,1865.36,1867.59
2026-08-01 06:00:00+00:00,1867.58,1867.7,1866.46,1867.59
2026-08-01 06:15:00+00:00,1867.59,1870.47,1867.05,1870.04
2026-08-01 06:30:00+00:00,1870.04,1870.56,1869.07,1870.13
2026-08-01 06:45:00+00:00,1870.13,1871.21,1869.42,1870.5
2026-08-01 07:00:00+00:00,1870.5,1871.98,1870.3,1871.61
2026-08-01 07:15:00+00:00,1871.62,1871.62,1869.43,1869.72
2026-08-01 07:30:00+00:00,1869.71,1869.97,1868.49,1869.96
2026-08-01 07:45:00+00:00,1869.97,1870.15,1869.18,1869.8
2026-08-01 08:00:00+00:00,1869.81,1870.09,1868.4,1869.15
2026-08-01 08:15:00+00:00,1869.14,1870.28,1868.66,1869.0
2026-08-01 08:30:00+00:00,1869.0,1869.0,1867.6,1868.03
2026-08-01 08:45:00+00:00,1868.04,1869.67,1867.83,1869.49
2026-08-01 09:00:00+00:00,1869.5,1870.28,1868.42,1870.1
2026-08-01 09:15:00+00:00,1870.1,1870.74,1869.66,1869.88
2026-08-01 09:30:00+00:00,1869.87,1870.71,1869.87,1870.02
2026-08-01 09:45:00+00:00,1870.02,1870.03,1867.59,1867.93
2026-08-01 10:00:00+00:00,1867.94,1869.11,1863.1,1864.57
2026-08-01 10:15:00+00:00,1864.56,1866.03,1863.86,1865.27
2026-08-01 10:30:00+00:00,1865.28,1868.13,1864.1,1868.02
2026-08-01 10:45:00+00:00,1868.02,1868.48,1866.6,1867.35
2026-08-01 11:00:00+00:00,1867.36,1867.57,1865.79,1866.81
2026-08-01 11:15:00+00:00,1866.8,1867.77,1865.95,1867.01
2026-08-01 11:30:00+00:00,1867.02,1867.39,1866.42,1866.8
2026-08-01 11:45:00+00:00,1866.79,1866.9,1866.42,1866.9
2026-08-01 12:00:00+00:00,1866.9,1868.63,1866.89,1867.84
2026-08-01 12:15:00+00:00,1867.84,1868.06,1867.34,1867.65
2026-08-01 12:30:00+00:00,1867.65,1869.31,1867.3,1867.73
2026-08-01 12:45:00+00:00,1867.74,1870.0,1867.73,1869.06
2026-08-01 13:00:00+00:00,1869.07,1869.6,1868.7,1869.45
2026-08-01 13:15:00+00:00,1869.46,1869.46,1868.2,1868.4
2026-08-01 13:30:00+00:00,1868.4,1869.46,1868.4,1869.02
2026-08-01 13:45:00+00:00,1869.03,1869.53,1867.54,1869.28
2026-08-01 14:00:00+00:00,1869.29,1873.6,1869.25,1869.75
2026-08-01 14:15:00+00:00,1869.76,1873.36,1869.76,1873.18
2026-08-01 14:30:00+00:00,1873.17,1874.41,1871.82,1872.72
2026-08-01 14:45:00+00:00,1872.72,1875.33,1872.13,1875.18
2026-08-01 15:00:00+00:00,1875.18,1875.19,1873.55,1874.7
2026-08-01 15:15:00+00:00,1874.71,1875.45,1871.17,1871.9
2026-08-01 15:30:00+00:00,1871.91,1872.67,1870.76,1870.82
2026-08-01 15:45:00+00:00,1870.81,1871.19,1870.07,1870.09
2026-08-01 16:00:00+00:00,1870.1,1871.25,1868.75,1868.76
2026-08-01 16:15:00+00:00,1868.75,1870.96,1868.67,1870.35
2026-08-01 16:30:00+00:00,1870.36,1873.6,1870.32,1870.32
2026-08-01 16:45:00+00:00,1870.32,1870.33,1866.47,1868.79
2026-08-01 17:00:00+00:00,1868.79,1870.25,1865.21,1866.5
2026-08-01 17:15:00+00:00,1866.5,1866.51,1861.47,1863.73
2026-08-01 17:30:00+00:00,1863.73,1863.89,1857.41,1863.33
2026-08-01 17:45:00+00:00,1863.32,1863.32,1858.94,1862.07
2026-08-01 18:00:00+00:00,1862.06,1863.03,1859.71,1861.05
2026-08-01 18:15:00+00:00,1861.04,1861.04,1851.32,1853.69
2026-08-01 18:30:00+00:00,1853.69,1853.69,1832.0,1833.1
2026-08-01 18:45:00+00:00,1833.1,1837.15,1822.06,1836.81
2026-08-01 19:00:00+00:00,1836.8,1840.09,1834.2,1837.54
2026-08-01 19:15:00+00:00,1837.53,1840.58,1835.26,1838.17
2026-08-01 19:30:00+00:00,1838.17,1839.72,1835.39,1835.74
2026-08-01 19:45:00+00:00,1835.74,1839.59,1835.66,1837.3
2026-08-01 20:00:00+00:00,1837.29,1838.79,1835.68,1837.76
2026-08-01 20:15:00+00:00,1837.77,1840.48,1837.1,1837.88
2026-08-01 20:30:00+00:00,1837.87,1837.87,1833.07,1834.64
2026-08-01 20:45:00+00:00,1834.64,1838.5,1834.15,1838.41
2026-08-01 21:00:00+00:00,1838.41,1843.07,1836.61,1838.17
2026-08-01 21:15:00+00:00,1838.16,1843.07,1838.07,1843.01
2026-08-01 21:30:00+00:00,1843.0,1845.12,1842.25,1844.7
2026-08-01 21:45:00+00:00,1844.69,1845.96,1844.07,1845.78
2026-08-01 22:00:00+00:00,1845.79,1848.03,1844.76,1847.79
2026-08-01 22:15:00+00:00,1847.79,1849.26,1846.0,1849.26
2026-08-01 22:30:00+00:00,1849.25,1849.26,1846.1,1847.86
2026-08-01 22:45:00+00:00,1847.86,1848.36,1846.94,1847.28
2026-08-01 23:00:00+00:00,1847.28,1849.1,1846.26,1846.52
2026-08-01 23:15:00+00:00,1846.52,1846.53,1843.39,1843.68
2026-08-01 23:30:00+00:00,1843.69,1846.68,1843.69,1845.53
2026-08-01 23:45:00+00:00,1845.53,1845.94,1844.51,1844.94
2026-08-02 00:00:00+00:00,1844.95,1849.7,1844.94,1847.72
2026-08-02 00:15:00+00:00,1847.72,1848.18,1844.91,1845.35
2026-08-02 00:30:00+00:00,1845.36,1846.64,1844.26,1845.56
2026-08-02 00:45:00+00:00,1845.56,1846.88,1843.67,1846.69
2026-08-02 01:00:00+00:00,1846.69,1856.34,1846.69,1856.03
2026-08-02 01:15:00+00:00,1856.04,1859.41,1854.16,1854.71
2026-08-02 01:30:00+00:00,1854.72,1858.11,1853.96,1857.43
2026-08-02 01:45:00+00:00,1857.43,1858.01,1856.27,1857.09
2026-08-02 02:00:00+00:00,1857.09,1882.98,1856.51,1874.86
2026-08-02 02:15:00+00:00,1874.87,1884.69,1873.22,1875.7
2026-08-02 02:30:00+00:00,1875.7,1876.6,1871.93,1874.28
2026-08-02 02:45:00+00:00,1874.28,1878.0,1872.92,1876.9
2026-08-02 03:00:00+00:00,1876.9,1878.0,1874.72,1875.63
2026-08-02 03:15:00+00:00,1875.63,1879.13,1874.32,1875.69
2026-08-02 03:30:00+00:00,1875.7,1880.54,1875.55,1878.49
2026-08-02 03:45:00+00:00,1878.49,1879.54,1876.1,1877.43
2026-08-02 04:00:00+00:00,1877.44,1881.0,1877.44,1880.16
2026-08-02 04:15:00+00:00,1880.16,1881.31,1878.87,1879.3
2026-08-02 04:30:00+00:00,1879.3,1880.6,1878.09,1878.09
2026-08-02 04:45:00+00:00,1878.09,1882.67,1878.0,1881.22
2026-08-02 05:00:00+00:00,1881.21,1882.68,1877.5,1878.3
2026-08-02 05:15:00+00:00,1878.3,1878.42,1876.8,1877.87
2026-08-02 05:30:00+00:00,1877.87,1878.0,1875.28,1875.4
2026-08-02 05:45:00+00:00,1875.39,1876.68,1875.26,1876.33
2026-08-02 06:00:00+00:00,1876.32,1877.98,1875.09,1875.85
2026-08-02 06:15:00+00:00,1875.85,1878.01,1875.0,1877.68
2026-08-02 06:30:00+00:00,1877.68,1879.33,1876.27,1877.97
2026-08-02 06:45:00+00:00,1877.96,1878.0,1876.36,1877.54
2026-08-02 07:00:00+00:00,1877.54,1878.4,1876.82,1878.2
2026-08-02 07:15:00+00:00,1878.19,1878.78,1877.4,1877.65
2026-08-02 07:30:00+00:00,1877.64,1878.04,1876.7,1877.63
2026-08-02 07:45:00+00:00,1877.63,1877.64,1875.67,1876.1
2026-08-02 08:00:00+00:00,1876.1,1879.0,1875.58,1876.66
2026-08-02 08:15:00+00:00,1876.67,1877.18,1873.18,1873.35
2026-08-02 08:30:00+00:00,1873.35,1873.35,1867.04,1869.47
2026-08-02 08:45:00+00:00,1869.46,1870.37,1867.42,1868.2
2026-08-02 09:00:00+00:00,1868.19,1870.61,1862.3,1870.33
2026-08-02 09:15:00+00:00,1870.33,1872.85,1869.48,1870.37
2026-08-02 09:30:00+00:00,1870.38,1872.97,1870.27,1870.58
2026-08-02 09:45:00+00:00,1870.58,1871.64,1870.51,1870.95
2026-08-02 10:00:00+00:00,1870.94,1871.13,1868.59,1869.12
2026-08-02 10:15:00+00:00,1869.11,1870.76,1865.63,1866.43
2026-08-02 10:30:00+00:00,1866.44,1869.69,1866.44,1869.11
2026-08-02 10:45:00+00:00,1869.1,1869.42,1868.75,1868.75
2026-08-02 11:00:00+00:00,1868.76,1869.74,1866.45,1867.84
2026-08-02 11:15:00+00:00,1867.83,1869.6,1864.64,1864.73
2026-08-02 11:30:00+00:00,1864.73,1865.64,1854.18,1856.38
2026-08-02 11:45:00+00:00,1856.39,1859.44,1849.5,1852.58
2026-08-02 12:00:00+00:00,1852.65,1857.38,1852.46,1857.21
2026-08-02 12:15:00+00:00,1857.21,1860.58,1855.81,1858.31
2026-08-02 12:30:00+00:00,1858.3,1859.72,1856.28,1858.05
2026-08-02 12:45:00+00:00,1858.05,1858.48,1856.32,1857.06
2026-08-02 13:00:00+00:00,1857.07,1858.05,1855.57,1856.49
2026-08-02 13:15:00+00:00,1856.49,1857.16,1853.67,1856.03
2026-08-02 13:30:00+00:00,1856.03,1857.68,1852.41,1855.42
2026-08-02 13:45:00+00:00,1855.42,1856.66,1854.6,1854.89
2026-08-02 14:00:00+00:00,1854.88,1855.69,1852.42,1855.69
2026-08-02 14:15:00+00:00,1855.69,1858.4,1855.32,1857.21
2026-08-02 14:30:00+00:00,1857.21,1858.89,1855.9,1858.65
2026-08-02 14:45:00+00:00,1858.64,1859.27,1854.45,1854.94
2026-08-02 15:00:00+00:00,1854.95,1859.18,1853.81,1859.13
2026-08-02 15:15:00+00:00,1859.13,1859.52,1857.73,1858.74
2026-08-02 15:30:00+00:00,1858.74,1863.05,1858.5,1860.28
2026-08-02 15:45:00+00:00,1860.28,1861.0,1858.01,1858.82
2026-08-02 16:00:00+00:00,1858.82,1859.19,1856.03,1857.83
2026-08-02 16:15:00+00:00,1857.83,1859.96,1857.51,1859.15
2026-08-02 16:30:00+00:00,1859.16,1865.7,1858.42,1864.9
2026-08-02 16:45:00+00:00,1864.89,1865.14,1863.09,1863.13
2026-08-02 17:00:00+00:00,1863.13,1866.12,1862.4,1865.89
2026-08-02 17:15:00+00:00,1865.89,1870.57,1864.63,1866.4
2026-08-02 17:30:00+00:00,1866.39,1868.7,1866.39,1868.44
2026-08-02 17:45:00+00:00,1868.44,1869.99,1868.44,1868.65
2026-08-02 18:00:00+00:00,1868.64,1871.21,1868.64,1870.31
2026-08-02 18:15:00+00:00,1870.31,1870.31,1868.49,1869.12
2026-08-02 18:30:00+00:00,1869.13,1887.2,1868.99,1881.56
2026-08-02 18:45:00+00:00,1881.47,1882.34,1874.68,1875.86
2026-08-02 19:00:00+00:00,1875.86,1878.7,1874.8,1876.71
2026-08-02 19:15:00+00:00,1876.71,1878.66,1876.08,1876.09
2026-08-02 19:30:00+00:00,1876.09,1878.85,1875.62,1878.85
2026-08-02 19:45:00+00:00,1878.85,1883.93,1878.85,1882.2
2026-08-02 20:00:00+00:00,1882.2,1883.4,1880.21,1883.1
2026-08-02 20:15:00+00:00,1883.09,1884.31,1879.61,1880.19
2026-08-02 20:30:00+00:00,1880.19,1882.61,1879.93,1881.17
2026-08-02 20:45:00+00:00,1881.18,1885.71,1880.86,1883.78
2026-08-02 21:00:00+00:00,1883.79,1887.08,1882.15,1885.72
2026-08-02 21:15:00+00:00,1885.72,1887.39,1884.73,1887.1
2026-08-02 21:30:00+00:00,1887.09,1898.5,1885.89,1894.22
2026-08-02 21:45:00+00:00,1894.23,1898.5,1888.57,1890.43
2026-08-02 22:00:00+00:00,1890.44,1897.8,1890.44,1893.75
2026-08-02 22:15:00+00:00,1893.75,1897.59,1888.54,1890.0
2026-08-02 22:30:00+00:00,1889.99,1890.64,1880.5,1885.38
2026-08-02 22:45:00+00:00,1885.38,1886.12,1881.37,1882.11
2026-08-02 23:00:00+00:00,1882.1,1882.75,1876.39,1878.07
2026-08-02 23:15:00+00:00,1878.08,1884.27,1877.18,1883.97
2026-08-02 23:30:00+00:00,1883.97,1884.99,1882.25,1884.32
2026-08-02 23:45:00+00:00,1884.31,1885.68,1882.83,1885.36
2026-08-03 00:00:00+00:00,1885.36,1885.95,1878.0,1879.07
2026-08-03 00:15:00+00:00,1879.06,1880.55,1873.12,1874.16
2026-08-03 00:30:00+00:00,1874.16,1878.85,1871.68,1874.85
2026-08-03 00:45:00+00:00,1874.84,1875.39,1871.75,1873.87
2026-08-03 01:00:00+00:00,1873.86,1875.52,1869.13,1871.55
2026-08-03 01:15:00+00:00,1871.56,1873.01,1868.69,1870.6
2026-08-03 01:30:00+00:00,1870.6,1872.72,1868.31,1869.22
2026-08-03 01:45:00+00:00,1869.22,1869.83,1866.0,1867.19
2026-08-03 02:00:00+00:00,1867.19,1868.13,1864.65,1866.29
2026-08-03 02:15:00+00:00,1866.29,1872.0,1864.48,1865.82
2026-08-03 02:30:00+00:00,1865.81,1868.88,1864.95,1867.12
2026-08-03 02:45:00+00:00,1867.13,1867.78,1862.9,1864.51
2026-08-03 03:00:00+00:00,1864.51,1865.71,1862.26,1863.77
2026-08-03 03:15:00+00:00,1863.77,1865.21,1861.59,1862.64
2026-08-03 03:30:00+00:00,1862.64,1863.08,1861.13,1861.57
2026-08-03 03:45:00+00:00,1861.56,1861.56,1851.05,1857.22
2026-08-03 04:00:00+00:00,1857.21,1860.74,1856.1,1857.73
2026-08-03 04:15:00+00:00,1857.72,1861.89,1857.72,1861.7
2026-08-03 04:30:00+00:00,1861.7,1863.14,1860.7,1862.01
2026-08-03 04:45:00+00:00,1862.02,1862.02,1854.81,1854.97
2026-08-03 05:00:00+00:00,1854.97,1858.82,1853.55,1858.41
2026-08-03 05:15:00+00:00,1858.41,1858.41,1856.25,1856.98
2026-08-03 05:30:00+00:00,1856.98,1860.14,1855.6,1857.73
2026-08-03 05:45:00+00:00,1857.73,1860.91,1857.51,1859.88
2026-08-03 06:00:00+00:00,1859.88,1861.11,1858.81,1859.47
2026-08-03 06:15:00+00:00,1859.47,1860.05,1857.0,1857.03
2026-08-03 06:30:00+00:00,1857.02,1858.15,1847.67,1848.11
2026-08-03 06:45:00+00:00,1848.12,1852.29,1846.38,1849.28
2026-08-03 07:00:00+00:00,1849.29,1849.94,1844.5,1844.77
2026-08-03 07:15:00+00:00,1844.78,1845.67,1840.0,1845.26
2026-08-03 07:30:00+00:00,1845.26,1847.62,1843.02,1843.63
2026-08-03 07:45:00+00:00,1843.64,1846.34,1842.74,1843.97
2026-08-03 08:00:00+00:00,1843.96,1845.57,1841.22,1843.46
2026-08-03 08:15:00+00:00,1843.47,1843.47,1830.93,1832.31
2026-08-03 08:30:00+00:00,1832.31,1837.01,1828.62,1836.67
2026-08-03 08:45:00+00:00,1836.68,1840.79,1836.26,1840.32
2026-08-03 09:00:00+00:00,1840.32,1841.06,1839.35,1840.01
2026-08-03 09:15:00+00:00,1840.01,1843.48,1839.9,1842.82
2026-08-03 09:30:00+00:00,1842.81,1845.9,1842.3,1845.57
2026-08-03 09:45:00+00:00,1845.56,1853.91,1845.56,1852.63
2026-08-03 10:00:00+00:00,1852.62,1854.46,1850.28,1850.7
2026-08-03 10:15:00+00:00,1850.7,1852.23,1848.44,1848.67
2026-08-03 10:30:00+00:00,1848.67,1848.68,1846.31,1847.12
2026-08-03 10:45:00+00:00,1847.12,1847.46,1841.55,1846.24
2026-08-03 11:00:00+00:00,1846.24,1846.79,1840.0,1842.44
2026-08-03 11:15:00+00:00,1842.43,1847.88,1841.76,1843.99
2026-08-03 11:30:00+00:00,1843.98,1847.51,1843.31,1844.21
2026-08-03 11:45:00+00:00,1844.21,1844.34,1838.48,1839.89
2026-08-03 12:00:00+00:00,1839.88,1841.27,1836.75,1841.08
2026-08-03 12:15:00+00:00,1841.08,1843.72,1840.37,1842.48
2026-08-03 12:30:00+00:00,1842.48,1844.69,1841.46,1844.69
2026-08-03 12:45:00+00:00,1844.7,1845.38,1842.15,1843.7
2026-08-03 13:00:00+00:00,1843.69,1845.51,1843.18,1844.56
2026-08-03 13:15:00+00:00,1844.57,1853.74,1842.46,1844.14
2026-08-03 13:30:00+00:00,1844.15,1851.55,1838.42,1849.45
2026-08-03 13:45:00+00:00,1849.44,1860.24,1844.52,1859.18
2026-08-03 14:00:00+00:00,1859.18,1860.14,1852.45,1855.11
2026-08-03 14:15:00+00:00,1855.1,1869.2,1851.34,1867.08
2026-08-03 14:30:00+00:00,1867.08,1870.44,1862.27,1865.94
2026-08-03 14:45:00+00:00,1865.94,1874.35,1862.14,1873.79
2026-08-03 15:00:00+00:00,1873.79,1874.08,1863.46,1865.31
2026-08-03 15:15:00+00:00,1865.31,1868.55,1862.14,1863.4
2026-08-03 15:30:00+00:00,1863.41,1866.85,1861.71,1863.79
2026-08-03 15:45:00+00:00,1863.79,1866.45,1860.43,1863.34
2026-08-03 16:00:00+00:00,1863.34,1869.23,1861.68,1865.31
2026-08-03 16:15:00+00:00,1865.3,1872.22,1865.24,1870.2
2026-08-03 16:30:00+00:00,1870.19,1870.19,1863.31,1865.63
2026-08-03 16:45:00+00:00,1865.64,1869.7,1865.41,1866.22
2026-08-03 17:00:00+00:00,1866.22,1870.0,1863.64,1869.33
2026-08-03 17:15:00+00:00,1869.34,1874.93,1867.17,1867.95
2026-08-03 17:30:00+00:00,1867.95,1871.72,1867.18,1870.18
2026-08-03 17:45:00+00:00,1870.18,1871.17,1867.47,1868.84
2026-08-03 18:00:00+00:00,1868.85,1873.41,1868.58,1872.73
2026-08-03 18:15:00+00:00,1872.72,1874.0,1867.75,1868.89
2026-08-03 18:30:00+00:00,1868.89,1871.09,1867.38,1869.03
2026-08-03 18:45:00+00:00,1869.04,1870.64,1866.72,1868.96
2026-08-03 19:00:00+00:00,1868.96,1871.59,1868.2,1870.89
2026-08-03 19:15:00+00:00,1870.9,1874.06,1870.02,1872.51
2026-08-03 19:30:00+00:00,1872.51,1876.5,1869.6,1871.67
2026-08-03 19:45:00+00:00,1871.67,1873.0,1869.8,1870.2
2026-08-03 20:00:00+00:00,1870.2,1872.75,1868.48,1871.51
2026-08-03 20:15:00+00:00,1871.51,1875.99,1871.51,1872.23
2026-08-03 20:30:00+00:00,1872.23,1872.99,1871.35,1872.49
2026-08-03 20:45:00+00:00,1872.48,1872.62,1866.61,1868.97
2026-08-03 21:00:00+00:00,1868.97,1868.98,1865.48,1866.43
2026-08-03 21:15:00+00:00,1866.43,1867.2,1864.78,1866.65
2026-08-03 21:30:00+00:00,1866.64,1869.15,1866.64,1868.67
2026-08-03 21:45:00+00:00,1868.67,1868.8,1863.57,1863.6
2026-08-03 22:00:00+00:00,1863.6,1864.75,1852.45,1859.47
2026-08-03 22:15:00+00:00,1859.46,1866.12,1858.85,1859.55
2026-08-03 22:30:00+00:00,1859.55,1859.55,1856.01,1856.89
2026-08-03 22:45:00+00:00,1856.89,1860.9,1856.73,1860.4
2026-08-03 23:00:00+00:00,1860.39,1860.39,1856.22,1856.74
2026-08-03 23:15:00+00:00,1856.74,1859.59,1856.74,1859.47
2026-08-03 23:30:00+00:00,1859.48,1859.97,1857.15,1858.65
2026-08-03 23:45:00+00:00,1858.64,1860.5,1857.73,1860.5
2026-08-04 00:00:00+00:00,1860.5,1863.12,1857.97,1859.53
2026-08-04 00:15:00+00:00,1859.54,1859.74,1855.59,1856.87
2026-08-04 00:30:00+00:00,1856.86,1856.86,1848.38,1852.26
2026-08-04 00:45:00+00:00,1852.26,1856.19,1849.64,1851.3
2026-08-04 01:00:00+00:00,1851.3,1854.46,1849.12,1852.94
2026-08-04 01:15:00+00:00,1852.94,1857.64,1851.3,1855.7
2026-08-04 01:30:00+00:00,1855.71,1869.72,1855.45,1865.96
2026-08-04 01:45:00+00:00,1865.96,1869.21,1863.69,1867.64
2026-08-04 02:00:00+00:00,1867.64,1868.83,1864.48,1865.5
2026-08-04 02:15:00+00:00,1865.49,1866.47,1862.52,1862.83
2026-08-04 02:30:00+00:00,1862.83,1872.5,1862.09,1868.69
2026-08-04 02:45:00+00:00,1868.7,1869.78,1865.36,1866.17
2026-08-04 03:00:00+00:00,1866.17,1866.82,1860.0,1860.01
2026-08-04 03:15:00+00:00,1860.01,1862.62,1858.38,1862.26
2026-08-04 03:30:00+00:00,1862.25,1866.96,1862.25,1865.05
2026-08-04 03:45:00+00:00,1865.06,1866.8,1864.19,1864.19
2026-08-04 04:00:00+00:00,1864.2,1864.85,1862.09,1863.23
2026-08-04 04:15:00+00:00,1863.24,1867.52,1863.01,1866.19
2026-08-04 04:30:00+00:00,1866.19,1871.22,1866.18,1871.09
2026-08-04 04:45:00+00:00,1871.08,1874.71,1868.0,1868.01
2026-08-04 05:00:00+00:00,1868.0,1870.54,1864.43,1864.79
2026-08-04 05:15:00+00:00,1864.79,1866.83,1864.64,1864.83
2026-08-04 05:30:00+00:00,1864.83,1866.0,1864.43,1865.66
2026-08-04 05:45:00+00:00,1865.65,1865.81,1864.28,1864.42
2026-08-04 06:00:00+00:00,1864.42,1865.16,1862.97,1863.86
2026-08-04 06:15:00+00:00,1863.87,1882.44,1862.21,1862.72
2026-08-04 06:30:00+00:00,1862.72,1863.65,1855.69,1856.65
2026-08-04 06:45:00+00:00,1856.64,1856.96,1854.65,1856.96
2026-08-04 07:00:00+00:00,1856.96,1858.79,1855.03,1855.51
2026-08-04 07:15:00+00:00,1855.51,1857.93,1853.54,1857.93
2026-08-04 07:30:00+00:00,1857.93,1864.13,1857.93,1859.8
2026-08-04 07:45:00+00:00,1859.81,1864.98,1859.8,1863.87
2026-08-04 08:00:00+00:00,1863.88,1865.88,1861.82,1862.89
2026-08-04 08:15:00+00:00,1862.9,1862.9,1859.83,1860.45
2026-08-04 08:30:00+00:00,1860.44,1860.62,1856.96,1860.46
2026-08-04 08:45:00+00:00,1860.45,1860.46,1857.76,1857.89
2026-08-04 09:00:00+00:00,1857.88,1858.76,1855.36,1856.4
2026-08-04 09:15:00+00:00,1856.4,1856.8,1853.48,1856.73
2026-08-04 09:30:00+00:00,1856.72,1857.24,1853.71,1856.29
2026-08-04 09:45:00+00:00,1856.29,1858.83,1855.01,1858.71
2026-08-04 10:00:00+00:00,1858.71,1859.22,1854.85,1854.85
2026-08-04 10:15:00+00:00,1854.84,1860.36,1854.11,1855.93
2026-08-04 10:30:00+00:00,1855.92,1863.81,1855.44,1863.35
2026-08-04 10:45:00+00:00,1863.35,1873.03,1862.65,1866.94
2026-08-04 11:00:00+00:00,1866.95,1869.65,1866.38,1867.06
2026-08-04 11:15:00+00:00,1867.07,1871.58,1866.18,1868.98
2026-08-04 11:30:00+00:00,1868.98,1873.23,1866.71,1872.52
2026-08-04 11:45:00+00:00,1872.52,1874.78,1870.32,1872.89
2026-08-04 12:00:00+00:00,1872.88,1873.0,1869.2,1869.2
2026-08-04 12:15:00+00:00,1869.21,1872.22,1868.09,1872.12
2026-08-04 12:30:00+00:00,1872.13,1882.0,1871.1,1878.31
2026-08-04 12:45:00+00:00,1878.31,1879.05,1874.88,1875.11
2026-08-04 13:00:00+00:00,1875.11,1877.63,1873.98,1875.27
2026-08-04 13:15:00+00:00,1875.26,1876.38,1870.0,1870.17
2026-08-04 13:30:00+00:00,1870.17,1876.0,1867.72,1873.39
2026-08-04 13:45:00+00:00,1873.38,1873.8,1860.01,1862.06
2026-08-04 14:00:00+00:00,1862.06,1869.81,1858.72,1864.65
2026-08-04 14:15:00+00:00,1864.68,1867.5,1858.72,1867.33
2026-08-04 14:30:00+00:00,1867.32,1875.71,1866.0,1874.24
2026-08-04 14:45:00+00:00,1874.23,1875.04,1871.32,1873.03
2026-08-04 15:00:00+00:00,1873.02,1875.39,1866.86,1870.11
2026-08-04 15:15:00+00:00,1870.11,1870.22,1865.43,1866.68
2026-08-04 15:30:00+00:00,1866.67,1872.26,1862.05,1872.05
2026-08-04 15:45:00+00:00,1872.05,1877.85,1870.48,1873.07
2026-08-04 16:00:00+00:00,1873.08,1874.09,1869.65,1870.53
2026-08-04 16:15:00+00:00,1870.54,1873.4,1869.55,1869.55
2026-08-04 16:30:00+00:00,1869.55,1871.42,1865.65,1867.21
2026-08-04 16:45:00+00:00,1867.22,1869.98,1866.81,1869.68
2026-08-04 17:00:00+00:00,1869.69,1877.88,1869.69,1874.13
2026-08-04 17:15:00+00:00,1874.12,1875.65,1867.11,1875.18
2026-08-04 17:30:00+00:00,1875.17,1877.51,1873.68,1875.73
2026-08-04 17:45:00+00:00,1875.73,1876.49,1867.01,1869.53
2026-08-04 18:00:00+00:00,1869.54,1877.07,1869.3,1876.99
2026-08-04 18:15:00+00:00,1876.99,1880.94,1874.91,1879.04
2026-08-04 18:30:00+00:00,1879.03,1879.31,1873.4,1875.39
2026-08-04 18:45:00+00:00,1875.39,1876.42,1874.32,1875.29
2026-08-04 19:00:00+00:00,1875.29,1878.01,1873.86,1877.99
2026-08-04 19:15:00+00:00,1878.0,1878.57,1874.08,1875.19
2026-08-04 19:30:00+00:00,1875.19,1881.81,1874.29,1880.67
2026-08-04 19:45:00+00:00,1880.68,1880.68,1874.58,1875.26
2026-08-04 20:00:00+00:00,1875.26,1875.65,1872.41,1874.14
2026-08-04 20:15:00+00:00,1874.13,1874.13,1866.17,1871.63
2026-08-04 20:30:00+00:00,1871.63,1879.84,1871.63,1879.15
2026-08-04 20:45:00+00:00,1879.15,1879.15,1874.94,1876.65
2026-08-04 21:00:00+00:00,1876.65,1876.65,1872.61,1872.78
2026-08-04 21:15:00+00:00,1872.78,1875.91,1872.27,1873.88
2026-08-04 21:30:00+00:00,1873.88,1874.08,1872.43,1873.4
2026-08-04 21:45:00+00:00,1873.4,1873.98,1871.85,1872.32
2026-08-04 22:00:00+00:00,1872.32,1873.31,1868.48,1873.31
2026-08-04 22:15:00+00:00,1873.3,1876.92,1872.8,1876.07
2026-08-04 22:30:00+00:00,1876.07,1876.9,1874.6,1874.73
2026-08-04 22:45:00+00:00,1874.73,1875.76,1872.98,1875.64
2026-08-04 23:00:00+00:00,1875.64,1878.78,1873.15,1878.02
2026-08-04 23:15:00+00:00,1878.01,1881.28,1870.12,1870.14
2026-08-04 23:30:00+00:00,1870.14,1873.25,1869.07,1871.64
2026-08-04 23:45:00+00:00,1871.64,1872.07,1869.43,1869.75
2026-08-05 00:00:00+00:00,1869.74,1870.32,1867.4,1867.4
2026-08-05 00:15:00+00:00,1867.41,1868.35,1866.03,1868.1
2026-08-05 00:30:00+00:00,1868.11,1873.87,1865.0,1867.84
2026-08-05 00:45:00+00:00,1867.85,1867.91,1863.33,1863.93
2026-08-05 01:00:00+00:00,1863.94,1865.85,1861.34,1865.25
2026-08-05 01:15:00+00:00,1865.25,1867.76,1863.36,1867.56
2026-08-05 01:30:00+00:00,1867.57,1874.4,1867.56,1870.5
2026-08-05 01:45:00+00:00,1870.49,1874.31,1870.31,1873.37
2026-08-05 02:00:00+00:00,1873.37,1878.0,1873.37,1876.78
2026-08-05 02:15:00+00:00,1876.77,1876.82,1872.5,1874.29
2026-08-05 02:30:00+00:00,1874.28,1876.5,1873.01,1875.8
2026-08-05 02:45:00+00:00,1875.85,1876.18,1874.23,1874.49
2026-08-05 03:00:00+00:00,1874.49,1876.23,1870.64,1871.0
2026-08-05 03:15:00+00:00,1871.01,1871.01,1863.91,1865.17
2026-08-05 03:30:00+00:00,1865.17,1867.86,1864.58,1866.74
2026-08-05 03:45:00+00:00,1866.74,1868.39,1866.73,1867.75
2026-08-05 04:00:00+00:00,1867.75,1867.9,1865.94,1866.11
2026-08-05 04:15:00+00:00,1866.11,1868.54,1865.0,1867.8
2026-08-05 04:30:00+00:00,1867.8,1869.79,1867.36,1867.62
2026-08-05 04:45:00+00:00,1867.62,1867.95,1865.83,1867.5
2026-08-05 05:00:00+00:00,1867.5,1873.29,1867.21,1872.01
2026-08-05 05:15:00+00:00,1872.0,1877.69,1871.49,1874.47
2026-08-05 05:30:00+00:00,1874.47,1874.48,1872.12,1873.22
2026-08-05 05:45:00+00:00,1873.22,1873.99,1872.42,1873.46
2026-08-05 06:00:00+00:00,1873.46,1873.69,1871.6,1872.09
2026-08-05 06:15:00+00:00,1872.09,1872.09,1869.57,1869.87
2026-08-05 06:30:00+00:00,1869.86,1872.79,1869.86,1870.67
2026-08-05 06:45:00+00:00,1870.66,1871.0,1868.26,1869.88
2026-08-05 07:00:00+00:00,1869.88,1870.39,1866.6,1867.95
2026-08-05 07:15:00+00:00,1867.95,1867.96,1863.53,1863.92
2026-08-05 07:30:00+00:00,1863.93,1865.0,1863.74,1864.07
2026-08-05 07:45:00+00:00,1864.08,1872.2,1864.05,1872.2
2026-08-05 08:00:00+00:00,1872.2,1874.48,1869.52,1869.53
2026-08-05 08:15:00+00:00,1869.53,1872.3,1868.98,1871.95
2026-08-05 08:30:00+00:00,1871.95,1872.28,1869.11,1869.36
2026-08-05 08:45:00+00:00,1869.36,1871.31,1868.0,1869.99
2026-08-05 09:00:00+00:00,1869.99,1871.88,1868.89,1871.6
2026-08-05 09:15:00+00:00,1871.6,1874.66,1871.36,1872.5
2026-08-05 09:30:00+00:00,1872.5,1874.46,1872.5,1873.24
2026-08-05 09:45:00+00:00,1873.24,1873.8,1871.62,1871.94
2026-08-05 10:00:00+00:00,1871.94,1873.24,1870.75,1871.63
2026-08-05 10:15:00+00:00,1871.62,1874.4,1869.05,1873.62
2026-08-05 10:30:00+00:00,1873.62,1876.06,1872.4,1873.76
2026-08-05 10:45:00+00:00,1873.77,1874.36,1866.16,1868.33
2026-08-05 11:00:00+00:00,1868.32,1871.15,1868.28,1869.85
2026-08-05 11:15:00+00:00,1869.86,1869.97,1868.21,1868.57
2026-08-05 11:30:00+00:00,1868.56,1870.7,1867.97,1868.49
2026-08-05 11:45:00+00:00,1868.48,1869.6,1867.27,1868.92
2026-08-05 12:00:00+00:00,1868.92,1873.4,1867.47,1872.1
2026-08-05 12:15:00+00:00,1872.09,1884.53,1871.64,1882.87
2026-08-05 12:30:00+00:00,1882.87,1885.29,1878.19,1880.08
2026-08-05 12:45:00+00:00,1880.07,1880.08,1875.04,1876.25
2026-08-05 13:00:00+00:00,1876.26,1877.57,1867.21,1868.65
2026-08-05 13:15:00+00:00,1868.64,1872.0,1867.73,1869.62
2026-08-05 13:30:00+00:00,1869.63,1872.6,1855.5,1870.07
2026-08-05 13:45:00+00:00,1870.07,1879.51,1866.26,1878.53
2026-08-05 14:00:00+00:00,1878.52,1882.84,1873.41,1878.97
2026-08-05 14:15:00+00:00,1878.98,1881.28,1871.12,1871.86
2026-08-05 14:30:00+00:00,1871.85,1875.34,1869.24,1874.95
2026-08-05 14:45:00+00:00,1874.94,1878.86,1871.0,1875.89
2026-08-05 15:00:00+00:00,1875.89,1882.76,1875.0,1877.44
2026-08-05 15:15:00+00:00,1877.44,1878.71,1872.95,1877.04
2026-08-05 15:30:00+00:00,1877.05,1882.4,1877.05,1877.86
2026-08-05 15:45:00+00:00,1877.87,1878.93,1873.1,1873.91
2026-08-05 16:00:00+00:00,1873.91,1882.68,1873.4,1882.68
2026-08-05 16:15:00+00:00,1882.68,1897.0,1880.72,1896.14
2026-08-05 16:30:00+00:00,1896.14,1897.32,1890.47,1892.53
2026-08-05 16:45:00+00:00,1892.52,1895.74,1888.46,1895.56
2026-08-05 17:00:00+00:00,1895.55,1898.49,1893.34,1894.01
2026-08-05 17:15:00+00:00,1894.0,1894.0,1891.07,1892.52
2026-08-05 17:30:00+00:00,1892.52,1911.56,1892.17,1908.34
2026-08-05 17:45:00+00:00,1908.35,1917.72,1907.04,1916.75
2026-08-05 18:00:00+00:00,1916.75,1921.1,1913.9,1920.34
2026-08-05 18:15:00+00:00,1920.34,1928.0,1918.42,1919.53
2026-08-05 18:30:00+00:00,1919.54,1921.2,1915.14,1921.06
2026-08-05 18:45:00+00:00,1921.06,1921.46,1915.8,1918.06
2026-08-05 19:00:00+00:00,1918.05,1920.08,1915.6,1918.66
2026-08-05 19:15:00+00:00,1918.66,1921.0,1917.24,1919.27
2026-08-05 19:30:00+00:00,1919.26,1920.25,1915.83,1920.16
2026-08-05 19:45:00+00:00,1920.16,1921.0,1916.71,1917.03
2026-08-05 20:00:00+00:00,1917.02,1921.45,1916.71,1921.1
2026-08-05 20:15:00+00:00,1921.1,1922.47,1918.74,1920.12
2026-08-05 20:30:00+00:00,1920.11,1924.01,1918.53,1924.01
2026-08-05 20:45:00+00:00,1924.0,1924.56,1916.71,1917.1
2026-08-05 21:00:00+00:00,1917.1,1917.47,1907.83,1913.83
2026-08-05 21:15:00+00:00,1913.84,1914.33,1910.0,1910.54
2026-08-05 21:30:00+00:00,1910.54,1912.04,1907.07,1908.9
2026-08-05 21:45:00+00:00,1908.89,1910.8,1907.59,1908.75
2026-08-05 22:00:00+00:00,1908.75,1913.19,1906.59,1911.69
2026-08-05 22:15:00+00:00,1911.7,1913.43,1909.5,1912.12
2026-08-05 22:30:00+00:00,1912.11,1912.86,1909.22,1909.41
2026-08-05 22:45:00+00:00,1909.41,1911.52,1906.59,1906.86
2026-08-05 23:00:00+00:00,1906.85,1910.51,1904.34,1909.4
2026-08-05 23:15:00+00:00,1909.4,1912.31,1908.4,1910.06
2026-08-05 23:30:00+00:00,1910.06,1911.44,1909.22,1910.52
2026-08-05 23:45:00+00:00,1910.52,1910.78,1908.08,1908.9
2026-08-06 00:00:00+00:00,1908.91,1911.94,1907.29,1910.5
2026-08-06 00:15:00+00:00,1910.5,1914.02,1909.54,1911.67
2026-08-06 00:30:00+00:00,1911.67,1912.46,1909.35,1909.36
2026-08-06 00:45:00+00:00,1909.36,1912.25,1908.6,1910.4
2026-08-06 01:00:00+00:00,1910.4,1911.21,1908.18,1909.37
2026-08-06 01:15:00+00:00,1909.37,1910.35,1905.01,1905.01
2026-08-06 01:30:00+00:00,1905.01,1908.87,1903.36,1906.28
2026-08-06 01:45:00+00:00,1906.28,1909.82,1906.2,1906.75
2026-08-06 02:00:00+00:00,1906.74,1910.82,1903.34,1903.77
2026-08-06 02:15:00+00:00,1903.77,1905.74,1895.34,1898.56
2026-08-06 02:30:00+00:00,1898.56,1900.47,1895.1,1900.43
2026-08-06 02:45:00+00:00,1900.44,1901.54,1898.18,1899.21
2026-08-06 03:00:00+00:00,1899.21,1899.33,1896.69,1898.11
2026-08-06 03:15:00+00:00,1898.11,1898.16,1895.37,1896.93
2026-08-06 03:30:00+00:00,1896.93,1899.04,1895.95,1897.39
2026-08-06 03:45:00+00:00,1897.4,1899.7,1896.25,1899.03
2026-08-06 04:00:00+00:00,1899.04,1900.0,1895.73,1899.74
2026-08-06 04:15:00+00:00,1899.74,1906.54,1899.73,1906.19
2026-08-06 04:30:00+00:00,1906.2,1908.05,1904.78,1905.62
2026-08-06 04:45:00+00:00,1905.63,1908.05,1904.67,1907.7
2026-08-06 05:00:00+00:00,1907.7,1917.7,1907.29,1914.93
2026-08-06 05:15:00+00:00,1914.93,1918.7,1911.28,1911.77
2026-08-06 05:30:00+00:00,1911.77,1913.5,1910.62,1913.04
2026-08-06 05:45:00+00:00,1913.04,1914.34,1911.32,1914.34
2026-08-06 06:00:00+00:00,1914.35,1914.77,1909.95,1910.29
2026-08-06 06:15:00+00:00,1910.28,1914.15,1909.6,1913.2
2026-08-06 06:30:00+00:00,1913.2,1914.23,1911.95,1913.79
2026-08-06 06:45:00+00:00,1913.78,1914.35,1912.65,1913.66
2026-08-06 07:00:00+00:00,1913.67,1914.58,1911.73,1914.58
2026-08-06 07:15:00+00:00,1914.58,1915.33,1912.65,1912.66
2026-08-06 07:30:00+00:00,1912.65,1912.72,1907.65,1908.61
2026-08-06 07:45:00+00:00,1908.61,1911.4,1908.02,1909.33
2026-08-06 08:00:00+00:00,1909.33,1911.24,1908.41,1909.73
2026-08-06 08:15:00+00:00,1909.73,1913.77,1909.05,1913.59
2026-08-06 08:30:00+00:00,1913.58,1914.82,1911.7,1913.38
2026-08-06 08:45:00+00:00,1913.38,1920.51,1913.38,1916.26
2026-08-06 09:00:00+00:00,1916.26,1917.03,1905.9,1907.54
2026-08-06 09:15:00+00:00,1907.54,1911.63,1906.61,1908.77
2026-08-06 09:30:00+00:00,1908.76,1908.99,1906.36,1906.37
2026-08-06 09:45:00+00:00,1906.36,1908.5,1904.83,1907.67
2026-08-06 10:00:00+00:00,1907.67,1907.67,1902.88,1903.01
2026-08-06 10:15:00+00:00,1903.01,1906.26,1901.62,1905.42
2026-08-06 10:30:00+00:00,1905.42,1905.76,1903.87,1904.3
2026-08-06 10:45:00+00:00,1904.29,1904.91,1901.62,1902.58
2026-08-06 11:00:00+00:00,1902.59,1902.95,1897.0,1902.33
2026-08-06 11:15:00+00:00,1902.34,1907.0,1902.33,1905.38
2026-08-06 11:30:00+00:00,1905.38,1909.2,1905.38,1908.88
2026-08-06 11:45:00+00:00,1908.87,1908.88,1905.84,1907.77
2026-08-06 12:00:00+00:00,1907.77,1908.02,1901.29,1901.72
2026-08-06 12:15:00+00:00,1901.72,1906.14,1901.42,1904.81
2026-08-06 12:30:00+00:00,1904.8,1906.26,1903.1,1903.89
2026-08-06 12:45:00+00:00,1903.89,1904.69,1899.02,1899.09
2026-08-06 13:00:00+00:00,1899.1,1900.56,1892.38,1896.25
2026-08-06 13:15:00+00:00,1896.26,1898.01,1894.75,1897.71
2026-08-06 13:30:00+00:00,1897.71,1908.06,1893.34,1906.75
2026-08-06 13:45:00+00:00,1906.74,1911.11,1905.1,1907.43
2026-08-06 14:00:00+00:00,1907.44,1911.84,1905.15,1908.26
2026-08-06 14:15:00+00:00,1908.25,1912.83,1892.04,1906.86
2026-08-06 14:30:00+00:00,1906.86,1918.72,1903.28,1915.44
2026-08-06 14:45:00+00:00,1915.45,1916.19,1910.6,1915.01
2026-08-06 15:00:00+00:00,1915.01,1919.68,1912.81,1915.15
2026-08-06 15:15:00+00:00,1915.16,1917.69,1912.5,1917.25
2026-08-06 15:30:00+00:00,1917.25,1919.44,1912.96,1913.45
2026-08-06 15:45:00+00:00,1913.44,1918.78,1910.38,1910.69
2026-08-06 16:00:00+00:00,1910.7,1911.8,1908.46,1909.88
2026-08-06 16:15:00+00:00,1909.88,1913.63,1909.26,1911.64
2026-08-06 16:30:00+00:00,1911.63,1916.8,1910.38,1915.0
2026-08-06 16:45:00+00:00,1915.0,1916.52,1912.77,1915.77
2026-08-06 17:00:00+00:00,1915.78,1918.47,1914.52,1914.53
2026-08-06 17:15:00+00:00,1914.52,1916.45,1913.62,1914.31
2026-08-06 17:30:00+00:00,1914.32,1917.06,1910.38,1912.63
2026-08-06 17:45:00+00:00,1912.63,1915.29,1911.11,1914.08
2026-08-06 18:00:00+00:00,1914.08,1914.1,1908.89,1911.58
2026-08-06 18:15:00+00:00,1911.58,1914.01,1910.0,1911.39
2026-08-06 18:30:00+00:00,1911.4,1911.53,1905.34,1905.84
2026-08-06 18:45:00+00:00,1905.84,1907.61,1903.08,1905.95
2026-08-06 19:00:00+00:00,1905.95,1909.29,1905.95,1908.49
2026-08-06 19:15:00+00:00,1908.49,1909.84,1906.63,1907.04
2026-08-06 19:30:00+00:00,1907.04,1909.07,1906.36,1908.6
2026-08-06 19:45:00+00:00,1908.6,1911.29,1907.33,1910.06
2026-08-06 20:00:00+00:00,1910.07,1910.85,1909.08,1909.58
2026-08-06 20:15:00+00:00,1909.59,1909.95,1906.2,1906.9
2026-08-06 20:30:00+00:00,1906.89,1908.97,1906.0,1907.93
2026-08-06 20:45:00+00:00,1907.93,1907.93,1906.67,1907.14
2026-08-06 21:00:00+00:00,1907.15,1909.14,1906.55,1908.25
2026-08-06 21:15:00+00:00,1908.26,1909.45,1906.96,1907.37
2026-08-06 21:30:00+00:00,1907.37,1908.81,1905.88,1907.51
2026-08-06 21:45:00+00:00,1907.5,1907.5,1905.9,1906.28
2026-08-06 22:00:00+00:00,1906.28,1907.44,1903.74,1907.11
2026-08-06 22:15:00+00:00,1907.11,1907.35,1902.77,1904.08
2026-08-06 22:30:00+00:00,1904.07,1904.84,1902.27,1903.3
2026-08-06 22:45:00+00:00,1903.3,1905.6,1903.3,1905.25
2026-08-06 23:00:00+00:00,1905.24,1905.79,1904.06,1905.04
2026-08-06 23:15:00+00:00,1905.03,1905.2,1900.22,1901.68
2026-08-06 23:30:00+00:00,1901.69,1902.16,1898.94,1900.16
2026-08-06 23:45:00+00:00,1900.17,1904.27,1899.52,1904.1
2026-08-07 00:00:00+00:00,1904.1,1905.47,1900.61,1901.2
2026-08-07 00:15:00+00:00,1901.2,1902.82,1899.84,1901.76
2026-08-07 00:30:00+00:00,1901.76,1904.22,1900.12,1903.5
2026-08-07 00:45:00+00:00,1903.5,1904.48,1901.81,1903.88
2026-08-07 01:00:00+00:00,1903.89,1907.55,1903.11,1903.64
2026-08-07 01:15:00+00:00,1903.64,1905.87,1902.49,1905.52
2026-08-07 01:30:00+00:00,1905.51,1906.33,1899.04,1902.14
2026-08-07 01:45:00+00:00,1902.14,1904.85,1901.95,1903.36
2026-08-07 02:00:00+00:00,1903.36,1903.86,1897.52,1902.69
2026-08-07 02:15:00+00:00,1902.69,1908.61,1900.47,1900.65
2026-08-07 02:30:00+00:00,1900.65,1902.97,1899.65,1902.67
2026-08-07 02:45:00+00:00,1902.68,1905.0,1902.46,1902.73
2026-08-07 03:00:00+00:00,1902.72,1903.95,1900.63,1901.07
2026-08-07 03:15:00+00:00,1901.07,1901.67,1899.05,1900.19
2026-08-07 03:30:00+00:00,1900.19,1902.24,1899.23,1899.9
2026-08-07 03:45:00+00:00,1899.91,1900.66,1896.16,1897.43
2026-08-07 04:00:00+00:00,1897.43,1900.0,1895.99,1898.76
2026-08-07 04:15:00+00:00,1898.76,1900.76,1897.67,1899.19
2026-08-07 04:30:00+00:00,1899.19,1900.74,1897.87,1898.36
2026-08-07 04:45:00+00:00,1898.36,1898.54,1894.35,1897.44
2026-08-07 05:00:00+00:00,1897.44,1898.74,1896.24,1897.79
2026-08-07 05:15:00+00:00,1897.78,1898.08,1896.02,1896.38
2026-08-07 05:30:00+00:00,1896.38,1898.83,1895.41,1898.03
2026-08-07 05:45:00+00:00,1898.02,1902.4,1897.9,1901.58
2026-08-07 06:00:00+00:00,1901.59,1904.0,1900.0,1904.0
2026-08-07 06:15:00+00:00,1903.99,1907.58,1903.48,1905.76
2026-08-07 06:30:00+00:00,1905.76,1906.56,1903.93,1904.66
2026-08-07 06:45:00+00:00,1904.67,1905.6,1902.98,1904.53
2026-08-07 07:00:00+00:00,1904.54,1907.3,1902.65,1906.31
2026-08-07 07:15:00+00:00,1906.32,1907.44,1905.37,1905.58
2026-08-07 07:30:00+00:00,1905.57,1905.58,1903.01,1903.34
2026-08-07 07:45:00+00:00,1903.33,1903.86,1902.35,1902.36
2026-08-07 08:00:00+00:00,1902.35,1906.7,1901.91,1906.57
2026-08-07 08:15:00+00:00,1906.56,1907.22,1905.0,1906.25
2026-08-07 08:30:00+00:00,1906.25,1914.9,1906.05,1913.23
2026-08-07 08:45:00+00:00,1913.24,1913.25,1909.69,1910.7
2026-08-07 09:00:00+00:00,1910.7,1914.99,1910.7,1912.62
2026-08-07 09:15:00+00:00,1912.62,1913.85,1910.54,1911.02
2026-08-07 09:30:00+00:00,1911.02,1917.67,1910.3,1916.12
2026-08-07 09:45:00+00:00,1916.12,1916.37,1912.79,1913.04
2026-08-07 10:00:00+00:00,1913.04,1916.0,1912.67,1915.17
2026-08-07 10:15:00+00:00,1915.17,1915.17,1913.0,1914.58
2026-08-07 10:30:00+00:00,1914.58,1914.87,1912.64,1913.54
2026-08-07 10:45:00+00:00,1913.53,1914.7,1912.69,1912.85
2026-08-07 11:00:00+00:00,1912.85,1916.7,1912.62,1915.8
2026-08-07 11:15:00+00:00,1915.79,1921.0,1914.04,1916.72
2026-08-07 11:30:00+00:00,1916.72,1917.6,1915.24,1916.22
2026-08-07 11:45:00+00:00,1916.22,1916.59,1914.85,1916.33
2026-08-07 12:00:00+00:00,1916.33,1937.75,1916.33,1933.85
2026-08-07 12:15:00+00:00,1933.85,1934.46,1927.66,1932.93
2026-08-07 12:30:00+00:00,1932.93,1943.02,1922.0,1929.11
2026-08-07 12:45:00+00:00,1929.1,1936.0,1929.07,1932.13
2026-08-07 13:00:00+00:00,1932.14,1934.06,1928.28,1929.1
2026-08-07 13:15:00+00:00,1929.11,1931.68,1925.99,1928.09
2026-08-07 13:30:00+00:00,1928.1,1935.05,1926.44,1932.47
2026-08-07 13:45:00+00:00,1932.47,1932.67,1921.53,1923.5
2026-08-07 14:00:00+00:00,1923.5,1923.54,1910.79,1912.63
2026-08-07 14:15:00+00:00,1912.62,1925.31,1910.53,1923.87
2026-08-07 14:30:00+00:00,1923.87,1926.5,1917.55,1918.11
2026-08-07 14:45:00+00:00,1918.11,1921.06,1911.76,1913.57
2026-08-07 15:00:00+00:00,1913.57,1919.75,1913.02,1915.53
2026-08-07 15:15:00+00:00,1915.52,1918.73,1914.04,1916.84
2026-08-07 15:30:00+00:00,1916.85,1921.0,1916.09,1920.28
2026-08-07 15:45:00+00:00,1920.29,1920.65,1917.26,1917.88
2026-08-07 16:00:00+00:00,1917.87,1925.0,1917.87,1923.4
2026-08-07 16:15:00+00:00,1923.39,1924.02,1913.75,1914.97
2026-08-07 16:30:00+00:00,1914.98,1916.31,1912.03,1915.39
2026-08-07 16:45:00+00:00,1915.39,1916.6,1909.34,1909.51
2026-08-07 17:00:00+00:00,1909.5,1911.49,1905.45,1907.16
2026-08-07 17:15:00+00:00,1907.15,1910.69,1906.14,1908.22
2026-08-07 17:30:00+00:00,1908.22,1912.41,1905.4,1912.0
2026-08-07 17:45:00+00:00,1912.0,1912.99,1907.28,1912.45
2026-08-07 18:00:00+00:00,1912.45,1915.29,1912.06,1913.94
2026-08-07 18:15:00+00:00,1913.94,1915.21,1912.46,1912.65
2026-08-07 18:30:00+00:00,1912.64,1913.98,1908.0,1908.01
2026-08-07 18:45:00+00:00,1908.01,1910.55,1906.28,1909.86
2026-08-07 19:00:00+00:00,1909.87,1914.76,1909.87,1913.39
2026-08-07 19:15:00+00:00,1913.38,1918.46,1913.38,1916.8
2026-08-07 19:30:00+00:00,1916.8,1919.45,1916.66,1918.46
2026-08-07 19:45:00+00:00,1918.45,1920.24,1917.42,1918.85
2026-08-07 20:00:00+00:00,1918.84,1920.36,1917.46,1918.74
2026-08-07 20:15:00+00:00,1918.73,1918.74,1916.47,1916.91
2026-08-07 20:30:00+00:00,1916.9,1916.9,1915.35,1915.42
2026-08-07 20:45:00+00:00,1915.43,1915.78,1914.38,1914.81
2026-08-07 21:00:00+00:00,1914.82,1915.64,1913.93,1914.74
2026-08-07 21:15:00+00:00,1914.75,1916.12,1912.72,1914.0
2026-08-07 21:30:00+00:00,1913.99,1922.81,1913.53,1918.22
2026-08-07 21:45:00+00:00,1918.21,1918.28,1916.16,1916.55
2026-08-07 22:00:00+00:00,1916.55,1916.56,1914.83,1915.49
2026-08-07 22:15:00+00:00,1915.5,1916.44,1915.0,1915.26
2026-08-07 22:30:00+00:00,1915.26,1915.59,1913.92,1914.59
2026-08-07 22:45:00+00:00,1914.58,1914.84,1914.33,1914.84
2026-08-07 23:00:00+00:00,1914.84,1916.07,1914.83,1916.0
2026-08-07 23:15:00+00:00,1915.99,1916.04,1914.88,1915.07
2026-08-07 23:30:00+00:00,1915.06,1915.89,1914.99,1915.82
2026-08-07 23:45:00+00:00,1915.83,1916.41,1913.92,1914.18
2026-08-08 00:00:00+00:00,1914.19,1915.1,1912.72,1914.34
2026-08-08 00:15:00+00:00,1914.34,1914.34,1912.5,1914.21
2026-08-08 00:30:00+00:00,1914.2,1914.72,1914.2,1914.72
2026-08-08 00:45:00+00:00,1914.71,1914.72,1914.11,1914.35
2026-08-08 01:00:00+00:00,1914.36,1915.33,1914.04,1914.81
2026-08-08 01:15:00+00:00,1914.82,1916.62,1914.26,1914.67
2026-08-08 01:30:00+00:00,1914.68,1915.36,1914.67,1915.3
2026-08-08 01:45:00+00:00,1915.29,1915.29,1914.3,1914.65
2026-08-08 02:00:00+00:00,1914.66,1914.66,1913.34,1913.35
2026-08-08 02:15:00+00:00,1913.34,1913.5,1912.27,1913.5
2026-08-08 02:30:00+00:00,1913.5,1914.25,1913.13,1913.13
2026-08-08 02:45:00+00:00,1913.14,1913.18,1912.73,1913.18
2026-08-08 03:00:00+00:00,1913.18,1914.42,1913.17,1914.3
2026-08-08 03:15:00+00:00,1914.3,1916.5,1914.29,1916.5
2026-08-08 03:30:00+00:00,1916.5,1919.02,1916.5,1917.37
2026-08-08 03:45:00+00:00,1917.38,1918.47,1916.79,1918.08
2026-08-08 04:00:00+00:00,1918.09,1919.58,1916.42,1916.91
2026-08-08 04:15:00+00:00,1916.91,1917.46,1916.4,1917.39
2026-08-08 04:30:00+00:00,1917.38,1918.96,1916.91,1918.1
2026-08-08 04:45:00+00:00,1918.1,1918.18,1916.64,1917.0
2026-08-08 05:00:00+00:00,1917.0,1917.32,1916.66,1916.81
2026-08-08 05:15:00+00:00,1916.81,1917.51,1916.13,1916.99
2026-08-08 05:30:00+00:00,1917.0,1918.78,1916.89,1917.93
2026-08-08 05:45:00+00:00,1917.93,1917.97,1915.81,1917.56
2026-08-08 06:00:00+00:00,1917.55,1917.89,1916.87,1917.28
2026-08-08 06:15:00+00:00,1917.28,1917.28,1916.48,1916.61
2026-08-08 06:30:00+00:00,1916.6,1917.27,1916.17,1916.87
2026-08-08 06:45:00+00:00,1916.88,1917.83,1916.2,1916.44
2026-08-08 07:00:00+00:00,1916.45,1916.75,1915.69,1916.02
2026-08-08 07:15:00+00:00,1916.01,1916.23,1915.54,1915.67
2026-08-08 07:30:00+00:00,1915.66,1915.67,1914.0,1914.52
2026-08-08 07:45:00+00:00,1914.52,1915.27,1914.52,1915.11
2026-08-08 08:00:00+00:00,1915.11,1915.57,1914.58,1915.57
2026-08-08 08:15:00+00:00,1915.56,1915.91,1915.21,1915.9
2026-08-08 08:30:00+00:00,1915.9,1917.73,1915.9,1917.73
2026-08-08 08:45:00+00:00,1917.73,1917.73,1916.81,1916.85
2026-08-08 09:00:00+00:00,1916.85,1917.47,1916.66,1916.87
2026-08-08 09:15:00+00:00,1916.87,1917.06,1916.25,1916.67
2026-08-08 09:30:00+00:00,1916.66,1923.22,1916.66,1919.32
2026-08-08 09:45:00+00:00,1919.32,1920.09,1918.83,1918.95
2026-08-08 10:00:00+00:00,1918.94,1920.94,1918.94,1920.29
2026-08-08 10:15:00+00:00,1920.28,1922.72,1920.28,1922.61
2026-08-08 10:30:00+00:00,1922.61,1922.61,1921.07,1921.14
2026-08-08 10:45:00+00:00,1921.15,1921.35,1920.54,1921.17
2026-08-08 11:00:00+00:00,1921.18,1923.57,1921.17,1921.95
2026-08-08 11:15:00+00:00,1921.94,1921.95,1919.76,1919.98
2026-08-08 11:30:00+00:00,1919.98,1920.09,1919.53,1919.73
2026-08-08 11:45:00+00:00,1919.73,1921.14,1919.6,1920.99
2026-08-08 12:00:00+00:00,1920.99,1921.0,1918.7,1920.99
2026-08-08 12:15:00+00:00,1920.99,1922.47,1919.93,1919.93
2026-08-08 12:30:00+00:00,1919.94,1920.9,1919.88,1920.06
2026-08-08 12:45:00+00:00,1920.06,1920.8,1919.08,1919.19
2026-08-08 13:00:00+00:00,1919.2,1920.55,1919.2,1919.48
2026-08-08 13:15:00+00:00,1919.49,1919.89,1919.12,1919.19
2026-08-08 13:30:00+00:00,1919.18,1919.3,1918.61,1919.25
2026-08-08 13:45:00+00:00,1919.26,1920.0,1918.68,1920.0
2026-08-08 14:00:00+00:00,1920.0,1921.69,1919.99,1921.46
2026-08-08 14:15:00+00:00,1921.47,1924.0,1921.04,1923.74
2026-08-08 14:30:00+00:00,1923.74,1926.72,1922.03,1922.22
2026-08-08 14:45:00+00:00,1922.21,1925.21,1922.21,1923.77
2026-08-08 15:00:00+00:00,1923.78,1924.56,1922.29,1923.69
2026-08-08 15:15:00+00:00,1923.69,1924.17,1922.49,1922.73
2026-08-08 15:30:00+00:00,1922.72,1922.73,1921.35,1922.12
2026-08-08 15:45:00+00:00,1922.12,1923.7,1921.6,1922.62
2026-08-08 16:00:00+00:00,1922.63,1925.0,1922.62,1922.81
2026-08-08 16:15:00+00:00,1922.81,1923.43,1922.34,1922.51
2026-08-08 16:30:00+00:00,1922.51,1922.52,1921.65,1921.96
2026-08-08 16:45:00+00:00,1921.96,1922.46,1921.94,1922.46
2026-08-08 17:00:00+00:00,1922.45,1923.31,1922.25,1923.1
2026-08-08 17:15:00+00:00,1923.1,1924.1,1922.88,1924.05
2026-08-08 17:30:00+00:00,1924.04,1926.45,1923.84,1924.99
2026-08-08 17:45:00+00:00,1925.0,1925.3,1923.84,1923.85
2026-08-08 18:00:00+00:00,1923.84,1923.84,1922.88,1922.88
2026-08-08 18:15:00+00:00,1922.88,1922.89,1919.77,1920.71
2026-08-08 18:30:00+00:00,1920.71,1921.55,1920.36,1921.33
2026-08-08 18:45:00+00:00,1921.32,1921.33,1921.02,1921.1
2026-08-08 19:00:00+00:00,1921.1,1921.54,1921.09,1921.23
2026-08-08 19:15:00+00:00,1921.23,1921.31,1919.9,1919.9
2026-08-08 19:30:00+00:00,1919.9,1920.53,1919.67,1920.16
2026-08-08 19:45:00+00:00,1920.15,1921.51,1919.7,1920.41
2026-08-08 20:00:00+00:00,1920.41,1920.41,1920.0,1920.16
2026-08-08 20:15:00+00:00,1920.17,1920.67,1919.95,1919.95
2026-08-08 20:30:00+00:00,1919.96,1921.21,1919.95,1920.93
2026-08-08 20:45:00+00:00,1920.92,1921.2,1920.33,1920.39
2026-08-08 21:00:00+00:00,1920.39,1920.85,1920.27,1920.55
2026-08-08 21:15:00+00:00,1920.55,1921.7,1920.54,1921.02
2026-08-08 21:30:00+00:00,1921.02,1922.73,1920.67,1922.62
2026-08-08 21:45:00+00:00,1922.61,1922.61,1920.28,1920.82
2026-08-08 22:00:00+00:00,1920.82,1921.59,1919.53,1919.54
2026-08-08 22:15:00+00:00,1919.53,1920.63,1919.43,1920.63
2026-08-08 22:30:00+00:00,1920.63,1920.63,1919.24,1919.68
2026-08-08 22:45:00+00:00,1919.68,1919.68,1916.66,1916.75
2026-08-08 23:00:00+00:00,1916.74,1916.93,1915.09,1915.8
2026-08-08 23:15:00+00:00,1915.81,1917.51,1914.69,1916.91
2026-08-08 23:30:00+00:00,1916.91,1919.0,1916.9,1918.62
2026-08-08 23:45:00+00:00,1918.62,1918.62,1916.69,1916.74
2026-08-09 00:00:00+00:00,1916.75,1918.46,1916.34,1918.4
2026-08-09 00:15:00+00:00,1918.4,1918.4,1917.54,1917.6
2026-08-09 00:30:00+00:00,1917.6,1918.53,1917.6,1917.94
2026-08-09 00:45:00+00:00,1917.94,1918.66,1916.47,1918.09
2026-08-09 01:00:00+00:00,1918.08,1920.21,1917.49,1918.95
2026-08-09 01:15:00+00:00,1918.95,1919.04,1914.38,1914.38
2026-08-09 01:30:00+00:00,1914.38,1916.18,1913.37,1916.07
2026-08-09 01:45:00+00:00,1916.08,1916.47,1914.64,1916.14
2026-08-09 02:00:00+00:00,1916.15,1916.71,1915.17,1916.7
2026-08-09 02:15:00+00:00,1916.71,1916.71,1915.06,1916.26
2026-08-09 02:30:00+00:00,1916.25,1916.26,1914.54,1914.54
2026-08-09 02:45:00+00:00,1914.55,1915.25,1913.64,1914.8
2026-08-09 03:00:00+00:00,1914.79,1914.79,1912.36,1912.94
2026-08-09 03:15:00+00:00,1912.94,1913.85,1912.75,1913.85
2026-08-09 03:30:00+00:00,1913.85,1914.43,1913.84,1913.96
2026-08-09 03:45:00+00:00,1913.96,1914.3,1913.95,1914.04
2026-08-09 04:00:00+00:00,1914.04,1915.6,1913.87,1915.13
2026-08-09 04:15:00+00:00,1915.13,1915.63,1913.75,1914.28
2026-08-09 04:30:00+00:00,1914.28,1914.32,1913.4,1913.4
2026-08-09 04:45:00+00:00,1913.41,1913.7,1912.99,1913.16
2026-08-09 05:00:00+00:00,1913.17,1914.79,1913.11,1913.85
2026-08-09 05:15:00+00:00,1913.85,1915.04,1913.82,1914.09
2026-08-09 05:30:00+00:00,1914.08,1914.59,1914.02,1914.04
2026-08-09 05:45:00+00:00,1914.03,1914.46,1913.86,1914.46
2026-08-09 06:00:00+00:00,1914.45,1915.56,1912.83,1915.5
2026-08-09 06:15:00+00:00,1915.49,1917.16,1915.48,1916.98
2026-08-09 06:30:00+00:00,1916.98,1918.01,1916.97,1917.91
2026-08-09 06:45:00+00:00,1917.91,1919.51,1917.91,1919.33
2026-08-09 07:00:00+00:00,1919.34,1919.79,1918.29,1918.3
2026-08-09 07:15:00+00:00,1918.29,1918.32,1917.14,1918.0
2026-08-09 07:30:00+00:00,1917.99,1918.0,1917.19,1917.71
2026-08-09 07:45:00+00:00,1917.7,1918.97,1917.47,1918.97
2026-08-09 08:00:00+00:00,1918.97,1925.0,1918.97,1922.56
2026-08-09 08:15:00+00:00,1922.56,1922.69,1920.92,1921.49
2026-08-09 08:30:00+00:00,1921.49,1921.57,1914.0,1914.62
2026-08-09 08:45:00+00:00,1914.62,1916.12,1914.19,1915.94
2026-08-09 09:00:00+00:00,1915.94,1916.48,1915.19,1915.31
2026-08-09 09:15:00+00:00,1915.3,1915.6,1913.39,1914.21
2026-08-09 09:30:00+00:00,1914.2,1916.98,1914.2,1916.55
2026-08-09 09:45:00+00:00,1916.56,1921.45,1916.55,1921.45
2026-08-09 10:00:00+00:00,1921.45,1922.96,1921.31,1921.75
2026-08-09 10:15:00+00:00,1921.75,1922.02,1920.32,1920.6
2026-08-09 10:30:00+00:00,1920.6,1920.61,1919.64,1920.03
2026-08-09 10:45:00+00:00,1920.04,1920.79,1919.94,1920.1
2026-08-09 11:00:00+00:00,1920.09,1920.7,1920.09,1920.7
2026-08-09 11:15:00+00:00,1920.69,1921.51,1920.53,1920.79
2026-08-09 11:30:00+00:00,1920.79,1921.3,1920.43,1920.64
2026-08-09 11:45:00+00:00,1920.64,1920.7,1918.37,1919.23
2026-08-09 12:00:00+00:00,1919.23,1919.23,1916.51,1918.01
2026-08-09 12:15:00+00:00,1918.02,1918.24,1917.59,1918.08
2026-08-09 12:30:00+00:00,1918.08,1918.51,1917.44,1917.45
2026-08-09 12:45:00+00:00,1917.45,1917.89,1917.37,1917.5
2026-08-09 13:00:00+00:00,1917.5,1920.0,1917.5,1920.0
2026-08-09 13:15:00+00:00,1920.0,1926.31,1919.99,1925.29
2026-08-09 13:30:00+00:00,1925.28,1925.58,1922.22,1922.79
2026-08-09 13:45:00+00:00,1922.79,1923.58,1922.79,1923.36
2026-08-09 14:00:00+00:00,1923.36,1926.58,1922.61,1925.63
2026-08-09 14:15:00+00:00,1925.62,1925.62,1922.97,1923.63
2026-08-09 14:30:00+00:00,1923.64,1925.45,1923.3,1923.71
2026-08-09 14:45:00+00:00,1923.7,1926.41,1923.7,1925.07
2026-08-09 15:00:00+00:00,1925.08,1927.27,1924.16,1926.84
2026-08-09 15:15:00+00:00,1926.85,1927.12,1926.38,1926.39
2026-08-09 15:30:00+00:00,1926.39,1926.66,1926.03,1926.28
2026-08-09 15:45:00+00:00,1926.27,1927.36,1926.27,1926.56
2026-08-09 16:00:00+00:00,1926.57,1926.95,1924.73,1924.96
2026-08-09 16:15:00+00:00,1924.97,1925.42,1921.6,1922.4
2026-08-09 16:30:00+00:00,1922.4,1925.33,1922.4,1925.06
2026-08-09 16:45:00+00:00,1925.06,1925.25,1924.1,1924.11
2026-08-09 17:00:00+00:00,1924.1,1924.84,1923.39,1924.75
2026-08-09 17:15:00+00:00,1924.74,1924.74,1923.67,1924.56
2026-08-09 17:30:00+00:00,1924.56,1924.68,1924.11,1924.28
2026-08-09 17:45:00+00:00,1924.28,1924.28,1923.11,1923.11
2026-08-09 18:00:00+00:00,1923.1,1923.8,1922.71,1922.71
2026-08-09 18:15:00+00:00,1922.72,1922.72,1920.15,1922.16
2026-08-09 18:30:00+00:00,1922.15,1922.37,1921.23,1921.23
2026-08-09 18:45:00+00:00,1921.23,1921.69,1921.22,1921.52
2026-08-09 19:00:00+00:00,1921.51,1922.08,1921.35,1921.39
2026-08-09 19:15:00+00:00,1921.39,1922.37,1921.38,1922.16
2026-08-09 19:30:00+00:00,1922.17,1922.47,1922.15,1922.44
2026-08-09 19:45:00+00:00,1922.43,1922.44,1921.58,1922.04
2026-08-09 20:00:00+00:00,1922.04,1922.27,1919.07,1919.11
2026-08-09 20:15:00+00:00,1919.11,1920.82,1918.0,1920.2
2026-08-09 20:30:00+00:00,1920.2,1921.28,1920.2,1920.3
2026-08-09 20:45:00+00:00,1920.3,1920.82,1920.16,1920.73
2026-08-09 21:00:00+00:00,1920.72,1921.45,1919.84,1921.45
2026-08-09 21:15:00+00:00,1921.44,1924.36,1921.33,1924.27
2026-08-09 21:30:00+00:00,1924.26,1926.84,1923.83,1925.57
2026-08-09 21:45:00+00:00,1925.58,1926.91,1924.46,1924.73
2026-08-09 22:00:00+00:00,1924.73,1936.73,1924.73,1933.34
2026-08-09 22:15:00+00:00,1933.33,1938.22,1929.17,1929.61
2026-08-09 22:30:00+00:00,1929.62,1930.46,1916.34,1919.29
2026-08-09 22:45:00+00:00,1919.28,1920.42,1915.0,1919.55
2026-08-09 23:00:00+00:00,1919.54,1920.61,1916.74,1917.69
2026-08-09 23:15:00+00:00,1917.68,1918.38,1913.2,1914.4
2026-08-09 23:30:00+00:00,1914.4,1914.4,1908.49,1910.71
2026-08-09 23:45:00+00:00,1910.71,1912.4,1907.56,1910.65
2026-08-10 00:00:00+00:00,1910.65,1928.28,1908.67,1921.68
2026-08-10 00:15:00+00:00,1921.69,1922.57,1913.57,1914.16
2026-08-10 00:30:00+00:00,1914.16,1916.33,1906.17,1907.08
2026-08-10 00:45:00+00:00,1907.08,1917.19,1906.77,1912.78
2026-08-10 01:00:00+00:00,1912.79,1915.53,1908.01,1914.28
2026-08-10 01:15:00+00:00,1914.27,1918.4,1914.27,1915.17
2026-08-10 01:30:00+00:00,1915.17,1916.7,1912.6,1915.33
2026-08-10 01:45:00+00:00,1915.33,1931.57,1914.9,1925.23
2026-08-10 02:00:00+00:00,1925.23,1926.1,1920.75,1921.61
2026-08-10 02:15:00+00:00,1921.61,1921.73,1912.86,1915.48
2026-08-10 02:30:00+00:00,1915.48,1926.72,1915.47,1925.92
2026-08-10 02:45:00+00:00,1925.92,1925.92,1922.52,1923.52
2026-08-10 03:00:00+00:00,1923.51,1924.51,1915.04,1915.92
2026-08-10 03:15:00+00:00,1915.92,1924.66,1913.66,1918.13
2026-08-10 03:30:00+00:00,1918.13,1920.97,1917.3,1919.72
2026-08-10 03:45:00+00:00,1919.72,1920.68,1916.24,1917.44
2026-08-10 04:00:00+00:00,1917.44,1920.24,1916.51,1920.09
2026-08-10 04:15:00+00:00,1920.08,1921.01,1918.76,1919.58
2026-08-10 04:30:00+00:00,1919.59,1920.49,1912.6,1916.77
2026-08-10 04:45:00+00:00,1916.76,1918.52,1914.51,1915.79
2026-08-10 05:00:00+00:00,1915.79,1918.74,1915.33,1916.16
2026-08-10 05:15:00+00:00,1916.16,1920.52,1916.16,1920.25
2026-08-10 05:30:00+00:00,1920.24,1922.28,1919.58,1921.41
2026-08-10 05:45:00+00:00,1921.4,1925.02,1920.76,1923.17
2026-08-10 06:00:00+00:00,1923.18,1927.61,1923.01,1925.61
2026-08-10 06:15:00+00:00,1925.62,1929.43,1924.21,1925.47
2026-08-10 06:30:00+00:00,1925.48,1927.52,1925.0,1927.5
2026-08-10 06:45:00+00:00,1927.5,1929.12,1926.49,1928.03
2026-08-10 07:00:00+00:00,1928.03,1928.76,1926.19,1926.83
2026-08-10 07:15:00+00:00,1926.82,1929.89,1925.9,1929.54
2026-08-10 07:30:00+00:00,1929.53,1930.84,1927.53,1927.53
2026-08-10 07:45:00+00:00,1927.53,1928.03,1924.8,1925.26
2026-08-10 08:00:00+00:00,1925.26,1928.35,1925.26,1927.32
2026-08-10 08:15:00+00:00,1927.32,1929.74,1926.4,1928.2
2026-08-10 08:30:00+00:00,1928.2,1928.49,1923.21,1925.23
2026-08-10 08:45:00+00:00,1925.23,1927.36,1924.32,1926.8
2026-08-10 09:00:00+00:00,1926.8,1927.09,1925.06,1926.52
2026-08-10 09:15:00+00:00,1926.51,1926.6,1922.9,1922.9
2026-08-10 09:30:00+00:00,1922.91,1922.91,1917.99,1918.27
2026-08-10 09:45:00+00:00,1918.27,1918.27,1916.21,1916.39
2026-08-10 10:00:00+00:00,1916.38,1919.66,1916.12,1919.18
2026-08-10 10:15:00+00:00,1919.18,1920.7,1918.93,1919.3
2026-08-10 10:30:00+00:00,1919.3,1919.46,1916.7,1917.72
2026-08-10 10:45:00+00:00,1917.71,1918.97,1917.24,1917.75
2026-08-10 11:00:00+00:00,1917.75,1917.89,1914.68,1916.55
2026-08-10 11:15:00+00:00,1916.55,1919.8,1916.54,1919.26
2026-08-10 11:30:00+00:00,1919.25,1920.44,1918.37,1918.39
2026-08-10 11:45:00+00:00,1918.4,1921.11,1918.17,1920.42
2026-08-10 12:00:00+00:00,1920.42,1923.34,1919.85,1920.72
2026-08-10 12:15:00+00:00,1920.73,1920.73,1916.58,1916.96
2026-08-10 12:30:00+00:00,1916.96,1916.96,1912.01,1915.59
2026-08-10 12:45:00+00:00,1915.59,1915.6,1905.0,1906.0
2026-08-10 13:00:00+00:00,1905.99,1909.72,1905.06,1908.97
2026-08-10 13:15:00+00:00,1908.96,1910.46,1906.65,1908.38
2026-08-10 13:30:00+00:00,1908.39,1908.93,1898.37,1901.12
2026-08-10 13:45:00+00:00,1901.11,1902.98,1894.56,1897.6
2026-08-10 14:00:00+00:00,1897.61,1902.84,1896.94,1901.31
2026-08-10 14:15:00+00:00,1901.32,1902.55,1897.03,1899.5
2026-08-10 14:30:00+00:00,1899.49,1902.33,1897.38,1900.07
2026-08-10 14:45:00+00:00,1900.06,1901.23,1891.6,1893.59
2026-08-10 15:00:00+00:00,1893.58,1893.58,1875.26,1876.39
2026-08-10 15:15:00+00:00,1876.38,1881.07,1871.37,1876.98
2026-08-10 15:30:00+00:00,1876.99,1880.37,1874.38,1878.43
2026-08-10 15:45:00+00:00,1878.42,1880.33,1876.37,1877.0
2026-08-10 16:00:00+00:00,1876.99,1878.71,1875.0,1875.95
2026-08-10 16:15:00+00:00,1875.94,1877.17,1867.96,1875.05
2026-08-10 16:30:00+00:00,1875.04,1878.0,1872.5,1872.88
2026-08-10 16:45:00+00:00,1872.88,1873.38,1868.84,1872.36
2026-08-10 17:00:00+00:00,1872.38,1876.02,1868.71,1874.84
2026-08-10 17:15:00+00:00,1874.83,1876.84,1873.01,1874.28
2026-08-10 17:30:00+00:00,1874.28,1877.39,1873.9,1875.67
2026-08-10 17:45:00+00:00,1875.66,1875.76,1872.86,1873.7
2026-08-10 18:00:00+00:00,1873.7,1875.24,1871.66,1871.67
2026-08-10 18:15:00+00:00,1871.67,1874.54,1870.92,1872.07
2026-08-10 18:30:00+00:00,1872.07,1873.07,1869.57,1873.06
2026-08-10 18:45:00+00:00,1873.06,1873.43,1868.0,1872.95
2026-08-10 19:00:00+00:00,1872.95,1875.48,1871.86,1875.26
2026-08-10 19:15:00+00:00,1875.26,1878.5,1875.26,1878.49
2026-08-10 19:30:00+00:00,1878.5,1880.47,1876.36,1878.92
2026-08-10 19:45:00+00:00,1878.92,1879.72,1876.69,1878.51
2026-08-10 20:00:00+00:00,1878.52,1879.39,1877.74,1878.59
2026-08-10 20:15:00+00:00,1878.59,1879.46,1878.0,1879.46
2026-08-10 20:30:00+00:00,1879.45,1881.31,1879.0,1880.55
2026-08-10 20:45:00+00:00,1880.54,1880.54,1878.8,1879.73
2026-08-10 21:00:00+00:00,1879.72,1879.72,1875.79,1876.04
2026-08-10 21:15:00+00:00,1876.03,1877.07,1874.58,1877.07
2026-08-10 21:30:00+00:00,1877.07,1877.88,1875.13,1876.17
2026-08-10 21:45:00+00:00,1876.18,1876.42,1873.54,1874.45
2026-08-10 22:00:00+00:00,1874.45,1877.77,1872.55,1877.15
2026-08-10 22:15:00+00:00,1877.16,1878.13,1875.35,1876.86
2026-08-10 22:30:00+00:00,1876.87,1876.94,1872.13,1874.47
2026-08-10 22:45:00+00:00,1874.47,1876.15,1874.27,1876.14
2026-08-10 23:00:00+00:00,1876.15,1876.15,1874.13,1874.5
2026-08-10 23:15:00+00:00,1874.5,1875.24,1872.4,1873.84
2026-08-10 23:30:00+00:00,1873.85,1873.85,1870.12,1872.95
2026-08-10 23:45:00+00:00,1872.95,1873.94,1871.56,1873.16
2026-08-11 00:00:00+00:00,1873.16,1874.03,1871.0,1873.61
2026-08-11 00:15:00+00:00,1873.62,1875.99,1871.78,1875.99
2026-08-11 00:30:00+00:00,1875.99,1876.04,1872.45,1874.1
2026-08-11 00:45:00+00:00,1874.11,1875.77,1873.44,1875.32
2026-08-11 01:00:00+00:00,1875.31,1877.85,1873.49,1877.23
2026-08-11 01:15:00+00:00,1877.24,1878.57,1873.9,1878.06
2026-08-11 01:30:00+00:00,1878.06,1878.06,1874.25,1875.77
2026-08-11 01:45:00+00:00,1875.76,1878.6,1875.52,1878.14
2026-08-11 02:00:00+00:00,1878.13,1881.78,1877.7,1878.04
2026-08-11 02:15:00+00:00,1878.04,1878.55,1877.41,1877.48
2026-08-11 02:30:00+00:00,1877.48,1878.66,1877.36,1878.65
2026-08-11 02:45:00+00:00,1878.66,1878.82,1877.97,1878.6
2026-08-11 03:00:00+00:00,1878.61,1880.44,1878.6,1880.13
2026-08-11 03:15:00+00:00,1880.13,1881.29,1879.61,1880.33
2026-08-11 03:30:00+00:00,1880.33,1881.78,1880.22,1880.62
2026-08-11 03:45:00+00:00,1880.63,1881.22,1880.3,1881.03
2026-08-11 04:00:00+00:00,1881.02,1882.18,1879.85,1879.86
2026-08-11 04:15:00+00:00,1879.85,1880.42,1879.78,1879.96
2026-08-11 04:30:00+00:00,1879.97,1880.05,1877.7,1877.94
2026-08-11 04:45:00+00:00,1877.94,1878.2,1876.22,1876.25
2026-08-11 05:00:00+00:00,1876.25,1876.81,1875.73,1876.76
2026-08-11 05:15:00+00:00,1876.76,1876.76,1872.19,1873.8
2026-08-11 05:30:00+00:00,1873.8,1876.79,1873.34,1876.5
2026-08-11 05:45:00+00:00,1876.51,1876.67,1874.02,1874.03
2026-08-11 06:00:00+00:00,1874.03,1875.02,1872.12,1874.16
2026-08-11 06:15:00+00:00,1874.16,1874.76,1871.91,1872.52
2026-08-11 06:30:00+00:00,1872.53,1874.73,1871.62,1873.31
2026-08-11 06:45:00+00:00,1873.32,1874.27,1870.86,1874.24
2026-08-11 07:00:00+00:00,1874.25,1875.71,1873.68,1873.69
2026-08-11 07:15:00+00:00,1873.69,1873.69,1870.29,1871.76
2026-08-11 07:30:00+00:00,1871.77,1879.27,1871.77,1877.96
2026-08-11 07:45:00+00:00,1877.96,1879.34,1876.36,1877.95
2026-08-11 08:00:00+00:00,1877.95,1879.22,1875.85,1876.0
2026-08-11 08:15:00+00:00,1876.01,1877.69,1875.75,1876.92
2026-08-11 08:30:00+00:00,1876.92,1879.17,1876.5,1878.38
2026-08-11 08:45:00+00:00,1878.38,1880.39,1877.28,1879.21
2026-08-11 09:00:00+00:00,1879.2,1879.48,1877.32,1877.56
2026-08-11 09:15:00+00:00,1877.56,1880.41,1877.34,1879.55
2026-08-11 09:30:00+00:00,1879.56,1880.47,1878.64,1880.31
2026-08-11 09:45:00+00:00,1880.31,1885.41,1879.96,1885.41
2026-08-11 10:00:00+00:00,1885.41,1889.0,1884.2,1885.16
2026-08-11 10:15:00+00:00,1885.16,1887.96,1882.66,1887.41
2026-08-11 10:30:00+00:00,1887.41,1888.08,1885.74,1886.45
2026-08-11 10:45:00+00:00,1886.46,1888.08,1885.83,1886.16
2026-08-11 11:00:00+00:00,1886.17,1895.6,1886.17,1893.66
2026-08-11 11:15:00+00:00,1893.67,1894.03,1891.0,1891.7
2026-08-11 11:30:00+00:00,1891.7,1892.87,1891.54,1891.99
2026-08-11 11:45:00+00:00,1892.0,1894.0,1892.0,1892.97
2026-08-11 12:00:00+00:00,1892.96,1897.8,1892.96,1895.33
2026-08-11 12:15:00+00:00,1895.33,1895.42,1889.24,1890.13
2026-08-11 12:30:00+00:00,1890.13,1892.32,1888.48,1888.67
2026-08-11 12:45:00+00:00,1888.67,1889.45,1887.34,1888.0
2026-08-11 13:00:00+00:00,1888.0,1891.85,1887.12,1889.67
2026-08-11 13:15:00+00:00,1889.68,1889.68,1884.79,1886.96
2026-08-11 13:30:00+00:00,1886.96,1892.69,1883.63,1890.37
2026-08-11 13:45:00+00:00,1890.36,1892.14,1887.75,1890.03
2026-08-11 14:00:00+00:00,1890.02,1890.66,1886.27,1889.56
2026-08-11 14:15:00+00:00,1889.56,1891.61,1876.55,1880.76
2026-08-11 14:30:00+00:00,1880.76,1881.25,1874.34,1877.33
2026-08-11 14:45:00+00:00,1877.34,1878.6,1870.33,1873.69
2026-08-11 15:00:00+00:00,1873.68,1877.63,1872.87,1873.66
2026-08-11 15:15:00+00:00,1873.65,1877.71,1869.43,1877.36
2026-08-11 15:30:00+00:00,1877.35,1877.4,1853.62,1859.67
2026-08-11 15:45:00+00:00,1859.66,1864.08,1856.73,1862.74
2026-08-11 16:00:00+00:00,1862.75,1866.26,1859.78,1864.96
2026-08-11 16:15:00+00:00,1864.97,1867.06,1863.02,1864.15
2026-08-11 16:30:00+00:00,1864.14,1866.42,1862.7,1863.59
2026-08-11 16:45:00+00:00,1863.59,1865.57,1862.94,1864.82
2026-08-11 17:00:00+00:00,1864.83,1866.57,1863.0,1864.12
2026-08-11 17:15:00+00:00,1864.13,1867.95,1862.88,1865.49
2026-08-11 17:30:00+00:00,1865.49,1866.31,1863.01,1864.97
2026-08-11 17:45:00+00:00,1864.97,1866.89,1863.18,1864.69
2026-08-11 18:00:00+00:00,1864.69,1865.37,1863.41,1864.26
2026-08-11 18:15:00+00:00,1864.25,1866.02,1861.85,1862.0
2026-08-11 18:30:00+00:00,1861.99,1867.09,1860.0,1863.88
2026-08-11 18:45:00+00:00,1863.88,1866.03,1863.46,1866.03
2026-08-11 19:00:00+00:00,1866.03,1866.27,1862.9,1863.01
2026-08-11 19:15:00+00:00,1863.01,1869.97,1863.0,1869.8
2026-08-11 19:30:00+00:00,1869.8,1872.5,1868.52,1871.63
2026-08-11 19:45:00+00:00,1871.64,1884.83,1870.97,1881.9
2026-08-11 20:00:00+00:00,1881.9,1885.38,1881.12,1882.58
2026-08-11 20:15:00+00:00,1882.59,1882.59,1879.09,1881.13
2026-08-11 20:30:00+00:00,1881.13,1884.1,1879.42,1879.43
2026-08-11 20:45:00+00:00,1879.43,1882.47,1879.42,1882.22
2026-08-11 21:00:00+00:00,1882.22,1885.32,1881.58,1884.13
2026-08-11 21:15:00+00:00,1884.12,1884.58,1880.67,1881.15
2026-08-11 21:30:00+00:00,1881.15,1882.77,1880.43,1882.63
2026-08-11 21:45:00+00:00,1882.64,1885.19,1881.9,1884.68
2026-08-11 22:00:00+00:00,1884.68,1887.64,1882.83,1883.99
2026-08-11 22:15:00+00:00,1884.0,1885.68,1882.97,1883.8
2026-08-11 22:30:00+00:00,1883.8,1884.77,1880.61,1880.62
2026-08-11 22:45:00+00:00,1880.61,1883.16,1879.61,1882.16
2026-08-11 23:00:00+00:00,1882.17,1882.17,1879.0,1879.52
2026-08-11 23:15:00+00:00,1879.53,1880.92,1878.92,1880.92
2026-08-11 23:30:00+00:00,1880.92,1884.41,1880.55,1884.18
2026-08-11 23:45:00+00:00,1884.17,1884.41,1882.58,1882.59
2026-08-12 00:00:00+00:00,1882.58,1882.58,1880.78,1882.2
2026-08-12 00:15:00+00:00,1882.2,1883.48,1880.65,1882.03
2026-08-12 00:30:00+00:00,1882.03,1883.72,1881.34,1881.72
2026-08-12 00:45:00+00:00,1881.72,1883.35,1881.72,1882.35
2026-08-12 01:00:00+00:00,1882.36,1885.83,1882.35,1885.67
2026-08-12 01:15:00+00:00,1885.67,1886.53,1882.22,1883.01
2026-08-12 01:30:00+00:00,1883.01,1885.95,1881.11,1885.43
2026-08-12 01:45:00+00:00,1885.43,1886.48,1883.35,1884.77
2026-08-12 02:00:00+00:00,1884.77,1887.91,1884.77,1885.67
2026-08-12 02:15:00+00:00,1885.66,1886.77,1883.96,1886.76
2026-08-12 02:30:00+00:00,1886.77,1887.27,1883.97,1884.81
2026-08-12 02:45:00+00:00,1884.81,1885.59,1883.59,1884.47
2026-08-12 03:00:00+00:00,1884.48,1885.7,1882.9,1883.11
2026-08-12 03:15:00+00:00,1883.11,1884.37,1882.66,1883.74
2026-08-12 03:30:00+00:00,1883.75,1887.33,1883.22,1886.26
2026-08-12 03:45:00+00:00,1886.25,1887.17,1885.9,1886.62
2026-08-12 04:00:00+00:00,1886.63,1887.66,1885.47,1887.26
2026-08-12 04:15:00+00:00,1887.27,1893.37,1887.11,1889.71
2026-08-12 04:30:00+00:00,1889.71,1889.71,1887.37,1888.58
2026-08-12 04:45:00+00:00,1888.58,1891.16,1888.43,1889.42
2026-08-12 05:00:00+00:00,1889.41,1890.89,1886.77,1890.13
2026-08-12 05:15:00+00:00,1890.12,1890.9,1889.82,1890.0
2026-08-12 05:30:00+00:00,1890.0,1891.88,1890.0,1891.81
2026-08-12 05:45:00+00:00,1891.81,1892.44,1891.06,1891.71
2026-08-12 06:00:00+00:00,1891.7,1891.71,1887.65,1887.65
2026-08-12 06:15:00+00:00,1887.65,1889.72,1885.78,1886.44
2026-08-12 06:30:00+00:00,1886.43,1886.85,1885.38,1885.69
2026-08-12 06:45:00+00:00,1885.69,1887.74,1885.69,1887.73
2026-08-12 07:00:00+00:00,1887.74,1891.16,1887.64,1889.75
2026-08-12 07:15:00+00:00,1889.75,1890.59,1889.49,1889.5
2026-08-12 07:30:00+00:00,1889.5,1891.62,1888.25,1888.82
2026-08-12 07:45:00+00:00,1888.83,1891.82,1886.34,1891.69
2026-08-12 08:00:00+00:00,1891.7,1896.11,1890.63,1892.4
2026-08-12 08:15:00+00:00,1892.4,1894.86,1892.4,1892.88
2026-08-12 08:30:00+00:00,1892.87,1892.87,1891.12,1891.12
2026-08-12 08:45:00+00:00,1891.13,1892.37,1890.76,1890.95
2026-08-12 09:00:00+00:00,1890.94,1893.23,1890.0,1892.87
2026-08-12 09:15:00+00:00,1892.88,1905.31,1892.87,1903.7
2026-08-12 09:30:00+00:00,1903.69,1909.63,1902.84,1905.03
2026-08-12 09:45:00+00:00,1905.03,1906.0,1902.88,1905.84
2026-08-12 10:00:00+00:00,1905.84,1915.54,1905.84,1911.68
2026-08-12 10:15:00+00:00,1911.68,1914.78,1910.84,1910.85
2026-08-12 10:30:00+00:00,1910.85,1913.2,1910.12,1911.69
2026-08-12 10:45:00+00:00,1911.69,1912.16,1907.66,1909.17
2026-08-12 11:00:00+00:00,1909.18,1911.38,1907.41,1908.87
2026-08-12 11:15:00+00:00,1908.88,1913.63,1908.87,1913.53
2026-08-12 11:30:00+00:00,1913.54,1915.42,1911.83,1913.33
2026-08-12 11:45:00+00:00,1913.34,1915.99,1913.22,1915.57
2026-08-12 12:00:00+00:00,1915.58,1918.14,1914.5,1914.5
2026-08-12 12:15:00+00:00,1914.51,1925.0,1914.03,1922.34
2026-08-12 12:30:00+00:00,1922.38,1925.0,1907.56,1909.46
2026-08-12 12:45:00+00:00,1909.46,1913.58,1905.52,1911.32
2026-08-12 13:00:00+00:00,1911.31,1912.6,1905.28,1908.61
2026-08-12 13:15:00+00:00,1908.61,1910.67,1906.03,1907.42
2026-08-12 13:30:00+00:00,1907.43,1908.11,1901.51,1904.72
2026-08-12 13:45:00+00:00,1904.72,1908.32,1900.04,1901.32
2026-08-12 14:00:00+00:00,1901.31,1903.71,1889.24,1899.83
2026-08-12 14:15:00+00:00,1899.82,1899.83,1891.89,1892.19
2026-08-12 14:30:00+00:00,1892.2,1894.06,1887.3,1892.18
2026-08-12 14:45:00+00:00,1892.18,1895.31,1885.0,1887.79
2026-08-12 15:00:00+00:00,1887.78,1893.86,1884.54,1892.78
2026-08-12 15:15:00+00:00,1892.79,1895.8,1891.22,1894.47
2026-08-12 15:30:00+00:00,1894.47,1896.29,1891.36,1894.52
2026-08-12 15:45:00+00:00,1894.52,1895.76,1892.52,1892.75
2026-08-12 16:00:00+00:00,1892.75,1893.55,1889.24,1892.96
2026-08-12 16:15:00+00:00,1892.96,1895.77,1892.42,1894.92
2026-08-12 16:30:00+00:00,1894.92,1895.35,1892.36,1892.52
2026-08-12 16:45:00+00:00,1892.52,1892.62,1890.41,1890.7
2026-08-12 17:00:00+00:00,1890.7,1891.89,1889.5,1889.77
2026-08-12 17:15:00+00:00,1889.77,1890.2,1885.12,1886.92
2026-08-12 17:30:00+00:00,1886.92,1890.46,1885.21,1888.1
2026-08-12 17:45:00+00:00,1888.09,1890.13,1887.26,1888.14
2026-08-12 18:00:00+00:00,1888.13,1890.45,1887.0,1889.63
2026-08-12 18:15:00+00:00,1889.62,1889.62,1886.01,1887.15
2026-08-12 18:30:00+00:00,1887.15,1891.33,1886.83,1887.8
2026-08-12 18:45:00+00:00,1887.8,1887.81,1885.5,1885.55
2026-08-12 19:00:00+00:00,1885.54,1886.67,1883.92,1884.11
2026-08-12 19:15:00+00:00,1884.1,1886.8,1882.06,1884.55
2026-08-12 19:30:00+00:00,1884.55,1885.38,1879.14,1880.12
2026-08-12 19:45:00+00:00,1880.11,1880.65,1877.98,1879.38
2026-08-12 20:00:00+00:00,1879.37,1882.53,1877.81,1880.49
2026-08-12 20:15:00+00:00,1880.49,1884.26,1879.39,1884.26
2026-08-12 20:30:00+00:00,1884.25,1887.4,1884.25,1886.47
2026-08-12 20:45:00+00:00,1886.48,1887.68,1885.65,1886.6
2026-08-12 21:00:00+00:00,1886.6,1889.47,1885.86,1886.06
2026-08-12 21:15:00+00:00,1886.06,1886.98,1873.29,1878.41
2026-08-12 21:30:00+00:00,1878.4,1883.23,1875.52,1883.18
2026-08-12 21:45:00+00:00,1883.19,1884.32,1877.17,1877.95
2026-08-12 22:00:00+00:00,1877.94,1881.37,1875.63,1879.11
2026-08-12 22:15:00+00:00,1879.12,1881.15,1878.76,1879.91
2026-08-12 22:30:00+00:00,1879.91,1879.97,1876.72,1878.02
2026-08-12 22:45:00+00:00,1878.03,1878.91,1877.04,1878.45
2026-08-12 23:00:00+00:00,1878.46,1878.94,1875.3,1876.54
2026-08-12 23:15:00+00:00,1876.54,1878.28,1874.81,1876.98
2026-08-12 23:30:00+00:00,1876.98,1879.25,1876.98,1878.2
2026-08-12 23:45:00+00:00,1878.2,1880.11,1878.0,1879.81
2026-08-13 00:00:00+00:00,1879.8,1883.73,1878.9,1882.85
2026-08-13 00:15:00+00:00,1882.85,1885.55,1881.44,1882.34
2026-08-13 00:30:00+00:00,1882.34,1882.35,1877.26,1879.07
2026-08-13 00:45:00+00:00,1879.08,1883.51,1878.18,1880.29
2026-08-13 01:00:00+00:00,1880.28,1882.83,1878.78,1882.83
2026-08-13 01:15:00+00:00,1882.83,1882.83,1875.25,1876.37
2026-08-13 01:30:00+00:00,1876.37,1880.43,1876.11,1876.16
2026-08-13 01:45:00+00:00,1876.15,1880.04,1875.01,1878.09
2026-08-13 02:00:00+00:00,1878.09,1879.09,1876.85,1877.82
2026-08-13 02:15:00+00:00,1877.82,1878.23,1876.35,1877.26
2026-08-13 02:30:00+00:00,1877.25,1877.26,1873.17,1876.89
2026-08-13 02:45:00+00:00,1876.89,1883.28,1876.02,1881.93
2026-08-13 03:00:00+00:00,1881.94,1884.78,1881.68,1883.45
2026-08-13 03:15:00+00:00,1883.45,1884.99,1882.8,1883.01
2026-08-13 03:30:00+00:00,1883.01,1886.32,1883.01,1883.96
2026-08-13 03:45:00+00:00,1883.97,1888.89,1883.96,1887.52
2026-08-13 04:00:00+00:00,1887.52,1887.93,1886.09,1887.3
2026-08-13 04:15:00+00:00,1887.3,1887.3,1885.46,1886.03
2026-08-13 04:30:00+00:00,1886.03,1891.1,1886.03,1891.09
2026-08-13 04:45:00+00:00,1891.09,1894.99,1891.09,1892.37
2026-08-13 05:00:00+00:00,1892.37,1898.56,1891.77,1898.35
2026-08-13 05:15:00+00:00,1898.35,1900.0,1896.55,1898.63
2026-08-13 05:30:00+00:00,1898.64,1899.41,1896.43,1897.38
2026-08-13 05:45:00+00:00,1897.39,1898.13,1895.81,1895.81
2026-08-13 06:00:00+00:00,1895.8,1896.07,1892.54,1894.17
2026-08-13 06:15:00+00:00,1894.17,1895.71,1893.85,1894.6
2026-08-13 06:30:00+00:00,1894.61,1894.61,1892.17,1892.91
2026-08-13 06:45:00+00:00,1892.92,1898.62,1892.91,1898.62
2026-08-13 07:00:00+00:00,1898.62,1898.93,1896.12,1897.08
2026-08-13 07:15:00+00:00,1897.08,1898.0,1896.45,1897.99
2026-08-13 07:30:00+00:00,1898.0,1898.13,1896.84,1896.85
2026-08-13 07:45:00+00:00,1896.85,1896.88,1895.31,1895.57
2026-08-13 08:00:00+00:00,1895.57,1897.0,1892.73,1892.91
2026-08-13 08:15:00+00:00,1892.92,1893.33,1892.23,1892.64
2026-08-13 08:30:00+00:00,1892.64,1893.15,1891.75,1892.07
2026-08-13 08:45:00+00:00,1892.07,1892.07,1888.38,1890.05
2026-08-13 09:00:00+00:00,1890.05,1890.05,1882.11,1883.04
2026-08-13 09:15:00+00:00,1883.04,1886.83,1881.39,1885.75
2026-08-13 09:30:00+00:00,1885.75,1888.02,1885.74,1887.9
2026-08-13 09:45:00+00:00,1887.89,1890.59,1887.56,1889.78
2026-08-13 10:00:00+00:00,1889.78,1890.24,1882.45,1884.9
2026-08-13 10:15:00+00:00,1884.9,1886.97,1884.69,1885.05
2026-08-13 10:30:00+00:00,1885.05,1885.13,1882.08,1883.69
2026-08-13 10:45:00+00:00,1883.7,1884.11,1882.95,1883.17
2026-08-13 11:00:00+00:00,1883.18,1883.72,1881.04,1881.47
2026-08-13 11:15:00+00:00,1881.47,1881.47,1876.71,1876.92
2026-08-13 11:30:00+00:00,1876.92,1879.99,1875.49,1879.87
2026-08-13 11:45:00+00:00,1879.86,1881.19,1878.69,1880.39
2026-08-13 12:00:00+00:00,1880.4,1883.7,1879.17,1883.61
2026-08-13 12:15:00+00:00,1883.62,1885.12,1882.52,1884.77
2026-08-13 12:30:00+00:00,1884.77,1890.18,1882.43,1887.38
2026-08-13 12:45:00+00:00,1887.39,1889.5,1886.83,1889.04
2026-08-13 13:00:00+00:00,1889.04,1895.71,1889.04,1892.23
2026-08-13 13:15:00+00:00,1892.24,1892.47,1887.15,1888.35
2026-08-13 13:30:00+00:00,1888.33,1895.44,1887.06,1893.54
2026-08-13 13:45:00+00:00,1893.54,1894.37,1889.71,1890.39
2026-08-13 14:00:00+00:00,1890.39,1894.92,1888.64,1892.82
2026-08-13 14:15:00+00:00,1892.83,1894.29,1890.01,1891.17
2026-08-13 14:30:00+00:00,1891.16,1897.36,1890.09,1896.39
2026-08-13 14:45:00+00:00,1896.39,1896.62,1892.98,1893.43
2026-08-13 15:00:00+00:00,1893.44,1896.04,1891.02,1892.0
2026-08-13 15:15:00+00:00,1891.99,1894.32,1882.82,1885.7
2026-08-13 15:30:00+00:00,1885.69,1892.0,1884.57,1890.83
2026-08-13 15:45:00+00:00,1890.82,1890.83,1880.0,1880.01
2026-08-13 16:00:00+00:00,1880.01,1884.05,1878.24,1880.77
2026-08-13 16:15:00+00:00,1880.77,1884.94,1878.34,1879.18
2026-08-13 16:30:00+00:00,1879.18,1881.54,1863.67,1871.16
2026-08-13 16:45:00+00:00,1871.15,1877.24,1869.12,1874.85
2026-08-13 17:00:00+00:00,1874.86,1877.46,1873.73,1876.11
2026-08-13 17:15:00+00:00,1876.11,1879.76,1874.64,1877.15
2026-08-13 17:30:00+00:00,1877.16,1880.09,1875.8,1879.62
2026-08-13 17:45:00+00:00,1879.62,1881.01,1876.88,1876.98
2026-08-13 18:00:00+00:00,1876.98,1881.83,1876.86,1879.38
2026-08-13 18:15:00+00:00,1879.39,1881.26,1876.9,1877.28
2026-08-13 18:30:00+00:00,1877.28,1879.81,1876.63,1879.79
2026-08-13 18:45:00+00:00,1879.79,1887.3,1879.37,1885.52
2026-08-13 19:00:00+00:00,1885.52,1892.73,1885.16,1888.31
2026-08-13 19:15:00+00:00,1888.31,1889.7,1886.8,1887.95
2026-08-13 19:30:00+00:00,1887.95,1888.53,1885.41,1887.6
2026-08-13 19:45:00+00:00,1887.6,1889.48,1886.72,1887.41
2026-08-13 20:00:00+00:00,1887.41,1889.34,1886.16,1887.27
2026-08-13 20:15:00+00:00,1887.28,1888.51,1887.0,1887.65
2026-08-13 20:30:00+00:00,1887.64,1889.56,1886.78,1887.05
2026-08-13 20:45:00+00:00,1887.04,1887.06,1885.32,1886.43
2026-08-13 21:00:00+00:00,1886.43,1888.79,1886.01,1887.18
2026-08-13 21:15:00+00:00,1887.18,1888.46,1886.6,1888.45
2026-08-13 21:30:00+00:00,1888.46,1889.47,1887.85,1888.37
2026-08-13 21:45:00+00:00,1888.37,1888.91,1887.45,1888.76
2026-08-13 22:00:00+00:00,1888.77,1893.03,1888.6,1891.81
2026-08-13 22:15:00+00:00,1891.8,1892.77,1890.6,1890.99
2026-08-13 22:30:00+00:00,1891.0,1891.21,1889.55,1890.84
2026-08-13 22:45:00+00:00,1890.83,1890.98,1889.07,1889.4
2026-08-13 23:00:00+00:00,1889.41,1889.41,1886.55,1886.71
2026-08-13 23:15:00+00:00,1886.71,1887.16,1885.6,1886.0
2026-08-13 23:30:00+00:00,1886.01,1887.36,1886.0,1886.66
2026-08-13 23:45:00+00:00,1886.66,1886.66,1884.6,1886.15
2026-08-14 00:00:00+00:00,1886.16,1887.5,1885.79,1886.25
2026-08-14 00:15:00+00:00,1886.24,1888.83,1884.91,1886.11
2026-08-14 00:30:00+00:00,1886.12,1889.49,1883.53,1889.1
2026-08-14 00:45:00+00:00,1889.1,1889.4,1886.78,1889.4
2026-08-14 01:00:00+00:00,1889.4,1889.45,1885.92,1886.25
2026-08-14 01:15:00+00:00,1886.25,1889.45,1884.85,1886.35
2026-08-14 01:30:00+00:00,1886.34,1889.65,1885.78,1889.62
2026-08-14 01:45:00+00:00,1889.62,1890.23,1888.04,1889.41
2026-08-14 02:00:00+00:00,1889.41,1891.3,1887.76,1888.38
2026-08-14 02:15:00+00:00,1888.38,1889.09,1886.05,1886.65
2026-08-14 02:30:00+00:00,1886.66,1888.79,1886.66,1888.33
2026-08-14 02:45:00+00:00,1888.32,1889.24,1886.62,1886.62
2026-08-14 03:00:00+00:00,1886.63,1886.73,1883.35,1885.72
2026-08-14 03:15:00+00:00,1885.72,1889.07,1885.66,1887.09
2026-08-14 03:30:00+00:00,1887.1,1887.1,1883.82,1884.98
2026-08-14 03:45:00+00:00,1884.97,1884.98,1882.44,1883.0
2026-08-14 04:00:00+00:00,1883.0,1885.18,1882.16,1885.12
2026-08-14 04:15:00+00:00,1885.12,1887.87,1885.08,1886.16
2026-08-14 04:30:00+00:00,1886.17,1886.7,1885.83,1885.84
2026-08-14 04:45:00+00:00,1885.83,1885.97,1884.09,1884.77
2026-08-14 05:00:00+00:00,1884.78,1885.54,1882.53,1882.95
2026-08-14 05:15:00+00:00,1882.96,1883.14,1880.55,1882.77
2026-08-14 05:30:00+00:00,1882.76,1884.48,1882.24,1883.81
2026-08-14 05:45:00+00:00,1883.81,1884.58,1883.39,1884.07
2026-08-14 06:00:00+00:00,1884.07,1884.08,1880.21,1880.44
2026-08-14 06:15:00+00:00,1880.44,1880.55,1877.51,1877.52
2026-08-14 06:30:00+00:00,1877.51,1879.33,1875.97,1877.44
2026-08-14 06:45:00+00:00,1877.43,1878.45,1872.83,1872.85
2026-08-14 07:00:00+00:00,1872.86,1876.52,1872.28,1875.36
2026-08-14 07:15:00+00:00,1875.37,1878.29,1875.36,1877.9
2026-08-14 07:30:00+00:00,1877.89,1877.93,1873.82,1875.29
2026-08-14 07:45:00+00:00,1875.29,1876.09,1873.27,1873.4
2026-08-14 08:00:00+00:00,1873.4,1875.32,1873.39,1873.71
2026-08-14 08:15:00+00:00,1873.71,1875.51,1869.32,1871.78
2026-08-14 08:30:00+00:00,1871.79,1875.91,1870.14,1873.6
2026-08-14 08:45:00+00:00,1873.6,1878.71,1873.28,1878.71
2026-08-14 09:00:00+00:00,1878.72,1878.91,1875.51,1876.48
2026-08-14 09:15:00+00:00,1876.48,1877.8,1874.96,1875.1
2026-08-14 09:30:00+00:00,1875.09,1875.09,1871.34,1872.69
2026-08-14 09:45:00+00:00,1872.69,1875.28,1872.69,1873.22
2026-08-14 10:00:00+00:00,1873.21,1876.0,1872.51,1875.61
2026-08-14 10:15:00+00:00,1875.6,1877.91,1875.42,1877.2
2026-08-14 10:30:00+00:00,1877.2,1878.43,1876.18,1876.39
2026-08-14 10:45:00+00:00,1876.38,1877.64,1875.0,1876.19
2026-08-14 11:00:00+00:00,1876.18,1878.6,1875.07,1876.38
2026-08-14 11:15:00+00:00,1876.39,1878.67,1875.93,1877.75
2026-08-14 11:30:00+00:00,1877.75,1881.19,1877.24,1879.56
2026-08-14 11:45:00+00:00,1879.56,1880.73,1877.84,1878.2
2026-08-14 12:00:00+00:00,1878.2,1878.89,1873.67,1875.73
2026-08-14 12:15:00+00:00,1875.73,1878.63,1875.14,1878.62
2026-08-14 12:30:00+00:00,1878.62,1879.59,1874.95,1874.96
2026-08-14 12:45:00+00:00,1874.96,1876.8,1873.0,1873.51
2026-08-14 13:00:00+00:00,1873.51,1873.94,1867.37,1870.31
2026-08-14 13:15:00+00:00,1870.31,1872.65,1867.08,1871.73
2026-08-14 13:30:00+00:00,1871.73,1872.66,1866.43,1869.84
2026-08-14 13:45:00+00:00,1869.84,1870.7,1866.9,1869.97
2026-08-14 14:00:00+00:00,1869.98,1872.12,1866.7,1867.06
2026-08-14 14:15:00+00:00,1867.06,1869.75,1864.28,1868.55
2026-08-14 14:30:00+00:00,1868.56,1873.54,1867.86,1870.69
2026-08-14 14:45:00+00:00,1870.7,1872.25,1864.52,1866.93
2026-08-14 15:00:00+00:00,1866.94,1869.25,1866.28,1868.75
2026-08-14 15:15:00+00:00,1868.76,1879.84,1868.29,1879.72
2026-08-14 15:30:00+00:00,1879.72,1884.71,1876.2,1884.12
2026-08-14 15:45:00+00:00,1884.12,1884.5,1881.56,1881.56
2026-08-14 16:00:00+00:00,1881.56,1883.41,1879.32,1881.1
2026-08-14 16:15:00+00:00,1881.11,1885.14,1880.58,1884.2
2026-08-14 16:30:00+00:00,1884.21,1888.42,1883.76,1886.22
2026-08-14 16:45:00+00:00,1886.22,1886.23,1884.21,1885.41
2026-08-14 17:00:00+00:00,1885.41,1886.15,1883.31,1885.23
2026-08-14 17:15:00+00:00,1885.24,1887.66,1884.4,1885.68
2026-08-14 17:30:00+00:00,1885.68,1886.94,1882.38,1883.15
2026-08-14 17:45:00+00:00,1883.15,1883.83,1876.71,1878.57
2026-08-14 18:00:00+00:00,1878.57,1878.87,1874.8,1876.44
2026-08-14 18:15:00+00:00,1876.43,1879.0,1875.61,1875.9
2026-08-14 18:30:00+00:00,1875.89,1878.29,1874.51,1877.48
2026-08-14 18:45:00+00:00,1877.49,1877.8,1873.7,1875.76
2026-08-14 19:00:00+00:00,1875.75,1875.75,1873.86,1874.01
2026-08-14 19:15:00+00:00,1874.0,1878.34,1873.9,1877.87
2026-08-14 19:30:00+00:00,1877.88,1880.24,1876.8,1879.91
2026-08-14 19:45:00+00:00,1879.91,1881.96,1879.3,1880.89
2026-08-14 20:00:00+00:00,1880.89,1881.9,1879.86,1880.18
2026-08-14 20:15:00+00:00,1880.18,1880.95,1879.25,1880.25
2026-08-14 20:30:00+00:00,1880.25,1880.43,1878.95,1879.67
2026-08-14 20:45:00+00:00,1879.67,1880.54,1879.38,1880.42
2026-08-14 21:00:00+00:00,1880.42,1881.25,1877.74,1878.83
2026-08-14 21:15:00+00:00,1878.84,1880.44,1877.7,1879.87
2026-08-14 21:30:00+00:00,1879.86,1880.1,1878.0,1878.0
2026-08-14 21:45:00+00:00,1878.0,1879.75,1877.35,1879.44
2026-08-14 22:00:00+00:00,1879.43,1881.16,1877.34,1877.56
2026-08-14 22:15:00+00:00,1877.56,1878.01,1876.1,1876.5
2026-08-14 22:30:00+00:00,1876.51,1879.85,1876.46,1879.84
2026-08-14 22:45:00+00:00,1879.85,1880.09,1879.06,1879.77
2026-08-14 23:00:00+00:00,1879.77,1881.17,1879.42,1880.92
2026-08-14 23:15:00+00:00,1880.92,1881.28,1879.56,1880.88
2026-08-14 23:30:00+00:00,1880.88,1881.84,1878.74,1880.59
2026-08-14 23:45:00+00:00,1880.59,1882.67,1880.38,1882.2
2026-08-15 00:00:00+00:00,1882.2,1883.0,1881.71,1882.19
2026-08-15 00:15:00+00:00,1882.2,1883.19,1882.01,1882.68
2026-08-15 00:30:00+00:00,1882.69,1883.48,1882.2,1882.71
2026-08-15 00:45:00+00:00,1882.72,1882.98,1881.91,1882.41
2026-08-15 01:00:00+00:00,1882.41,1882.82,1881.12,1882.81
2026-08-15 01:15:00+00:00,1882.81,1884.37,1882.46,1884.02
2026-08-15 01:30:00+00:00,1884.02,1884.69,1883.36,1883.86
2026-08-15 01:45:00+00:00,1883.86,1884.39,1883.82,1884.0
2026-08-15 02:00:00+00:00,1884.0,1885.0,1883.99,1885.0
2026-08-15 02:15:00+00:00,1884.99,1885.82,1884.99,1885.0
2026-08-15 02:30:00+00:00,1885.0,1885.54,1884.28,1884.56
2026-08-15 02:45:00+00:00,1884.56,1884.94,1884.14,1884.94
2026-08-15 03:00:00+00:00,1884.94,1886.35,1884.93,1886.02
2026-08-15 03:15:00+00:00,1886.02,1886.59,1884.7,1884.75
2026-08-15 03:30:00+00:00,1884.76,1884.9,1883.08,1883.09
2026-08-15 03:45:00+00:00,1883.09,1883.45,1882.68,1882.68
2026-08-15 04:00:00+00:00,1882.69,1883.8,1882.69,1883.8
2026-08-15 04:15:00+00:00,1883.79,1884.42,1883.46,1884.41
2026-08-15 04:30:00+00:00,1884.41,1885.69,1884.21,1885.69
2026-08-15 04:45:00+00:00,1885.69,1885.69,1884.37,1884.37
2026-08-15 05:00:00+00:00,1884.38,1885.36,1883.78,1884.79
2026-08-15 05:15:00+00:00,1884.79,1884.9,1883.27,1883.35
2026-08-15 05:30:00+00:00,1883.34,1883.58,1880.26,1881.43
2026-08-15 05:45:00+00:00,1881.43,1881.6,1880.0,1880.66
2026-08-15 06:00:00+00:00,1880.67,1881.92,1880.16,1880.17
2026-08-15 06:15:00+00:00,1880.17,1881.32,1880.12,1880.42
2026-08-15 06:30:00+00:00,1880.43,1881.77,1880.02,1881.77
2026-08-15 06:45:00+00:00,1881.76,1883.61,1881.75,1882.16
2026-08-15 07:00:00+00:00,1882.17,1882.59,1880.67,1882.59
2026-08-15 07:15:00+00:00,1882.59,1882.59,1881.12,1881.18
2026-08-15 07:30:00+00:00,1881.18,1881.5,1880.86,1881.25
2026-08-15 07:45:00+00:00,1881.24,1881.25,1880.19,1880.4
2026-08-15 08:00:00+00:00,1880.4,1880.95,1879.38,1880.79
2026-08-15 08:15:00+00:00,1880.8,1881.69,1880.79,1881.22
2026-08-15 08:30:00+00:00,1881.23,1881.23,1878.56,1878.7
2026-08-15 08:45:00+00:00,1878.7,1879.2,1876.53,1877.05
2026-08-15 09:00:00+00:00,1877.04,1877.79,1876.01,1877.79
2026-08-15 09:15:00+00:00,1877.79,1878.49,1877.58,1878.49
2026-08-15 09:30:00+00:00,1878.48,1879.88,1878.48,1879.72
2026-08-15 09:45:00+00:00,1879.71,1881.32,1879.71,1880.44
2026-08-15 10:00:00+00:00,1880.45,1880.58,1878.42,1879.26
2026-08-15 10:15:00+00:00,1879.26,1879.41,1879.25,1879.41
2026-08-15 10:30:00+00:00,1879.42,1880.99,1878.93,1880.14
2026-08-15 10:45:00+00:00,1880.14,1881.39,1880.14,1881.01
2026-08-15 11:00:00+00:00,1881.0,1881.3,1880.57,1880.68
2026-08-15 11:15:00+00:00,1880.68,1880.74,1879.83,1879.92
2026-08-15 11:30:00+00:00,1879.93,1880.43,1879.35,1880.31
2026-08-15 11:45:00+00:00,1880.3,1880.4,1879.24,1879.49
2026-08-15 12:00:00+00:00,1879.49,1879.53,1878.6,1878.6
2026-08-15 12:15:00+00:00,1878.6,1879.11,1878.56,1878.76
2026-08-15 12:30:00+00:00,1878.75,1879.07,1878.37,1878.74
2026-08-15 12:45:00+00:00,1878.74,1883.97,1878.19,1883.86
2026-08-15 13:00:00+00:00,1883.86,1884.86,1882.33,1884.12
2026-08-15 13:15:00+00:00,1884.12,1884.36,1882.76,1883.11
2026-08-15 13:30:00+00:00,1883.11,1883.99,1883.05,1883.43
2026-08-15 13:45:00+00:00,1883.43,1884.93,1883.04,1883.86
2026-08-15 14:00:00+00:00,1883.85,1883.86,1882.52,1883.15
2026-08-15 14:15:00+00:00,1883.15,1883.38,1881.47,1882.14
2026-08-15 14:30:00+00:00,1882.14,1883.01,1882.14,1882.8
2026-08-15 14:45:00+00:00,1882.8,1884.61,1882.53,1883.56
2026-08-15 15:00:00+00:00,1883.55,1884.16,1883.12,1883.66
2026-08-15 15:15:00+00:00,1883.67,1885.0,1883.11,1884.23
2026-08-15 15:30:00+00:00,1884.23,1885.83,1884.15,1885.51
2026-08-15 15:45:00+00:00,1885.52,1885.61,1884.83,1884.91
2026-08-15 16:00:00+00:00,1884.92,1885.36,1883.92,1884.56
2026-08-15 16:15:00+00:00,1884.56,1885.7,1883.95,1885.69
2026-08-15 16:30:00+00:00,1885.69,1885.7,1884.45,1884.45
2026-08-15 16:45:00+00:00,1884.45,1885.17,1884.28,1884.98
2026-08-15 17:00:00+00:00,1884.98,1885.7,1884.91,1885.7
2026-08-15 17:15:00+00:00,1885.7,1886.58,1883.03,1883.29
2026-08-15 17:30:00+00:00,1883.29,1884.29,1883.28,1883.88
2026-08-15 17:45:00+00:00,1883.87,1884.49,1883.78,1884.49
2026-08-15 18:00:00+00:00,1884.49,1885.8,1884.48,1884.54
2026-08-15 18:15:00+00:00,1884.54,1884.83,1882.59,1882.6
2026-08-15 18:30:00+00:00,1882.59,1882.96,1882.59,1882.95
2026-08-15 18:45:00+00:00,1882.95,1883.0,1882.82,1882.82
2026-08-15 19:00:00+00:00,1882.82,1883.26,1882.82,1883.25
2026-08-15 19:15:00+00:00,1883.26,1884.6,1883.26,1884.02
2026-08-15 19:30:00+00:00,1884.02,1884.97,1884.01,1884.27
2026-08-15 19:45:00+00:00,1884.27,1884.84,1884.27,1884.55
2026-08-15 20:00:00+00:00,1884.55,1884.56,1883.9,1883.9
2026-08-15 20:15:00+00:00,1883.9,1883.91,1883.0,1883.21
2026-08-15 20:30:00+00:00,1883.21,1883.22,1882.8,1883.03
2026-08-15 20:45:00+00:00,1883.03,1883.42,1883.03,1883.42
2026-08-15 21:00:00+00:00,1883.41,1884.49,1883.41,1884.06
2026-08-15 21:15:00+00:00,1884.06,1884.81,1884.05,1884.62
2026-08-15 21:30:00+00:00,1884.62,1885.3,1884.6,1885.29
2026-08-15 21:45:00+00:00,1885.29,1885.6,1884.63,1885.17
2026-08-15 22:00:00+00:00,1885.16,1885.64,1884.46,1884.85
2026-08-15 22:15:00+00:00,1884.86,1885.8,1884.68,1885.79
2026-08-15 22:30:00+00:00,1885.8,1885.8,1884.68,1884.82
2026-08-15 22:45:00+00:00,1884.82,1885.5,1884.48,1884.84
2026-08-15 23:00:00+00:00,1884.84,1884.85,1881.98,1883.6
2026-08-15 23:15:00+00:00,1883.6,1883.61,1882.3,1883.17
2026-08-15 23:30:00+00:00,1883.18,1883.88,1882.89,1883.24
2026-08-15 23:45:00+00:00,1883.24,1883.3,1882.61,1882.64
2026-08-16 00:00:00+00:00,1882.64,1883.33,1882.46,1882.72
2026-08-16 00:15:00+00:00,1882.72,1882.75,1882.26,1882.74
2026-08-16 00:30:00+00:00,1882.74,1883.06,1882.22,1882.88
2026-08-16 00:45:00+00:00,1882.88,1883.2,1881.67,1882.57
2026-08-16 01:00:00+00:00,1882.57,1882.57,1880.19,1881.33
2026-08-16 01:15:00+00:00,1881.33,1882.08,1880.42,1880.42
2026-08-16 01:30:00+00:00,1880.41,1880.8,1877.01,1880.61
2026-08-16 01:45:00+00:00,1880.6,1880.61,1879.34,1880.54
2026-08-16 02:00:00+00:00,1880.54,1881.3,1879.09,1879.18
2026-08-16 02:15:00+00:00,1879.18,1885.0,1879.17,1884.22
2026-08-16 02:30:00+00:00,1884.21,1885.0,1883.32,1884.18
2026-08-16 02:45:00+00:00,1884.17,1884.18,1882.98,1883.71
2026-08-16 03:00:00+00:00,1883.71,1884.24,1883.58,1884.08
2026-08-16 03:15:00+00:00,1884.09,1884.28,1883.24,1883.35
2026-08-16 03:30:00+00:00,1883.35,1883.84,1883.34,1883.67
2026-08-16 03:45:00+00:00,1883.67,1883.68,1883.03,1883.3
2026-08-16 04:00:00+00:00,1883.31,1883.56,1882.79,1882.95
2026-08-16 04:15:00+00:00,1882.94,1884.56,1882.8,1884.23
2026-08-16 04:30:00+00:00,1884.23,1884.24,1882.2,1882.67
2026-08-16 04:45:00+00:00,1882.66,1882.67,1880.6,1881.7
2026-08-16 05:00:00+00:00,1881.7,1881.92,1881.29,1881.71
2026-08-16 05:15:00+00:00,1881.7,1881.71,1879.75,1880.63
2026-08-16 05:30:00+00:00,1880.62,1881.34,1880.4,1880.67
2026-08-16 05:45:00+00:00,1880.66,1880.68,1879.16,1879.81
2026-08-16 06:00:00+00:00,1879.82,1880.58,1879.8,1879.8
2026-08-16 06:15:00+00:00,1879.8,1880.11,1879.0,1880.11
2026-08-16 06:30:00+00:00,1880.1,1880.82,1879.66,1880.7
2026-08-16 06:45:00+00:00,1880.69,1881.59,1880.57,1880.58
2026-08-16 07:00:00+00:00,1880.58,1880.58,1879.91,1880.55
2026-08-16 07:15:00+00:00,1880.56,1881.65,1880.55,1881.41
2026-08-16 07:30:00+00:00,1881.4,1881.41,1881.14,1881.14
2026-08-16 07:45:00+00:00,1881.15,1881.54,1881.14,1881.54
2026-08-16 08:00:00+00:00,1881.54,1881.56,1880.8,1880.8
2026-08-16 08:15:00+00:00,1880.8,1880.95,1880.8,1880.8
2026-08-16 08:30:00+00:00,1880.79,1881.24,1880.48,1880.48
2026-08-16 08:45:00+00:00,1880.48,1880.94,1880.48,1880.94
2026-08-16 09:00:00+00:00,1880.94,1882.09,1880.93,1882.09
2026-08-16 09:15:00+00:00,1882.09,1882.52,1881.78,1881.78
2026-08-16 09:30:00+00:00,1881.78,1882.01,1879.87,1880.05
2026-08-16 09:45:00+00:00,1880.05,1881.28,1879.27,1880.43
2026-08-16 10:00:00+00:00,1880.42,1880.78,1879.62,1879.63
2026-08-16 10:15:00+00:00,1879.63,1880.55,1879.62,1880.54
2026-08-16 10:30:00+00:00,1880.55,1880.75,1880.19,1880.74
2026-08-16 10:45:00+00:00,1880.74,1881.17,1880.74,1880.79
2026-08-16 11:00:00+00:00,1880.8,1881.08,1880.71,1880.78
2026-08-16 11:15:00+00:00,1880.78,1880.83,1880.3,1880.64
2026-08-16 11:30:00+00:00,1880.64,1880.82,1880.54,1880.55
2026-08-16 11:45:00+00:00,1880.54,1880.95,1880.16,1880.94
2026-08-16 12:00:00+00:00,1880.94,1880.95,1880.05,1880.05
2026-08-16 12:15:00+00:00,1880.04,1880.62,1880.04,1880.61
2026-08-16 12:30:00+00:00,1880.62,1880.62,1879.32,1879.5
2026-08-16 12:45:00+00:00,1879.51,1880.17,1879.5,1879.83
2026-08-16 13:00:00+00:00,1879.82,1881.11,1879.82,1880.96
2026-08-16 13:15:00+00:00,1880.96,1881.35,1880.81,1880.81
2026-08-16 13:30:00+00:00,1880.81,1881.96,1880.81,1881.53
2026-08-16 13:45:00+00:00,1881.52,1881.97,1881.52,1881.96
2026-08-16 14:00:00+00:00,1881.96,1882.67,1881.96,1882.5
2026-08-16 14:15:00+00:00,1882.5,1884.49,1882.05,1882.06
2026-08-16 14:30:00+00:00,1882.05,1883.74,1882.05,1882.8
2026-08-16 14:45:00+00:00,1882.81,1883.51,1882.8,1883.5
2026-08-16 15:00:00+00:00,1883.51,1883.73,1883.5,1883.68
2026-08-16 15:15:00+00:00,1883.69,1884.0,1883.68,1884.0
2026-08-16 15:30:00+00:00,1884.0,1885.0,1882.33,1882.62
2026-08-16 15:45:00+00:00,1882.63,1884.78,1882.63,1884.06
2026-08-16 16:00:00+00:00,1884.06,1885.7,1884.06,1885.66
2026-08-16 16:15:00+00:00,1885.65,1889.41,1885.4,1888.15
2026-08-16 16:30:00+00:00,1888.15,1892.31,1888.15,1890.17
2026-08-16 16:45:00+00:00,1890.18,1890.73,1888.13,1889.58
2026-08-16 17:00:00+00:00,1889.59,1891.03,1887.66,1888.12
2026-08-16 17:15:00+00:00,1888.13,1888.13,1886.51,1887.32
2026-08-16 17:30:00+00:00,1887.31,1887.32,1883.81,1884.76
2026-08-16 17:45:00+00:00,1884.76,1886.41,1884.75,1885.17
2026-08-16 18:00:00+00:00,1885.18,1885.95,1882.63,1884.61
2026-08-16 18:15:00+00:00,1884.62,1886.41,1884.62,1886.05
2026-08-16 18:30:00+00:00,1886.06,1886.33,1884.62,1885.14
2026-08-16 18:45:00+00:00,1885.14,1885.9,1885.14,1885.49
2026-08-16 19:00:00+00:00,1885.49,1886.96,1885.49,1886.48
2026-08-16 19:15:00+00:00,1886.48,1887.76,1886.14,1887.76
2026-08-16 19:30:00+00:00,1887.76,1888.75,1885.26,1885.44
2026-08-16 19:45:00+00:00,1885.44,1886.39,1884.48,1885.83
2026-08-16 20:00:00+00:00,1885.83,1887.04,1885.6,1887.03
2026-08-16 20:15:00+00:00,1887.03,1887.58,1885.96,1886.29
2026-08-16 20:30:00+00:00,1886.28,1886.29,1882.97,1883.83
2026-08-16 20:45:00+00:00,1883.84,1884.27,1881.59,1882.0
2026-08-16 21:00:00+00:00,1881.99,1882.92,1880.36,1882.0
2026-08-16 21:15:00+00:00,1882.0,1882.91,1879.16,1880.13
2026-08-16 21:30:00+00:00,1880.13,1881.19,1869.17,1874.82
2026-08-16 21:45:00+00:00,1874.81,1876.88,1872.0,1875.56
2026-08-16 22:00:00+00:00,1875.55,1877.8,1870.62,1877.7
2026-08-16 22:15:00+00:00,1877.69,1878.26,1874.68,1875.29
2026-08-16 22:30:00+00:00,1875.29,1875.3,1869.26,1873.47
2026-08-16 22:45:00+00:00,1873.47,1876.05,1872.33,1876.05
2026-08-16 23:00:00+00:00,1876.05,1877.48,1873.91,1873.91
2026-08-16 23:15:00+00:00,1873.91,1876.2,1873.85,1873.9
2026-08-16 23:30:00+00:00,1873.89,1876.23,1873.54,1876.23
2026-08-16 23:45:00+00:00,1876.22,1877.17,1875.35,1876.0
2026-08-17 00:00:00+00:00,1876.01,1876.8,1874.41,1875.77
2026-08-17 00:15:00+00:00,1875.77,1876.63,1872.46,1876.63
2026-08-17 00:30:00+00:00,1876.63,1877.95,1873.22,1877.92
2026-08-17 00:45:00+00:00,1877.92,1880.19,1875.09,1878.93
2026-08-17 01:00:00+00:00,1878.92,1896.9,1878.21,1889.52
2026-08-17 01:15:00+00:00,1889.52,1896.53,1888.5,1894.47
2026-08-17 01:30:00+00:00,1894.48,1897.29,1892.08,1894.72
2026-08-17 01:45:00+00:00,1894.73,1895.38,1891.65,1891.65
2026-08-17 02:00:00+00:00,1891.66,1893.0,1888.72,1890.23
2026-08-17 02:15:00+00:00,1890.22,1895.0,1888.97,1893.78
2026-08-17 02:30:00+00:00,1893.78,1897.0,1892.4,1895.75
2026-08-17 02:45:00+00:00,1895.74,1908.62,1895.6,1902.36
2026-08-17 03:00:00+00:00,1902.35,1905.0,1901.99,1903.03
2026-08-17 03:15:00+00:00,1903.04,1903.52,1898.33,1898.59
2026-08-17 03:30:00+00:00,1898.59,1900.87,1898.06,1900.1
2026-08-17 03:45:00+00:00,1900.1,1903.12,1899.62,1900.92
2026-08-17 04:00:00+00:00,1900.93,1904.62,1900.93,1903.9
2026-08-17 04:15:00+00:00,1903.9,1904.73,1902.6,1902.62
2026-08-17 04:30:00+00:00,1902.63,1903.2,1901.46,1902.32
2026-08-17 04:45:00+00:00,1902.33,1904.5,1902.32,1903.34
2026-08-17 05:00:00+00:00,1903.33,1903.5,1900.01,1901.53
2026-08-17 05:15:00+00:00,1901.54,1904.0,1901.13,1901.31
2026-08-17 05:30:00+00:00,1901.31,1901.35,1898.25,1898.89
2026-08-17 05:45:00+00:00,1898.89,1900.0,1898.59,1899.65
2026-08-17 06:00:00+00:00,1899.66,1901.34,1897.13,1901.02
2026-08-17 06:15:00+00:00,1901.02,1902.04,1900.01,1901.41
2026-08-17 06:30:00+00:00,1901.4,1903.31,1900.83,1903.31
2026-08-17 06:45:00+00:00,1903.31,1912.6,1903.0,1907.05
2026-08-17 07:00:00+00:00,1907.06,1907.93,1903.33,1905.26
2026-08-17 07:15:00+00:00,1905.26,1906.0,1902.72,1905.39
2026-08-17 07:30:00+00:00,1905.39,1905.39,1902.37,1902.4
2026-08-17 07:45:00+00:00,1902.4,1902.77,1900.77,1900.93
2026-08-17 08:00:00+00:00,1900.93,1901.72,1892.9,1895.8
2026-08-17 08:15:00+00:00,1895.81,1896.63,1891.57,1895.37
2026-08-17 08:30:00+00:00,1895.37,1895.65,1892.94,1893.41
2026-08-17 08:45:00+00:00,1893.4,1895.34,1891.92,1894.43
2026-08-17 09:00:00+00:00,1894.44,1897.4,1894.43,1896.88
2026-08-17 09:15:00+00:00,1896.88,1897.4,1894.0,1895.78
2026-08-17 09:30:00+00:00,1895.79,1895.79,1893.5,1893.78
2026-08-17 09:45:00+00:00,1893.77,1894.37,1893.15,1894.02
2026-08-17 10:00:00+00:00,1894.02,1894.12,1892.62,1893.78
2026-08-17 10:15:00+00:00,1893.79,1898.77,1892.16,1898.77
2026-08-17 10:30:00+00:00,1898.76,1907.2,1898.28,1907.2
2026-08-17 10:45:00+00:00,1907.2,1909.49,1904.78,1907.16
2026-08-17 11:00:00+00:00,1907.15,1907.57,1905.73,1907.08
2026-08-17 11:15:00+00:00,1907.08,1907.28,1905.4,1905.88
2026-08-17 11:30:00+00:00,1905.88,1906.72,1905.64,1906.03
2026-08-17 11:45:00+00:00,1906.03,1908.55,1904.09,1904.46
2026-08-17 12:00:00+00:00,1904.46,1906.71,1902.35,1904.45
2026-08-17 12:15:00+00:00,1904.45,1904.46,1898.4,1899.22
2026-08-17 12:30:00+00:00,1899.23,1901.11,1896.46,1898.41
2026-08-17 12:45:00+00:00,1898.41,1900.58,1897.7,1899.22
2026-08-17 13:00:00+00:00,1899.22,1900.68,1897.65,1899.23
2026-08-17 13:15:00+00:00,1899.23,1899.23,1896.28,1898.6
2026-08-17 13:30:00+00:00,1898.59,1909.11,1897.42,1904.52
2026-08-17 13:45:00+00:00,1904.51,1907.7,1902.81,1904.92
2026-08-17 14:00:00+00:00,1904.92,1904.92,1899.48,1902.11
2026-08-17 14:15:00+00:00,1902.1,1903.6,1898.37,1899.85
2026-08-17 14:30:00+00:00,1899.85,1902.62,1898.44,1901.31
2026-08-17 14:45:00+00:00,1901.3,1911.51,1901.0,1909.61
2026-08-17 15:00:00+00:00,1909.61,1909.8,1904.87,1904.87
2026-08-17 15:15:00+00:00,1904.87,1911.0,1904.54,1909.43
2026-08-17 15:30:00+00:00,1909.43,1910.7,1907.12,1909.61
2026-08-17 15:45:00+00:00,1909.61,1915.5,1909.42,1913.22
2026-08-17 16:00:00+00:00,1913.22,1913.85,1908.39,1909.11
2026-08-17 16:15:00+00:00,1909.11,1910.74,1908.11,1908.11
2026-08-17 16:30:00+00:00,1908.11,1910.94,1907.41,1907.71
2026-08-17 16:45:00+00:00,1907.7,1909.07,1905.37,1907.22
2026-08-17 17:00:00+00:00,1907.21,1907.22,1905.01,1905.21
2026-08-17 17:15:00+00:00,1905.21,1914.19,1905.0,1908.64
2026-08-17 17:30:00+00:00,1908.65,1909.55,1904.59,1907.86
2026-08-17 17:45:00+00:00,1907.85,1909.77,1907.85,1908.91
2026-08-17 18:00:00+00:00,1908.9,1909.77,1907.33,1908.74
2026-08-17 18:15:00+00:00,1908.75,1912.91,1908.54,1910.62
2026-08-17 18:30:00+00:00,1910.63,1911.07,1908.54,1910.82
2026-08-17 18:45:00+00:00,1910.82,1911.52,1909.27,1910.01
2026-08-17 19:00:00+00:00,1910.0,1910.2,1906.91,1906.92
2026-08-17 19:15:00+00:00,1906.91,1910.43,1906.69,1909.84
2026-08-17 19:30:00+00:00,1909.83,1910.92,1907.73,1909.64
2026-08-17 19:45:00+00:00,1909.63,1909.64,1907.1,1907.25
2026-08-17 20:00:00+00:00,1907.24,1907.64,1905.88,1906.62
2026-08-17 20:15:00+00:00,1906.63,1909.18,1905.0,1908.81
2026-08-17 20:30:00+00:00,1908.81,1910.6,1907.19,1910.6
2026-08-17 20:45:00+00:00,1910.6,1910.77,1905.32,1906.73
2026-08-17 21:00:00+00:00,1906.73,1908.82,1906.36,1908.15
2026-08-17 21:15:00+00:00,1908.15,1908.49,1906.07,1906.24
2026-08-17 21:30:00+00:00,1906.23,1907.62,1905.91,1906.31
2026-08-17 21:45:00+00:00,1906.31,1907.06,1905.99,1906.35
2026-08-17 22:00:00+00:00,1906.35,1908.03,1905.2,1905.23
2026-08-17 22:15:00+00:00,1905.22,1906.06,1903.59,1904.22
2026-08-17 22:30:00+00:00,1904.21,1905.17,1903.59,1904.53
2026-08-17 22:45:00+00:00,1904.53,1904.89,1904.24,1904.55
2026-08-17 23:00:00+00:00,1904.56,1908.36,1904.01,1908.03
2026-08-17 23:15:00+00:00,1908.03,1915.33,1908.0,1915.33
2026-08-17 23:30:00+00:00,1915.33,1918.71,1912.54,1912.55
2026-08-17 23:45:00+00:00,1912.55,1914.48,1912.41,1913.6
2026-08-18 00:00:00+00:00,1913.59,1914.38,1910.21,1910.67
2026-08-18 00:15:00+00:00,1910.68,1913.0,1910.67,1911.92
2026-08-18 00:30:00+00:00,1911.92,1911.92,1908.62,1909.88
2026-08-18 00:45:00+00:00,1909.89,1910.25,1909.01,1910.11
2026-08-18 01:00:00+00:00,1910.12,1910.33,1906.21,1908.24
2026-08-18 01:15:00+00:00,1908.24,1908.47,1906.87,1907.31
2026-08-18 01:30:00+00:00,1907.31,1907.95,1903.93,1905.14
2026-08-18 01:45:00+00:00,1905.15,1905.15,1899.78,1901.54
2026-08-18 02:00:00+00:00,1901.53,1903.6,1899.77,1899.78
2026-08-18 02:15:00+00:00,1899.77,1900.69,1897.75,1897.76
2026-08-18 02:30:00+00:00,1897.75,1898.22,1894.06,1894.6
2026-08-18 02:45:00+00:00,1894.6,1896.64,1889.28,1893.19
2026-08-18 03:00:00+00:00,1893.19,1895.3,1891.58,1891.66
2026-08-18 03:15:00+00:00,1891.66,1893.9,1889.25,1891.03
2026-08-18 03:30:00+00:00,1891.03,1895.46,1885.78,1895.46
2026-08-18 03:45:00+00:00,1895.45,1895.49,1893.72,1894.69
2026-08-18 04:00:00+00:00,1894.68,1895.5,1891.53,1895.08
2026-08-18 04:15:00+00:00,1895.08,1895.08,1893.88,1894.85
2026-08-18 04:30:00+00:00,1894.85,1897.43,1894.85,1896.88
2026-08-18 04:45:00+00:00,1896.89,1897.7,1895.85,1896.66
2026-08-18 05:00:00+00:00,1896.66,1898.95,1895.16,1897.84
2026-08-18 05:15:00+00:00,1897.84,1898.59,1895.86,1896.11
2026-08-18 05:30:00+00:00,1896.1,1896.93,1892.75,1896.9
2026-08-18 05:45:00+00:00,1896.9,1896.91,1895.11,1895.63
2026-08-18 06:00:00+00:00,1895.62,1897.09,1893.64,1896.33
2026-08-18 06:15:00+00:00,1896.33,1900.6,1896.32,1900.08
2026-08-18 06:30:00+00:00,1900.09,1906.94,1900.09,1905.49
2026-08-18 06:45:00+00:00,1905.49,1906.16,1901.09,1902.83
2026-08-18 07:00:00+00:00,1902.84,1903.27,1901.53,1902.48
2026-08-18 07:15:00+00:00,1902.48,1902.84,1899.48,1899.48
2026-08-18 07:30:00+00:00,1899.48,1902.34,1898.92,1900.35
2026-08-18 07:45:00+00:00,1900.34,1900.35,1897.07,1898.84
2026-08-18 08:00:00+00:00,1898.83,1899.04,1893.8,1897.18
2026-08-18 08:15:00+00:00,1897.19,1900.4,1897.19,1897.82
2026-08-18 08:30:00+00:00,1897.82,1901.83,1897.43,1900.01
2026-08-18 08:45:00+00:00,1900.0,1900.39,1898.1,1900.3
2026-08-18 09:00:00+00:00,1900.31,1900.31,1898.23,1898.97
2026-08-18 09:15:00+00:00,1898.97,1899.11,1895.58,1896.36
2026-08-18 09:30:00+00:00,1896.37,1897.75,1895.87,1896.58
2026-08-18 09:45:00+00:00,1896.57,1897.52,1895.95,1896.93
2026-08-18 10:00:00+00:00,1896.93,1898.38,1895.21,1896.12
2026-08-18 10:15:00+00:00,1896.12,1897.0,1895.4,1896.77
2026-08-18 10:30:00+00:00,1896.78,1899.56,1896.69,1897.49
2026-08-18 10:45:00+00:00,1897.49,1898.35,1897.49,1898.02
2026-08-18 11:00:00+00:00,1898.01,1902.01,1897.65,1902.0
2026-08-18 11:15:00+00:00,1902.01,1905.65,1902.0,1904.89
2026-08-18 11:30:00+00:00,1904.89,1905.32,1903.91,1904.58
2026-08-18 11:45:00+00:00,1904.58,1905.17,1902.77,1903.11
2026-08-18 12:00:00+00:00,1903.12,1904.07,1901.05,1901.6
2026-08-18 12:15:00+00:00,1901.6,1902.73,1900.72,1901.59
2026-08-18 12:30:00+00:00,1901.59,1901.82,1899.61,1899.61
2026-08-18 12:45:00+00:00,1899.6,1900.96,1899.11,1899.48
2026-08-18 13:00:00+00:00,1899.48,1899.48,1897.16,1898.11
2026-08-18 13:15:00+00:00,1898.11,1898.11,1895.64,1895.8
2026-08-18 13:30:00+00:00,1895.8,1900.0,1894.0,1897.28
2026-08-18 13:45:00+00:00,1897.27,1900.0,1894.72,1897.84
2026-08-18 14:00:00+00:00,1897.84,1902.32,1897.69,1897.93
2026-08-18 14:15:00+00:00,1897.92,1919.7,1897.31,1918.23
2026-08-18 14:30:00+00:00,1918.23,1923.27,1911.22,1912.36
2026-08-18 14:45:00+00:00,1912.36,1915.76,1909.22,1911.02
2026-08-18 15:00:00+00:00,1911.03,1917.27,1908.44,1912.66
2026-08-18 15:15:00+00:00,1912.66,1917.0,1912.33,1916.01
2026-08-18 15:30:00+00:00,1916.01,1919.93,1915.43,1916.97
2026-08-18 15:45:00+00:00,1916.96,1918.63,1915.7,1917.7
2026-08-18 16:00:00+00:00,1917.71,1919.4,1914.67,1914.95
2026-08-18 16:15:00+00:00,1914.95,1915.92,1913.5,1913.68
2026-08-18 16:30:00+00:00,1913.68,1918.9,1912.78,1918.27
2026-08-18 16:45:00+00:00,1918.27,1922.3,1917.88,1918.47
2026-08-18 17:00:00+00:00,1918.47,1918.62,1914.78,1915.7
2026-08-18 17:15:00+00:00,1915.71,1917.0,1914.53,1916.31
2026-08-18 17:30:00+00:00,1916.31,1916.39,1913.0,1914.16
2026-08-18 17:45:00+00:00,1914.15,1914.41,1911.34,1911.38
2026-08-18 18:00:00+00:00,1911.38,1914.32,1910.81,1914.32
2026-08-18 18:15:00+00:00,1914.31,1916.4,1914.14,1916.39
2026-08-18 18:30:00+00:00,1916.39,1917.54,1915.67,1915.99
2026-08-18 18:45:00+00:00,1915.99,1917.24,1915.59,1916.6
2026-08-18 19:00:00+00:00,1916.6,1916.6,1914.18,1914.19
2026-08-18 19:15:00+00:00,1914.19,1917.58,1913.33,1916.7
2026-08-18 19:30:00+00:00,1916.7,1916.89,1914.58,1914.72
2026-08-18 19:45:00+00:00,1914.72,1915.26,1913.14,1913.28
2026-08-18 20:00:00+00:00,1913.28,1914.62,1911.98,1914.62
2026-08-18 20:15:00+00:00,1914.61,1914.62,1912.27,1913.05
2026-08-18 20:30:00+00:00,1913.05,1915.71,1912.84,1913.93
2026-08-18 20:45:00+00:00,1913.94,1914.23,1911.81,1913.02
2026-08-18 21:00:00+00:00,1913.01,1915.01,1913.01,1913.63
2026-08-18 21:15:00+00:00,1913.63,1914.12,1913.01,1913.37
2026-08-18 21:30:00+00:00,1913.37,1913.38,1910.87,1911.82
2026-08-18 21:45:00+00:00,1911.81,1912.41,1911.26,1912.22
2026-08-18 22:00:00+00:00,1912.21,1914.92,1911.81,1913.93
2026-08-18 22:15:00+00:00,1913.92,1915.0,1913.07,1914.58
2026-08-18 22:30:00+00:00,1914.58,1915.35,1913.71,1913.79
2026-08-18 22:45:00+00:00,1913.78,1913.86,1912.56,1913.42
2026-08-18 23:00:00+00:00,1913.42,1916.93,1912.97,1916.69
2026-08-18 23:15:00+00:00,1916.7,1919.34,1916.7,1918.66
2026-08-18 23:30:00+00:00,1918.65,1920.0,1918.65,1919.41
2026-08-18 23:45:00+00:00,1919.4,1920.1,1917.21,1917.85
2026-08-19 00:00:00+00:00,1917.85,1918.8,1912.14,1913.61
2026-08-19 00:15:00+00:00,1913.6,1919.15,1912.42,1916.48
2026-08-19 00:30:00+00:00,1916.47,1918.0,1914.13,1914.89
2026-08-19 00:45:00+00:00,1914.88,1915.72,1913.3,1913.62
2026-08-19 01:00:00+00:00,1913.62,1918.08,1912.76,1916.6
2026-08-19 01:15:00+00:00,1916.6,1916.63,1912.28,1915.35
2026-08-19 01:30:00+00:00,1915.35,1915.68,1912.8,1914.02
2026-08-19 01:45:00+00:00,1914.02,1915.13,1912.98,1913.68
2026-08-19 02:00:00+00:00,1913.68,1913.88,1911.06,1912.73
2026-08-19 02:15:00+00:00,1912.73,1912.73,1907.43,1910.38
2026-08-19 02:30:00+00:00,1910.38,1910.51,1908.5,1909.07
2026-08-19 02:45:00+00:00,1909.07,1910.48,1907.51,1907.7
2026-08-19 03:00:00+00:00,1907.71,1911.81,1906.19,1911.6
2026-08-19 03:15:00+00:00,1911.6,1915.57,1911.52,1912.8
2026-08-19 03:30:00+00:00,1912.8,1912.9,1910.72,1912.06
2026-08-19 03:45:00+00:00,1912.06,1913.88,1911.32,1912.15
2026-08-19 04:00:00+00:00,1912.15,1912.15,1910.38,1910.95
2026-08-19 04:15:00+00:00,1910.96,1913.78,1910.95,1912.35
2026-08-19 04:30:00+00:00,1912.34,1914.56,1911.38,1911.58
2026-08-19 04:45:00+00:00,1911.59,1912.74,1910.17,1910.85
2026-08-19 05:00:00+00:00,1910.84,1914.14,1910.36,1913.31
2026-08-19 05:15:00+00:00,1913.3,1913.79,1911.05,1913.6
2026-08-19 05:30:00+00:00,1913.6,1914.12,1912.13,1912.65
2026-08-19 05:45:00+00:00,1912.64,1912.65,1909.97,1910.27
2026-08-19 06:00:00+00:00,1910.28,1911.17,1906.0,1907.06
2026-08-19 06:15:00+00:00,1907.07,1912.97,1907.06,1910.91
2026-08-19 06:30:00+00:00,1910.91,1912.18,1909.82,1912.13
2026-08-19 06:45:00+00:00,1912.13,1917.64,1912.13,1917.63
2026-08-19 07:00:00+00:00,1917.64,1920.97,1915.4,1920.89
2026-08-19 07:15:00+00:00,1920.9,1920.91,1917.55,1917.98
2026-08-19 07:30:00+00:00,1917.98,1921.32,1917.57,1919.65
2026-08-19 07:45:00+00:00,1919.65,1920.49,1915.71,1916.01
2026-08-19 08:00:00+00:00,1916.01,1917.98,1915.92,1915.92
2026-08-19 08:15:00+00:00,1915.92,1917.17,1915.32,1917.16
2026-08-19 08:30:00+00:00,1917.16,1929.94,1917.16,1924.35
2026-08-19 08:45:00+00:00,1924.35,1926.71,1921.52,1921.52
2026-08-19 09:00:00+00:00,1921.52,1923.85,1921.38,1922.36
2026-08-19 09:15:00+00:00,1922.36,1923.55,1921.02,1921.1
2026-08-19 09:30:00+00:00,1921.11,1921.25,1918.2,1918.49
2026-08-19 09:45:00+00:00,1918.49,1919.48,1918.25,1919.3
2026-08-19 10:00:00+00:00,1919.3,1919.3,1917.7,1918.83
2026-08-19 10:15:00+00:00,1918.83,1919.46,1917.31,1918.37
2026-08-19 10:30:00+00:00,1918.37,1919.23,1917.7,1918.99
2026-08-19 10:45:00+00:00,1918.98,1920.24,1918.61,1920.22
2026-08-19 11:00:00+00:00,1920.23,1926.43,1919.92,1924.75
2026-08-19 11:15:00+00:00,1924.75,1924.76,1920.27,1922.1
2026-08-19 11:30:00+00:00,1922.1,1924.15,1922.09,1922.15
2026-08-19 11:45:00+00:00,1922.15,1923.2,1922.14,1923.06
2026-08-19 12:00:00+00:00,1923.06,1924.15,1922.05,1924.14
2026-08-19 12:15:00+00:00,1924.15,1924.15,1922.82,1923.32
2026-08-19 12:30:00+00:00,1923.33,1933.51,1922.54,1933.05
2026-08-19 12:45:00+00:00,1933.05,1943.21,1932.12,1937.21
2026-08-19 13:00:00+00:00,1937.21,1938.44,1932.74,1935.83
2026-08-19 13:15:00+00:00,1935.82,1939.21,1935.68,1937.55
2026-08-19 13:30:00+00:00,1937.56,1941.65,1928.1,1932.86
2026-08-19 13:45:00+00:00,1932.85,1934.89,1928.69,1932.9
2026-08-19 14:00:00+00:00,1932.91,1939.18,1932.79,1937.05
2026-08-19 14:15:00+00:00,1937.05,1939.53,1935.56,1936.31
2026-08-19 14:30:00+00:00,1936.3,1941.39,1932.98,1940.0
2026-08-19 14:45:00+00:00,1939.99,1980.0,1939.59,1970.6
2026-08-19 15:00:00+00:00,1970.61,2020.0,1967.4,2011.73
2026-08-19 15:15:00+00:00,2011.73,2115.0,2008.45,2074.79
2026-08-19 15:30:00+00:00,2074.78,2089.9,2056.99,2087.16
2026-08-19 15:45:00+00:00,2087.16,2089.39,2076.52,2085.83
2026-08-19 16:00:00+00:00,2085.83,2108.0,2082.24,2089.66
2026-08-19 16:15:00+00:00,2089.66,2103.0,2089.46,2100.09
2026-08-19 16:30:00+00:00,2100.1,2101.3,2085.46,2089.02
2026-08-19 16:45:00+00:00,2089.01,2093.6,2086.0,2089.55
2026-08-19 17:00:00+00:00,2089.55,2090.62,2078.52,2079.43
2026-08-19 17:15:00+00:00,2079.43,2079.97,2067.43,2078.41
2026-08-19 17:30:00+00:00,2078.41,2087.0,2071.2,2085.77
2026-08-19 17:45:00+00:00,2085.77,2093.11,2085.23,2091.02
2026-08-19 18:00:00+00:00,2091.03,2092.5,2079.04,2085.42
2026-08-19 18:15:00+00:00,2085.43,2089.48,2084.81,2087.02
2026-08-19 18:30:00+00:00,2087.03,2091.31,2085.78,2090.28
2026-08-19 18:45:00+00:00,2090.29,2092.6,2088.38,2091.93
2026-08-19 19:00:00+00:00,2091.92,2102.48,2088.92,2090.15
2026-08-19 19:15:00+00:00,2090.15,2100.97,2090.14,2092.95
2026-08-19 19:30:00+00:00,2092.95,2101.36,2091.49,2099.45
2026-08-19 19:45:00+00:00,2099.45,2105.4,2097.11,2102.02
2026-08-19 20:00:00+00:00,2102.02,2119.82,2102.02,2113.35
2026-08-19 20:15:00+00:00,2113.35,2132.95,2108.3,2125.95
2026-08-19 20:30:00+00:00,2125.95,2129.71,2121.75,2124.55
2026-08-19 20:45:00+00:00,2124.55,2241.56,2122.98,2218.12
2026-08-19 21:00:00+00:00,2218.13,2333.65,2215.88,2259.69
2026-08-19 21:15:00+00:00,2259.7,2294.1,2254.3,2283.48
2026-08-19 21:30:00+00:00,2283.49,2298.78,2268.76,2284.99
2026-08-19 21:45:00+00:00,2284.99,2305.52,2278.05,2286.0
2026-08-19 22:00:00+00:00,2286.0,2290.0,2261.36,2267.98
2026-08-19 22:15:00+00:00,2267.97,2273.72,2256.86,2256.86
2026-08-19 22:30:00+00:00,2256.86,2266.84,2241.27,2258.74
2026-08-19 22:45:00+00:00,2258.74,2259.47,2243.9,2249.99
2026-08-19 23:00:00+00:00,2250.0,2252.56,2243.36,2246.32
2026-08-19 23:15:00+00:00,2246.33,2255.17,2243.86,2252.48
2026-08-19 23:30:00+00:00,2252.48,2261.7,2246.09,2257.53
2026-08-19 23:45:00+00:00,2257.53,2257.7,2247.84,2252.8
2026-08-20 00:00:00+00:00,2252.81,2262.59,2251.93,2259.51
2026-08-20 00:15:00+00:00,2259.5,2269.77,2257.67,2264.16
2026-08-20 00:30:00+00:00,2264.17,2274.25,2261.66,2268.84
2026-08-20 00:45:00+00:00,2268.87,2274.12,2255.83,2262.24
2026-08-20 01:00:00+00:00,2262.24,2268.12,2250.0,2257.43
2026-08-20 01:15:00+00:00,2257.44,2260.9,2252.76,2254.68
2026-08-20 01:30:00+00:00,2254.67,2266.48,2252.35,2265.78
2026-08-20 01:45:00+00:00,2265.78,2270.94,2265.06,2266.66
2026-08-20 02:00:00+00:00,2266.66,2270.68,2264.66,2268.37
2026-08-20 02:15:00+00:00,2268.36,2268.88,2257.46,2258.28
2026-08-20 02:30:00+00:00,2258.27,2262.51,2254.5,2257.29
2026-08-20 02:45:00+00:00,2257.29,2258.0,2250.0,2251.89
2026-08-20 03:00:00+00:00,2251.88,2252.36,2221.54,2228.63
2026-08-20 03:15:00+00:00,2228.63,2243.01,2228.38,2234.52
2026-08-20 03:30:00+00:00,2234.53,2251.7,2234.52,2250.54
2026-08-20 03:45:00+00:00,2250.54,2257.58,2249.84,2251.21
2026-08-20 04:00:00+00:00,2251.21,2258.39,2249.59,2255.79
2026-08-20 04:15:00+00:00,2255.79,2257.21,2253.27,2255.92
2026-08-20 04:30:00+00:00,2255.92,2256.54,2248.46,2251.0
2026-08-20 04:45:00+00:00,2251.0,2257.33,2250.27,2250.28
2026-08-20 05:00:00+00:00,2250.27,2254.81,2249.67,2249.67
2026-08-20 05:15:00+00:00,2249.68,2256.99,2249.67,2252.01
2026-08-20 05:30:00+00:00,2252.01,2254.37,2250.6,2251.83
2026-08-20 05:45:00+00:00,2251.83,2251.83,2243.86,2248.36
2026-08-20 06:00:00+00:00,2248.36,2248.75,2238.97,2243.59
2026-08-20 06:15:00+00:00,2243.58,2255.67,2242.21,2251.41
2026-08-20 06:30:00+00:00,2251.41,2263.68,2251.1,2262.19
2026-08-20 06:45:00+00:00,2262.2,2267.3,2261.6,2262.76
2026-08-20 07:00:00+00:00,2262.77,2264.77,2256.58,2256.59
2026-08-20 07:15:00+00:00,2256.58,2258.0,2248.83,2253.17
2026-08-20 07:30:00+00:00,2253.17,2253.17,2244.94,2245.09
2026-08-20 07:45:00+00:00,2245.08,2251.81,2244.1,2251.81
2026-08-20 08:00:00+00:00,2251.81,2287.26,2249.19,2284.03
2026-08-20 08:15:00+00:00,2284.02,2284.64,2270.24,2278.34
2026-08-20 08:30:00+00:00,2278.35,2278.44,2266.08,2275.45
2026-08-20 08:45:00+00:00,2275.44,2286.09,2273.85,2282.25
2026-08-20 09:00:00+00:00,2282.26,2297.38,2277.52,2294.99
2026-08-20 09:15:00+00:00,2295.0,2298.39,2284.55,2284.56
2026-08-20 09:30:00+00:00,2284.56,2294.13,2278.63,2289.33
2026-08-20 09:45:00+00:00,2289.32,2290.36,2275.23,2278.56
2026-08-20 10:00:00+00:00,2278.56,2289.72,2275.54,2288.44
2026-08-20 10:15:00+00:00,2288.45,2295.87,2282.51,2286.08
2026-08-20 10:30:00+00:00,2286.08,2288.0,2281.0,2281.72
2026-08-20 10:45:00+00:00,2281.73,2287.0,2280.54,2287.0
2026-08-20 11:00:00+00:00,2286.99,2295.49,2282.31,2288.83
2026-08-20 11:15:00+00:00,2288.83,2296.78,2285.15,2295.37
2026-08-20 11:30:00+00:00,2295.36,2315.81,2294.03,2307.26
2026-08-20 11:45:00+00:00,2307.26,2320.0,2294.0,2296.58
2026-08-20 12:00:00+00:00,2296.59,2300.97,2268.89,2274.43
2026-08-20 12:15:00+00:00,2274.42,2282.08,2273.29,2279.05
2026-08-20 12:30:00+00:00,2279.05,2284.87,2274.28,2281.07
2026-08-20 12:45:00+00:00,2281.07,2293.19,2268.0,2290.23
2026-08-20 13:00:00+00:00,2290.23,2298.19,2286.9,2294.6
2026-08-20 13:15:00+00:00,2294.61,2295.99,2287.7,2288.36
2026-08-20 13:30:00+00:00,2288.36,2288.66,2255.68,2274.91
2026-08-20 13:45:00+00:00,2274.9,2281.74,2266.0,2276.91
2026-08-20 14:00:00+00:00,2276.92,2289.33,2275.69,2281.32
2026-08-20 14:15:00+00:00,2281.33,2282.58,2271.83,2274.32
2026-08-20 14:30:00+00:00,2274.32,2285.96,2273.71,2276.87
2026-08-20 14:45:00+00:00,2276.88,2281.25,2271.48,2281.24
2026-08-20 15:00:00+00:00,2281.24,2307.05,2281.24,2297.82
2026-08-20 15:15:00+00:00,2297.81,2314.2,2292.62,2313.78
2026-08-20 15:30:00+00:00,2313.78,2323.49,2298.01,2303.46
2026-08-20 15:45:00+00:00,2303.45,2337.89,2303.01,2326.41
2026-08-20 16:00:00+00:00,2326.4,2331.6,2317.71,2319.71
2026-08-20 16:15:00+00:00,2319.72,2326.94,2314.44,2326.19
2026-08-20 16:30:00+00:00,2326.19,2360.0,2320.4,2348.94
2026-08-20 16:45:00+00:00,2348.94,2349.64,2336.86,2344.48
2026-08-20 17:00:00+00:00,2344.48,2345.0,2332.44,2337.73
2026-08-20 17:15:00+00:00,2337.74,2346.33,2335.07,2344.19
2026-08-20 17:30:00+00:00,2344.2,2348.0,2339.32,2344.61
2026-08-20 17:45:00+00:00,2344.61,2351.28,2342.52,2344.26
2026-08-20 18:00:00+00:00,2344.25,2348.11,2325.56,2331.42
2026-08-20 18:15:00+00:00,2331.42,2334.4,2320.0,2326.25
2026-08-20 18:30:00+00:00,2326.25,2326.87,2310.44,2316.79
2026-08-20 18:45:00+00:00,2316.79,2323.47,2314.2,2316.38
2026-08-20 19:00:00+00:00,2316.37,2323.79,2312.14,2321.33
2026-08-20 19:15:00+00:00,2321.33,2330.46,2321.32,2328.15
2026-08-20 19:30:00+00:00,2328.14,2332.6,2323.16,2329.95
2026-08-20 19:45:00+00:00,2329.95,2332.05,2320.52,2323.77
2026-08-20 20:00:00+00:00,2323.78,2327.47,2319.93,2320.56
2026-08-20 20:15:00+00:00,2320.56,2330.0,2317.9,2327.28
2026-08-20 20:30:00+00:00,2327.29,2331.5,2317.71,2320.35
2026-08-20 20:45:00+00:00,2320.35,2320.74,2313.81,2318.58
2026-08-20 21:00:00+00:00,2318.58,2323.04,2313.32,2321.88
2026-08-20 21:15:00+00:00,2321.88,2325.6,2314.23,2314.83
2026-08-20 21:30:00+00:00,2314.83,2322.54,2314.36,2319.52
2026-08-20 21:45:00+00:00,2319.52,2320.73,2316.27,2318.81
2026-08-20 22:00:00+00:00,2318.81,2319.45,2306.67,2311.92
2026-08-20 22:15:00+00:00,2311.87,2317.99,2308.23,2314.85
2026-08-20 22:30:00+00:00,2314.86,2315.79,2310.53,2312.14
2026-08-20 22:45:00+00:00,2312.14,2318.89,2311.83,2314.42
2026-08-20 23:00:00+00:00,2314.42,2322.53,2313.1,2322.53
2026-08-20 23:15:00+00:00,2322.52,2340.0,2321.83,2331.45
2026-08-20 23:30:00+00:00,2331.46,2334.85,2324.84,2325.76
2026-08-20 23:45:00+00:00,2325.77,2329.56,2323.58,2326.82
2026-08-21 00:00:00+00:00,2326.83,2338.43,2324.99,2337.67
2026-08-21 00:15:00+00:00,2337.66,2348.0,2331.59,2337.62
2026-08-21 00:30:00+00:00,2337.62,2351.15,2332.03,2337.89
2026-08-21 00:45:00+00:00,2337.86,2350.87,2334.44,2340.82
2026-08-21 01:00:00+00:00,2340.82,2348.49,2338.0,2345.75
2026-08-21 01:15:00+00:00,2345.74,2366.9,2338.6,2353.1
2026-08-21 01:30:00+00:00,2353.1,2369.5,2348.36,2357.37
2026-08-21 01:45:00+00:00,2357.37,2380.82,2356.04,2359.37
2026-08-21 02:00:00+00:00,2359.37,2362.71,2343.17,2354.08
2026-08-21 02:15:00+00:00,2354.09,2360.51,2340.0,2359.32
2026-08-21 02:30:00+00:00,2359.32,2365.0,2352.97,2355.87
2026-08-21 02:45:00+00:00,2355.88,2356.17,2344.6,2345.75
2026-08-21 03:00:00+00:00,2345.75,2349.02,2337.23,2345.38
2026-08-21 03:15:00+00:00,2345.38,2350.45,2340.88,2349.62
2026-08-21 03:30:00+00:00,2349.63,2354.5,2346.05,2349.52
2026-08-21 03:45:00+00:00,2349.51,2354.5,2340.88,2341.04
2026-08-21 04:00:00+00:00,2341.05,2350.74,2341.05,2346.22
2026-08-21 04:15:00+00:00,2346.22,2350.36,2344.25,2344.72
2026-08-21 04:30:00+00:00,2344.72,2351.07,2343.62,2350.38
2026-08-21 04:45:00+00:00,2350.37,2356.0,2349.08,2354.42
2026-08-21 05:00:00+00:00,2354.43,2359.96,2349.84,2359.0
2026-08-21 05:15:00+00:00,2359.0,2362.5,2349.67,2353.89
2026-08-21 05:30:00+00:00,2353.89,2358.09,2351.52,2354.61
2026-08-21 05:45:00+00:00,2354.62,2368.76,2352.8,2368.42
2026-08-21 06:00:00+00:00,2368.42,2378.7,2364.09,2365.69
2026-08-21 06:15:00+00:00,2365.69,2368.78,2355.15,2360.8
2026-08-21 06:30:00+00:00,2360.81,2374.08,2360.7,2369.66
2026-08-21 06:45:00+00:00,2369.65,2384.17,2364.62,2372.47
2026-08-21 07:00:00+00:00,2372.48,2387.22,2370.71,2386.47
2026-08-21 07:15:00+00:00,2386.47,2398.71,2377.94,2381.74
2026-08-21 07:30:00+00:00,2381.73,2389.32,2372.18,2380.78
2026-08-21 07:45:00+00:00,2380.78,2383.18,2362.66,2371.66
2026-08-21 08:00:00+00:00,2371.67,2391.74,2370.24,2383.74
2026-08-21 08:15:00+00:00,2383.74,2392.42,2378.94,2387.38
2026-08-21 08:30:00+00:00,2387.38,2415.84,2386.19,2409.71
2026-08-21 08:45:00+00:00,2409.71,2447.98,2408.06,2444.2
2026-08-21 09:00:00+00:00,2444.2,2446.23,2376.32,2398.71
2026-08-21 09:15:00+00:00,2398.71,2400.0,2384.01,2389.47
2026-08-21 09:30:00+00:00,2389.47,2411.66,2385.95,2407.99
2026-08-21 09:45:00+00:00,2407.98,2416.25,2391.94,2404.0
2026-08-21 10:00:00+00:00,2404.0,2406.22,2394.22,2401.21
2026-08-21 10:15:00+00:00,2401.21,2411.84,2390.64,2400.3
2026-08-21 10:30:00+00:00,2400.3,2402.04,2391.31,2397.72
2026-08-21 10:45:00+00:00,2397.73,2405.54,2393.78,2395.33
2026-08-21 11:00:00+00:00,2395.32,2399.18,2377.11,2386.34
2026-08-21 11:15:00+00:00,2386.34,2389.0,2372.45,2385.78
2026-08-21 11:30:00+00:00,2385.79,2386.76,2357.18,2374.1
2026-08-21 11:45:00+00:00,2374.09,2377.49,2362.05,2370.47
2026-08-21 12:00:00+00:00,2370.48,2380.56,2365.44,2379.01
2026-08-21 12:15:00+00:00,2379.01,2379.46,2369.47,2375.19
2026-08-21 12:30:00+00:00,2375.19,2395.76,2373.3,2394.58
2026-08-21 12:45:00+00:00,2394.57,2397.5,2385.17,2388.62
2026-08-21 13:00:00+00:00,2388.62,2396.82,2384.22,2390.93
2026-08-21 13:15:00+00:00,2390.93,2391.18,2381.87,2386.8
2026-08-21 13:30:00+00:00,2386.8,2399.0,2368.08,2395.42
2026-08-21 13:45:00+00:00,2395.41,2406.41,2382.11,2387.65
2026-08-21 14:00:00+00:00,2387.65,2387.65,2374.08,2379.29
2026-08-21 14:15:00+00:00,2379.3,2392.31,2369.41,2392.25
2026-08-21 14:30:00+00:00,2392.26,2397.45,2376.87,2385.85
2026-08-21 14:45:00+00:00,2385.84,2394.44,2385.84,2393.67
2026-08-21 15:00:00+00:00,2393.67,2406.31,2391.53,2402.74
2026-08-21 15:15:00+00:00,2402.73,2408.55,2397.29,2398.81
2026-08-21 15:30:00+00:00,2398.8,2403.81,2394.64,2400.2
2026-08-21 15:45:00+00:00,2400.21,2404.0,2389.02,2393.65
2026-08-21 16:00:00+00:00,2393.64,2397.81,2384.3,2384.74
2026-08-21 16:15:00+00:00,2384.73,2403.26,2384.0,2402.91
2026-08-21 16:30:00+00:00,2402.91,2403.55,2399.13,2401.6
2026-08-21 16:45:00+00:00,2401.6,2413.14,2400.51,2405.97
2026-08-21 17:00:00+00:00,2405.97,2421.47,2404.62,2415.55
2026-08-21 17:15:00+00:00,2415.56,2416.55,2402.1,2416.55
2026-08-21 17:30:00+00:00,2416.55,2426.61,2414.76,2419.9
2026-08-21 17:45:00+00:00,2419.91,2428.0,2416.99,2423.61
2026-08-21 18:00:00+00:00,2423.61,2427.69,2417.61,2422.52
2026-08-21 18:15:00+00:00,2422.52,2432.35,2422.52,2424.67
2026-08-21 18:30:00+00:00,2424.68,2426.55,2406.4,2408.73
2026-08-21 18:45:00+00:00,2408.73,2422.37,2395.89,2420.71
2026-08-21 19:00:00+00:00,2420.72,2420.92,2407.56,2415.5
2026-08-21 19:15:00+00:00,2415.49,2419.99,2408.07,2418.66
2026-08-21 19:30:00+00:00,2418.66,2420.62,2413.9,2417.49
2026-08-21 19:45:00+00:00,2417.48,2418.75,2412.99,2413.55
2026-08-21 20:00:00+00:00,2413.54,2430.66,2408.86,2425.86
2026-08-21 20:15:00+00:00,2425.86,2447.85,2425.86,2445.24
2026-08-21 20:30:00+00:00,2445.24,2445.24,2433.14,2437.79
2026-08-21 20:45:00+00:00,2437.79,2445.0,2427.45,2441.05
2026-08-21 21:00:00+00:00,2441.05,2459.9,2434.71,2449.61
2026-08-21 21:15:00+00:00,2449.61,2489.0,2444.68,2479.99
2026-08-21 21:30:00+00:00,2479.99,2497.0,2474.63,2484.81
2026-08-21 21:45:00+00:00,2484.89,2520.86,2482.98,2513.27
2026-08-21 22:00:00+00:00,2513.26,2546.78,2506.88,2541.63
2026-08-21 22:15:00+00:00,2541.62,2543.12,2528.3,2532.95
2026-08-21 22:30:00+00:00,2532.96,2534.9,2509.23,2529.6
2026-08-21 22:45:00+00:00,2529.59,2529.59,2513.68,2521.89
2026-08-21 23:00:00+00:00,2521.89,2527.0,2515.44,2524.51
2026-08-21 23:15:00+00:00,2524.52,2546.42,2521.97,2525.6
2026-08-21 23:30:00+00:00,2525.61,2531.03,2512.46,2524.05
2026-08-21 23:45:00+00:00,2524.04,2525.57,2510.0,2516.3
2026-08-22 00:00:00+00:00,2516.31,2522.99,2491.11,2501.73
2026-08-22 00:15:00+00:00,2501.73,2512.09,2499.03,2506.89
2026-08-22 00:30:00+00:00,2506.89,2516.2,2504.09,2509.19
2026-08-22 00:45:00+00:00,2509.19,2522.93,2504.17,2522.44
2026-08-22 01:00:00+00:00,2522.44,2528.58,2518.35,2520.27
2026-08-22 01:15:00+00:00,2520.27,2525.09,2515.5,2518.07
2026-08-22 01:30:00+00:00,2518.07,2527.94,2511.48,2514.24
2026-08-22 01:45:00+00:00,2514.23,2523.96,2506.97,2506.99
2026-08-22 02:00:00+00:00,2506.99,2512.5,2504.11,2508.99
2026-08-22 02:15:00+00:00,2508.99,2523.24,2508.35,2519.5
2026-08-22 02:30:00+00:00,2519.5,2522.1,2495.65,2510.25
2026-08-22 02:45:00+00:00,2510.25,2516.02,2504.62,2516.02
2026-08-22 03:00:00+00:00,2516.02,2521.64,2512.64,2513.07
2026-08-22 03:15:00+00:00,2513.08,2526.68,2512.88,2520.0
2026-08-22 03:30:00+00:00,2519.99,2523.94,2513.49,2517.75
2026-08-22 03:45:00+00:00,2517.74,2523.01,2514.79,2515.06
2026-08-22 04:00:00+00:00,2515.06,2520.45,2510.0,2519.83
2026-08-22 04:15:00+00:00,2519.82,2519.82,2506.05,2517.19
2026-08-22 04:30:00+00:00,2517.2,2529.99,2514.39,2527.8
2026-08-22 04:45:00+00:00,2527.8,2527.92,2514.23,2514.43
2026-08-22 05:00:00+00:00,2514.43,2518.31,2385.0,2445.19
2026-08-22 05:15:00+00:00,2445.19,2453.34,2409.48,2438.4
2026-08-22 05:30:00+00:00,2438.41,2449.22,2423.26,2433.23
2026-08-22 05:45:00+00:00,2433.24,2445.9,2428.12,2439.95
2026-08-22 06:00:00+00:00,2439.95,2443.68,2427.15,2428.09
2026-08-22 06:15:00+00:00,2428.09,2437.0,2427.0,2430.09
2026-08-22 06:30:00+00:00,2430.08,2439.99,2412.18,2431.11
2026-08-22 06:45:00+00:00,2431.11,2439.56,2430.98,2437.78
2026-08-22 07:00:00+00:00,2437.79,2447.6,2428.07,2434.2
2026-08-22 07:15:00+00:00,2434.21,2441.99,2426.8,2441.99
2026-08-22 07:30:00+00:00,2441.99,2442.0,2431.75,2436.8
2026-08-22 07:45:00+00:00,2436.8,2438.85,2431.92,2433.31
2026-08-22 08:00:00+00:00,2433.32,2441.1,2428.76,2439.82
2026-08-22 08:15:00+00:00,2439.82,2440.16,2423.91,2426.64
2026-08-22 08:30:00+00:00,2426.64,2426.64,2412.16,2424.87
2026-08-22 08:45:00+00:00,2424.86,2426.53,2417.97,2425.74
2026-08-22 09:00:00+00:00,2425.74,2428.0,2412.84,2427.9
2026-08-22 09:15:00+00:00,2427.91,2429.41,2422.01,2425.3
2026-08-22 09:30:00+00:00,2425.29,2426.62,2420.01,2423.1
2026-08-22 09:45:00+00:00,2423.1,2423.44,2414.66,2421.93
2026-08-22 10:00:00+00:00,2421.93,2423.11,2397.99,2400.93
2026-08-22 10:15:00+00:00,2400.93,2408.3,2389.45,2406.95
2026-08-22 10:30:00+00:00,2406.95,2415.96,2403.03,2415.39
2026-08-22 10:45:00+00:00,2415.38,2417.39,2408.17,2412.73
2026-08-22 11:00:00+00:00,2412.73,2415.77,2405.4,2408.02
2026-08-22 11:15:00+00:00,2408.0,2415.96,2406.66,2414.48
2026-08-22 11:30:00+00:00,2414.48,2425.41,2413.08,2425.0
2026-08-22 11:45:00+00:00,2425.01,2426.73,2420.8,2423.93
2026-08-22 12:00:00+00:00,2423.92,2435.0,2419.1,2433.0
2026-08-22 12:15:00+00:00,2433.0,2437.76,2429.7,2435.37
2026-08-22 12:30:00+00:00,2435.37,2437.43,2427.65,2431.57
2026-08-22 12:45:00+00:00,2431.57,2432.5,2427.09,2428.12
2026-08-22 13:00:00+00:00,2428.11,2429.21,2424.6,2426.49
2026-08-22 13:15:00+00:00,2426.49,2429.98,2422.27,2426.22
2026-08-22 13:30:00+00:00,2426.23,2428.34,2421.71,2425.27
2026-08-22 13:45:00+00:00,2425.27,2433.25,2424.43,2430.09
2026-08-22 14:00:00+00:00,2430.09,2431.48,2414.4,2418.68
2026-08-22 14:15:00+00:00,2418.68,2421.0,2414.02,2420.99
2026-08-22 14:30:00+00:00,2420.99,2424.49,2412.4,2412.41
2026-08-22 14:45:00+00:00,2412.41,2415.64,2409.36,2413.94
2026-08-22 15:00:00+00:00,2413.93,2416.71,2406.32,2406.32
2026-08-22 15:15:00+00:00,2406.32,2411.87,2405.62,2410.9
2026-08-22 15:30:00+00:00,2410.91,2414.78,2410.1,2412.61
2026-08-22 15:45:00+00:00,2412.61,2413.94,2409.23,2410.9
2026-08-22 16:00:00+00:00,2410.89,2416.19,2409.0,2414.67
2026-08-22 16:15:00+00:00,2414.67,2422.55,2414.67,2420.51
2026-08-22 16:30:00+00:00,2420.51,2429.0,2419.24,2426.05
2026-08-22 16:45:00+00:00,2426.05,2429.94,2422.48,2422.63
2026-08-22 17:00:00+00:00,2422.64,2425.51,2421.84,2424.03
2026-08-22 17:15:00+00:00,2424.04,2428.83,2417.27,2419.19
2026-08-22 17:30:00+00:00,2419.2,2425.47,2419.2,2424.85
2026-08-22 17:45:00+00:00,2424.85,2431.55,2423.74,2426.32
2026-08-22 18:00:00+00:00,2426.33,2430.98,2425.36,2427.04
2026-08-22 18:15:00+00:00,2427.04,2434.49,2426.82,2431.21
2026-08-22 18:30:00+00:00,2431.2,2434.12,2426.6,2426.61
2026-08-22 18:45:00+00:00,2426.6,2428.63,2421.76,2427.13
2026-08-22 19:00:00+00:00,2427.13,2430.3,2423.98,2429.51
2026-08-22 19:15:00+00:00,2429.51,2431.0,2427.06,2428.69
2026-08-22 19:30:00+00:00,2428.69,2435.02,2428.68,2435.01
2026-08-22 19:45:00+00:00,2435.0,2444.71,2433.75,2439.41
2026-08-22 20:00:00+00:00,2439.41,2443.72,2436.77,2441.3
2026-08-22 20:15:00+00:00,2441.29,2441.96,2437.56,2437.91
2026-08-22 20:30:00+00:00,2437.91,2439.6,2435.24,2436.66
2026-08-22 20:45:00+00:00,2436.66,2437.5,2429.38,2431.84
2026-08-22 21:00:00+00:00,2431.83,2431.95,2412.35,2412.73
2026-08-22 21:15:00+00:00,2412.73,2422.14,2412.73,2421.82
2026-08-22 21:30:00+00:00,2421.83,2422.86,2408.47,2416.44
2026-08-22 21:45:00+00:00,2416.45,2416.45,2403.47,2407.54
2026-08-22 22:00:00+00:00,2407.54,2421.42,2404.35,2419.89
2026-08-22 22:15:00+00:00,2419.88,2425.14,2417.47,2423.16
2026-08-22 22:30:00+00:00,2423.16,2423.48,2408.51,2414.61
2026-08-22 22:45:00+00:00,2414.62,2418.36,2411.91,2414.16
2026-08-22 23:00:00+00:00,2414.17,2417.0,2410.82,2415.42
2026-08-22 23:15:00+00:00,2415.42,2420.4,2414.17,2417.67
2026-08-22 23:30:00+00:00,2417.67,2422.07,2415.57,2421.27
2026-08-22 23:45:00+00:00,2421.27,2427.9,2420.95,2422.6
2026-08-23 00:00:00+00:00,2422.6,2425.63,2419.99,2420.98
2026-08-23 00:15:00+00:00,2420.97,2429.72,2419.67,2426.76
2026-08-23 00:30:00+00:00,2426.76,2434.0,2426.16,2427.43
2026-08-23 00:45:00+00:00,2427.43,2435.53,2426.71,2430.96
2026-08-23 01:00:00+00:00,2430.96,2431.02,2424.63,2430.19
2026-08-23 01:15:00+00:00,2430.19,2433.34,2425.86,2429.98
2026-08-23 01:30:00+00:00,2429.98,2433.16,2420.92,2426.51
2026-08-23 01:45:00+00:00,2426.5,2429.85,2420.35,2423.25
2026-08-23 02:00:00+00:00,2423.26,2424.49,2413.48,2413.84
2026-08-23 02:15:00+00:00,2413.84,2419.6,2408.0,2416.17
2026-08-23 02:30:00+00:00,2416.16,2420.92,2415.51,2419.07
2026-08-23 02:45:00+00:00,2419.07,2424.47,2416.26,2416.95
2026-08-23 03:00:00+00:00,2416.96,2418.34,2413.37,2417.22
2026-08-23 03:15:00+00:00,2417.21,2419.05,2412.18,2413.26
2026-08-23 03:30:00+00:00,2413.26,2413.53,2408.4,2409.99
2026-08-23 03:45:00+00:00,2409.99,2414.57,2409.99,2413.98
2026-08-23 04:00:00+00:00,2413.98,2417.02,2402.0,2414.23
2026-08-23 04:15:00+00:00,2414.24,2416.15,2404.11,2410.59
2026-08-23 04:30:00+00:00,2410.59,2410.83,2401.81,2402.46
2026-08-23 04:45:00+00:00,2402.46,2403.02,2372.17,2378.66
2026-08-23 05:00:00+00:00,2378.67,2384.8,2363.26,2366.41
2026-08-23 05:15:00+00:00,2366.49,2387.0,2355.71,2380.27
2026-08-23 05:30:00+00:00,2380.26,2384.17,2373.18,2376.79
2026-08-23 05:45:00+00:00,2376.78,2378.62,2372.53,2372.99
2026-08-23 06:00:00+00:00,2372.99,2380.0,2369.29,2379.33
2026-08-23 06:15:00+00:00,2379.33,2392.66,2378.44,2390.11
2026-08-23 06:30:00+00:00,2390.11,2396.67,2387.55,2392.04
2026-08-23 06:45:00+00:00,2392.04,2393.31,2386.36,2389.99
2026-08-23 07:00:00+00:00,2389.99,2396.78,2387.92,2394.73
2026-08-23 07:15:00+00:00,2394.73,2397.2,2392.08,2393.23
2026-08-23 07:30:00+00:00,2393.24,2393.27,2388.66,2389.74
2026-08-23 07:45:00+00:00,2389.75,2393.48,2386.84,2389.02
2026-08-23 08:00:00+00:00,2389.01,2413.68,2386.96,2407.04
2026-08-23 08:15:00+00:00,2407.04,2411.15,2405.41,2406.79
2026-08-23 08:30:00+00:00,2406.79,2426.03,2406.79,2419.71
2026-08-23 08:45:00+00:00,2419.7,2421.66,2410.86,2412.46
2026-08-23 09:00:00+00:00,2412.45,2416.17,2410.64,2412.97
2026-08-23 09:15:00+00:00,2412.98,2413.61,2407.26,2410.72
2026-08-23 09:30:00+00:00,2410.72,2412.41,2404.51,2411.8
2026-08-23 09:45:00+00:00,2411.8,2415.7,2410.0,2411.2
2026-08-23 10:00:00+00:00,2411.2,2417.14,2410.84,2414.02
2026-08-23 10:15:00+00:00,2414.02,2420.89,2413.22,2413.54
2026-08-23 10:30:00+00:00,2413.54,2418.12,2412.81,2416.57
2026-08-23 10:45:00+00:00,2416.57,2417.64,2414.18,2415.15
2026-08-23 11:00:00+00:00,2415.15,2420.77,2414.82,2420.21
2026-08-23 11:15:00+00:00,2420.21,2433.0,2417.72,2427.43
2026-08-23 11:30:00+00:00,2427.43,2438.31,2426.0,2433.8
2026-08-23 11:45:00+00:00,2433.8,2434.31,2428.02,2433.68
2026-08-23 12:00:00+00:00,2433.67,2433.68,2419.15,2422.9
2026-08-23 12:15:00+00:00,2422.89,2424.85,2420.73,2423.05
2026-08-23 12:30:00+00:00,2423.05,2429.89,2422.41,2428.21
2026-08-23 12:45:00+00:00,2428.21,2428.22,2424.26,2427.05
2026-08-23 13:00:00+00:00,2427.05,2432.9,2427.0,2432.23
2026-08-23 13:15:00+00:00,2432.23,2484.06,2432.04,2454.33
2026-08-23 13:30:00+00:00,2454.32,2459.09,2449.51,2456.04
2026-08-23 13:45:00+00:00,2456.04,2460.27,2451.74,2459.75
2026-08-23 14:00:00+00:00,2459.75,2469.3,2453.44,2464.19
2026-08-23 14:15:00+00:00,2464.2,2467.65,2455.25,2456.45
2026-08-23 14:30:00+00:00,2456.45,2457.66,2389.85,2420.6
2026-08-23 14:45:00+00:00,2420.61,2448.13,2420.53,2438.95
2026-08-23 15:00:00+00:00,2438.95,2441.07,2426.17,2433.42
2026-08-23 15:15:00+00:00,2433.43,2438.99,2421.87,2437.22
2026-08-23 15:30:00+00:00,2437.21,2452.86,2435.46,2446.68
2026-08-23 15:45:00+00:00,2446.68,2449.01,2436.25,2438.62
2026-08-23 16:00:00+00:00,2438.61,2446.83,2438.61,2444.76
2026-08-23 16:15:00+00:00,2444.76,2446.84,2441.53,2446.83
2026-08-23 16:30:00+00:00,2446.83,2453.6,2444.98,2446.49
2026-08-23 16:45:00+00:00,2446.49,2459.22,2445.53,2450.56
2026-08-23 17:00:00+00:00,2450.56,2454.3,2432.81,2447.57
2026-08-23 17:15:00+00:00,2447.57,2450.0,2438.56,2441.26
2026-08-23 17:30:00+00:00,2441.25,2444.36,2434.24,2438.8
2026-08-23 17:45:00+00:00,2438.8,2446.59,2438.56,2440.12
2026-08-23 18:00:00+00:00,2440.11,2449.26,2434.83,2445.16
2026-08-23 18:15:00+00:00,2445.15,2448.68,2443.99,2446.58
2026-08-23 18:30:00+00:00,2446.58,2448.52,2444.24,2447.54
2026-08-23 18:45:00+00:00,2447.54,2449.27,2444.96,2448.68
2026-08-23 19:00:00+00:00,2448.68,2450.21,2441.22,2443.26
2026-08-23 19:15:00+00:00,2443.27,2444.95,2441.38,2443.04
2026-08-23 19:30:00+00:00,2443.04,2448.16,2437.44,2448.13
2026-08-23 19:45:00+00:00,2448.13,2454.16,2444.95,2444.96
2026-08-23 20:00:00+00:00,2444.95,2444.95,2436.41,2441.46
2026-08-23 20:15:00+00:00,2441.45,2449.01,2440.78,2445.62
2026-08-23 20:30:00+00:00,2445.62,2450.0,2445.62,2449.69
2026-08-23 20:45:00+00:00,2449.69,2450.72,2446.6,2450.48
2026-08-23 21:00:00+00:00,2450.48,2469.52,2450.47,2466.17
2026-08-23 21:15:00+00:00,2466.18,2479.81,2466.12,2477.04
2026-08-23 21:30:00+00:00,2477.03,2484.62,2459.49,2461.38
2026-08-23 21:45:00+00:00,2461.38,2478.96,2461.38,2469.97
2026-08-23 22:00:00+00:00,2469.96,2474.53,2455.04,2463.58
2026-08-23 22:15:00+00:00,2463.57,2467.29,2458.24,2460.35
2026-08-23 22:30:00+00:00,2460.34,2463.12,2456.15,2459.13
2026-08-23 22:45:00+00:00,2459.12,2461.1,2451.89,2455.05
2026-08-23 23:00:00+00:00,2455.04,2455.69,2441.78,2448.69
2026-08-23 23:15:00+00:00,2448.69,2459.48,2447.99,2458.49
2026-08-23 23:30:00+00:00,2458.49,2471.02,2448.85,2454.07
2026-08-23 23:45:00+00:00,2454.08,2466.29,2453.72,2463.41
2026-08-24 00:00:00+00:00,2463.42,2464.0,2452.85,2458.89
2026-08-24 00:15:00+00:00,2458.89,2459.7,2443.9,2451.28
2026-08-24 00:30:00+00:00,2451.29,2460.0,2444.08,2445.67
2026-08-24 00:45:00+00:00,2445.68,2465.9,2442.35,2465.11
2026-08-24 01:00:00+00:00,2465.11,2466.98,2453.88,2453.9
2026-08-24 01:15:00+00:00,2453.89,2454.1,2442.51,2444.61
2026-08-24 01:30:00+00:00,2444.61,2449.7,2434.72,2439.31
2026-08-24 01:45:00+00:00,2439.31,2441.24,2427.27,2429.4
2026-08-24 02:00:00+00:00,2429.4,2446.13,2424.73,2444.15
2026-08-24 02:15:00+00:00,2444.16,2450.0,2444.16,2447.51
2026-08-24 02:30:00+00:00,2447.52,2451.77,2444.81,2446.1
2026-08-24 02:45:00+00:00,2446.1,2446.1,2435.53,2443.78
2026-08-24 03:00:00+00:00,2443.78,2445.62,2435.41,2436.39
2026-08-24 03:15:00+00:00,2436.38,2443.8,2433.59,2434.18
2026-08-24 03:30:00+00:00,2434.17,2438.19,2426.49,2435.61
2026-08-24 03:45:00+00:00,2435.61,2441.31,2427.95,2430.64
2026-08-24 04:00:00+00:00,2430.65,2439.16,2430.64,2438.97
2026-08-24 04:15:00+00:00,2438.97,2446.34,2438.96,2445.92
2026-08-24 04:30:00+00:00,2445.93,2446.42,2438.08,2442.73
2026-08-24 04:45:00+00:00,2442.73,2443.78,2428.11,2438.08
2026-08-24 05:00:00+00:00,2438.07,2458.83,2433.98,2457.91
2026-08-24 05:15:00+00:00,2457.9,2459.82,2447.72,2450.51
2026-08-24 05:30:00+00:00,2450.51,2452.38,2437.9,2448.1
2026-08-24 05:45:00+00:00,2448.1,2449.78,2444.44,2448.92
2026-08-24 06:00:00+00:00,2448.92,2457.47,2444.22,2456.42
2026-08-24 06:15:00+00:00,2456.42,2458.54,2451.95,2454.11
2026-08-24 06:30:00+00:00,2454.11,2455.31,2445.44,2447.55
2026-08-24 06:45:00+00:00,2447.55,2463.74,2446.84,2456.5
2026-08-24 07:00:00+00:00,2456.5,2474.09,2455.27,2470.3
2026-08-24 07:15:00+00:00,2470.3,2470.3,2460.03,2462.37
2026-08-24 07:30:00+00:00,2462.37,2462.37,2452.28,2453.08
2026-08-24 07:45:00+00:00,2453.07,2459.36,2452.85,2454.64
2026-08-24 08:00:00+00:00,2454.67,2459.33,2448.08,2449.22
2026-08-24 08:15:00+00:00,2449.21,2449.48,2436.41,2439.79
2026-08-24 08:30:00+00:00,2439.8,2453.63,2439.44,2453.37
2026-08-24 08:45:00+00:00,2453.37,2457.0,2450.42,2454.84
2026-08-24 09:00:00+00:00,2454.84,2463.21,2453.75,2462.04
2026-08-24 09:15:00+00:00,2462.03,2463.32,2454.05,2460.09
2026-08-24 09:30:00+00:00,2460.08,2464.58,2459.21,2462.19
2026-08-24 09:45:00+00:00,2462.19,2465.1,2461.29,2463.08
2026-08-24 10:00:00+00:00,2463.07,2490.89,2462.28,2483.2
2026-08-24 10:15:00+00:00,2483.2,2483.85,2470.32,2472.29
2026-08-24 10:30:00+00:00,2472.29,2477.97,2463.77,2466.52
2026-08-24 10:45:00+00:00,2466.51,2470.47,2461.73,2465.2
2026-08-24 11:00:00+00:00,2465.2,2470.78,2454.4,2469.01
2026-08-24 11:15:00+00:00,2469.0,2473.31,2465.69,2472.26
2026-08-24 11:30:00+00:00,2472.26,2506.95,2471.33,2506.53
2026-08-24 11:45:00+00:00,2506.53,2509.0,2488.0,2494.18
2026-08-24 12:00:00+00:00,2494.18,2494.27,2482.85,2484.51
2026-08-24 12:15:00+00:00,2484.52,2494.52,2474.5,2493.47
2026-08-24 12:30:00+00:00,2493.46,2506.17,2487.68,2500.1
2026-08-24 12:45:00+00:00,2500.1,2518.54,2498.95,2512.54
2026-08-24 13:00:00+00:00,2512.54,2519.88,2502.05,2515.71
2026-08-24 13:15:00+00:00,2515.71,2517.04,2504.76,2507.2
2026-08-24 13:30:00+00:00,2507.2,2507.43,2483.07,2486.6
2026-08-24 13:45:00+00:00,2486.58,2495.8,2476.31,2493.83
2026-08-24 14:00:00+00:00,2493.83,2513.0,2491.61,2511.36
2026-08-24 14:15:00+00:00,2511.36,2528.0,2502.62,2516.86
2026-08-24 14:30:00+00:00,2516.85,2532.12,2515.58,2522.58
2026-08-24 14:45:00+00:00,2522.57,2524.54,2509.03,2516.16
2026-08-24 15:00:00+00:00,2516.16,2521.19,2510.83,2515.8
2026-08-24 15:15:00+00:00,2515.8,2532.95,2514.73,2525.34
2026-08-24 15:30:00+00:00,2525.28,2525.37,2489.0,2495.03
2026-08-24 15:45:00+00:00,2495.02,2502.51,2479.38,2487.99
2026-08-24 16:00:00+00:00,2487.99,2506.0,2486.49,2498.75
2026-08-24 16:15:00+00:00,2498.74,2506.0,2498.27,2499.48
2026-08-24 16:30:00+00:00,2499.47,2500.86,2489.27,2489.49
2026-08-24 16:45:00+00:00,2489.48,2491.34,2469.02,2478.43
2026-08-24 17:00:00+00:00,2478.43,2484.29,2463.71,2476.75
2026-08-24 17:15:00+00:00,2476.75,2480.05,2455.0,2458.32
2026-08-24 17:30:00+00:00,2458.32,2469.7,2456.9,2460.98
2026-08-24 17:45:00+00:00,2460.98,2470.34,2458.55,2468.97
2026-08-24 18:00:00+00:00,2468.97,2483.78,2468.97,2482.06
2026-08-24 18:15:00+00:00,2482.07,2483.21,2474.8,2479.54
2026-08-24 18:30:00+00:00,2479.55,2482.21,2467.19,2476.48
2026-08-24 18:45:00+00:00,2476.48,2480.42,2472.93,2473.84
2026-08-24 19:00:00+00:00,2473.85,2477.69,2464.52,2473.84
2026-08-24 19:15:00+00:00,2473.83,2475.31,2461.87,2470.48
2026-08-24 19:30:00+00:00,2470.48,2474.46,2467.94,2471.77
2026-08-24 19:45:00+00:00,2471.78,2472.44,2465.0,2471.4
2026-08-24 20:00:00+00:00,2471.48,2475.52,2465.46,2472.39
2026-08-24 20:15:00+00:00,2472.38,2472.39,2466.19,2468.46
2026-08-24 20:30:00+00:00,2468.46,2479.21,2466.32,2474.05
2026-08-24 20:45:00+00:00,2474.04,2475.16,2471.4,2475.16
2026-08-24 21:00:00+00:00,2475.16,2483.93,2475.16,2483.92
2026-08-24 21:15:00+00:00,2483.93,2484.31,2479.03,2481.58
2026-08-24 21:30:00+00:00,2481.58,2484.11,2480.03,2483.39
2026-08-24 21:45:00+00:00,2483.36,2489.67,2481.52,2483.56
2026-08-24 22:00:00+00:00,2483.56,2485.38,2479.23,2481.22
2026-08-24 22:15:00+00:00,2481.23,2482.45,2475.79,2477.67
2026-08-24 22:30:00+00:00,2477.68,2484.89,2476.63,2476.82
2026-08-24 22:45:00+00:00,2476.82,2480.15,2472.5,2474.26
2026-08-24 23:00:00+00:00,2474.27,2479.34,2470.7,2477.65
2026-08-24 23:15:00+00:00,2477.64,2484.99,2477.09,2483.03
2026-08-24 23:30:00+00:00,2483.04,2487.24,2482.0,2485.12
2026-08-24 23:45:00+00:00,2485.13,2486.49,2476.99,2482.31
2026-08-25 00:00:00+00:00,2482.31,2484.51,2477.61,2479.25
2026-08-25 00:15:00+00:00,2479.26,2482.64,2472.18,2478.99
2026-08-25 00:30:00+00:00,2478.98,2494.01,2476.69,2492.67
2026-08-25 00:45:00+00:00,2492.68,2504.74,2489.85,2493.61
2026-08-25 01:00:00+00:00,2493.61,2499.99,2487.82,2488.78
2026-08-25 01:15:00+00:00,2488.79,2504.62,2484.88,2498.58
2026-08-25 01:30:00+00:00,2498.59,2502.15,2494.16,2494.36
2026-08-25 01:45:00+00:00,2494.32,2497.02,2489.24,2495.99
2026-08-25 02:00:00+00:00,2495.99,2498.74,2492.31,2494.39
2026-08-25 02:15:00+00:00,2494.4,2532.5,2493.45,2529.61
2026-08-25 02:30:00+00:00,2529.6,2532.34,2514.38,2517.21
2026-08-25 02:45:00+00:00,2517.2,2518.87,2501.96,2507.69
2026-08-25 03:00:00+00:00,2507.7,2514.55,2504.84,2511.0
2026-08-25 03:15:00+00:00,2511.0,2511.81,2504.64,2505.73
2026-08-25 03:30:00+00:00,2505.73,2509.28,2496.86,2498.77
2026-08-25 03:45:00+00:00,2498.77,2501.32,2488.99,2499.29
2026-08-25 04:00:00+00:00,2499.3,2504.09,2492.81,2500.15
2026-08-25 04:15:00+00:00,2500.15,2500.65,2491.94,2494.34
2026-08-25 04:30:00+00:00,2494.35,2497.43,2488.96,2491.77
2026-08-25 04:45:00+00:00,2491.76,2495.48,2490.34,2494.99
2026-08-25 05:00:00+00:00,2494.99,2501.95,2493.77,2500.85
2026-08-25 05:15:00+00:00,2500.85,2511.82,2500.21,2508.71
2026-08-25 05:30:00+00:00,2508.71,2511.78,2506.79,2506.79
2026-08-25 05:45:00+00:00,2506.8,2510.71,2505.47,2508.73
2026-08-25 06:00:00+00:00,2508.73,2510.57,2506.73,2510.12
2026-08-25 06:15:00+00:00,2510.11,2515.43,2508.72,2510.54
2026-08-25 06:30:00+00:00,2510.54,2510.54,2499.28,2504.24
2026-08-25 06:45:00+00:00,2504.25,2504.66,2496.04,2500.88
2026-08-25 07:00:00+00:00,2500.89,2513.0,2500.17,2507.24
2026-08-25 07:15:00+00:00,2507.23,2508.11,2502.82,2504.87
2026-08-25 07:30:00+00:00,2504.87,2504.87,2496.41,2499.22
2026-08-25 07:45:00+00:00,2499.21,2499.6,2464.41,2478.94
2026-08-25 08:00:00+00:00,2478.94,2486.43,2475.0,2485.5
2026-08-25 08:15:00+00:00,2485.49,2498.0,2485.38,2494.06
2026-08-25 08:30:00+00:00,2494.07,2496.32,2485.69,2490.35
2026-08-25 08:45:00+00:00,2490.35,2490.95,2480.47,2484.82
2026-08-25 09:00:00+00:00,2484.82,2489.47,2479.58,2487.48
2026-08-25 09:15:00+00:00,2487.48,2492.0,2484.14,2487.21
2026-08-25 09:30:00+00:00,2487.2,2491.41,2486.03,2486.03
2026-08-25 09:45:00+00:00,2486.03,2486.96,2462.81,2474.67
2026-08-25 10:00:00+00:00,2474.67,2479.89,2469.87,2478.21
2026-08-25 10:15:00+00:00,2478.21,2479.85,2475.15,2476.2
2026-08-25 10:30:00+00:00,2476.19,2479.06,2474.16,2477.97
2026-08-25 10:45:00+00:00,2477.96,2485.83,2477.96,2481.82
2026-08-25 11:00:00+00:00,2481.82,2484.12,2474.76,2475.3
2026-08-25 11:15:00+00:00,2475.29,2479.14,2474.92,2478.22
2026-08-25 11:30:00+00:00,2478.22,2486.16,2478.16,2479.16
2026-08-25 11:45:00+00:00,2479.16,2483.41,2477.15,2477.91
2026-08-25 12:00:00+00:00,2477.9,2481.37,2467.14,2477.96
2026-08-25 12:15:00+00:00,2477.97,2477.97,2458.01,2468.23
2026-08-25 12:30:00+00:00,2468.24,2471.43,2460.48,2469.64
2026-08-25 12:45:00+00:00,2469.65,2476.95,2468.2,2473.5
2026-08-25 13:00:00+00:00,2473.51,2476.12,2465.62,2467.67
2026-08-25 13:15:00+00:00,2467.67,2467.67,2454.62,2457.62
2026-08-25 13:30:00+00:00,2457.62,2477.08,2455.69,2464.62
2026-08-25 13:45:00+00:00,2464.63,2465.67,2440.0,2460.73
2026-08-25 14:00:00+00:00,2460.73,2472.99,2454.33,2467.19
2026-08-25 14:15:00+00:00,2467.19,2480.34,2464.68,2475.9
2026-08-25 14:30:00+00:00,2475.9,2484.0,2470.42,2474.58
2026-08-25 14:45:00+00:00,2474.57,2479.63,2474.54,2476.91
2026-08-25 15:00:00+00:00,2476.92,2478.34,2467.57,2467.61
2026-08-25 15:15:00+00:00,2467.61,2477.72,2466.14,2474.8
2026-08-25 15:30:00+00:00,2474.8,2480.62,2470.4,2477.72
2026-08-25 15:45:00+00:00,2477.71,2483.85,2472.53,2482.88
2026-08-25 16:00:00+00:00,2482.89,2485.6,2472.45,2473.91
2026-08-25 16:15:00+00:00,2473.9,2476.98,2467.1,2472.03
2026-08-25 16:30:00+00:00,2472.02,2478.59,2471.51,2475.68
2026-08-25 16:45:00+00:00,2475.68,2479.47,2469.21,2470.68
2026-08-25 17:00:00+00:00,2470.68,2471.47,2455.93,2463.06
2026-08-25 17:15:00+00:00,2463.06,2466.59,2457.56,2458.47
2026-08-25 17:30:00+00:00,2458.47,2469.22,2458.47,2468.24
2026-08-25 17:45:00+00:00,2468.23,2471.19,2467.59,2471.03
2026-08-25 18:00:00+00:00,2471.04,2474.67,2470.32,2473.62
2026-08-25 18:15:00+00:00,2473.63,2474.8,2471.53,2472.86
2026-08-25 18:30:00+00:00,2472.86,2472.86,2466.43,2468.3
2026-08-25 18:45:00+00:00,2468.31,2470.25,2464.23,2467.44
2026-08-25 19:00:00+00:00,2467.44,2469.53,2462.96,2468.27
2026-08-25 19:15:00+00:00,2468.28,2470.13,2462.38,2462.57
2026-08-25 19:30:00+00:00,2462.57,2462.67,2455.54,2456.37
2026-08-25 19:45:00+00:00,2456.38,2463.86,2456.38,2463.42
2026-08-25 20:00:00+00:00,2463.42,2464.24,2449.85,2457.97
2026-08-25 20:15:00+00:00,2457.98,2461.74,2456.37,2456.38
2026-08-25 20:30:00+00:00,2456.38,2456.96,2442.8,2446.29
2026-08-25 20:45:00+00:00,2446.3,2448.41,2433.62,2436.44
2026-08-25 21:00:00+00:00,2436.44,2441.21,2414.64,2430.75
2026-08-25 21:15:00+00:00,2430.76,2434.82,2424.48,2433.9
2026-08-25 21:30:00+00:00,2433.89,2442.84,2432.75,2441.33
2026-08-25 21:45:00+00:00,2441.33,2443.9,2439.5,2441.79
2026-08-25 22:00:00+00:00,2441.8,2452.06,2441.8,2451.89
2026-08-25 22:15:00+00:00,2451.89,2452.98,2442.09,2446.51
2026-08-25 22:30:00+00:00,2446.51,2450.77,2444.48,2450.32
2026-08-25 22:45:00+00:00,2450.31,2455.78,2449.67,2453.84
2026-08-25 23:00:00+00:00,2453.85,2456.51,2451.82,2454.92
2026-08-25 23:15:00+00:00,2454.92,2456.3,2448.62,2452.38
2026-08-25 23:30:00+00:00,2452.38,2452.38,2443.05,2444.44
2026-08-25 23:45:00+00:00,2444.44,2444.44,2437.07,2442.64
2026-08-26 00:00:00+00:00,2442.65,2445.0,2435.81,2437.26
2026-08-26 00:15:00+00:00,2437.26,2443.81,2436.74,2443.73
2026-08-26 00:30:00+00:00,2443.73,2446.11,2437.04,2440.38
2026-08-26 00:45:00+00:00,2440.39,2450.51,2439.1,2446.24
2026-08-26 01:00:00+00:00,2446.24,2459.43,2445.0,2453.78
2026-08-26 01:15:00+00:00,2453.78,2457.65,2452.5,2453.3
2026-08-26 01:30:00+00:00,2453.3,2462.32,2453.3,2457.64
2026-08-26 01:45:00+00:00,2457.64,2457.7,2454.01,2455.99
2026-08-26 02:00:00+00:00,2455.98,2459.07,2454.05,2455.43
2026-08-26 02:15:00+00:00,2455.42,2468.12,2455.2,2468.08
2026-08-26 02:30:00+00:00,2468.08,2469.82,2464.97,2467.05
2026-08-26 02:45:00+00:00,2467.06,2468.81,2464.21,2465.21
2026-08-26 03:00:00+00:00,2465.21,2468.0,2462.17,2463.13
2026-08-26 03:15:00+00:00,2463.13,2466.32,2460.2,2463.48
2026-08-26 03:30:00+00:00,2463.48,2467.64,2458.66,2464.88
2026-08-26 03:45:00+00:00,2464.89,2467.19,2461.09,2465.57
2026-08-26 04:00:00+00:00,2465.56,2472.86,2462.03,2466.31
2026-08-26 04:15:00+00:00,2466.31,2470.0,2465.15,2466.4
2026-08-26 04:30:00+00:00,2466.41,2467.2,2462.73,2464.4
2026-08-26 04:45:00+00:00,2464.41,2464.41,2455.68,2456.9
2026-08-26 05:00:00+00:00,2456.89,2460.33,2451.49,2457.79
2026-08-26 05:15:00+00:00,2457.78,2463.99,2453.95,2463.11
2026-08-26 05:30:00+00:00,2463.11,2468.0,2462.16,2465.24
2026-08-26 05:45:00+00:00,2465.24,2465.24,2461.22,2464.92
2026-08-26 06:00:00+00:00,2464.91,2467.47,2461.16,2461.8
2026-08-26 06:15:00+00:00,2461.8,2462.25,2454.61,2456.92
2026-08-26 06:30:00+00:00,2456.91,2460.64,2453.59,2460.27
2026-08-26 06:45:00+00:00,2460.27,2461.36,2457.6,2460.13
2026-08-26 07:00:00+00:00,2460.14,2468.66,2457.22,2464.72
2026-08-26 07:15:00+00:00,2464.73,2466.82,2461.47,2463.39
2026-08-26 07:30:00+00:00,2463.4,2467.0,2461.55,2465.06
2026-08-26 07:45:00+00:00,2465.07,2466.99,2461.48,2461.78
2026-08-26 08:00:00+00:00,2461.78,2470.0,2459.36,2465.18
2026-08-26 08:15:00+00:00,2465.19,2466.49,2458.33,2462.83
2026-08-26 08:30:00+00:00,2462.83,2464.63,2460.21,2464.2
2026-08-26 08:45:00+00:00,2464.19,2464.19,2453.66,2456.29
2026-08-26 09:00:00+00:00,2456.29,2461.0,2454.6,2456.09
2026-08-26 09:15:00+00:00,2456.1,2456.44,2445.24,2450.61
2026-08-26 09:30:00+00:00,2450.61,2453.2,2444.25,2444.85
2026-08-26 09:45:00+00:00,2444.86,2449.57,2442.76,2447.87
2026-08-26 10:00:00+00:00,2447.86,2450.0,2444.69,2449.47
2026-08-26 10:15:00+00:00,2449.47,2454.66,2449.23,2454.39
2026-08-26 10:30:00+00:00,2454.4,2470.31,2453.65,2465.01
2026-08-26 10:45:00+00:00,2465.02,2475.61,2464.08,2468.96
2026-08-26 11:00:00+00:00,2468.97,2473.25,2466.87,2468.22
2026-08-26 11:15:00+00:00,2468.23,2468.97,2465.06,2466.19
2026-08-26 11:30:00+00:00,2466.19,2467.65,2456.32,2461.85
2026-08-26 11:45:00+00:00,2461.85,2468.78,2459.44,2463.09
2026-08-26 12:00:00+00:00,2463.09,2465.63,2458.58,2460.58
2026-08-26 12:15:00+00:00,2460.57,2472.05,2457.59,2471.21
2026-08-26 12:30:00+00:00,2471.21,2471.22,2443.76,2455.01
2026-08-26 12:45:00+00:00,2455.01,2460.41,2452.58,2455.01
2026-08-26 13:00:00+00:00,2455.01,2458.29,2442.0,2446.06
2026-08-26 13:15:00+00:00,2446.06,2448.09,2437.11,2444.29
2026-08-26 13:30:00+00:00,2444.29,2459.27,2443.61,2458.82
2026-08-26 13:45:00+00:00,2458.82,2462.76,2450.0,2457.3
2026-08-26 14:00:00+00:00,2457.3,2462.14,2453.63,2456.3
2026-08-26 14:15:00+00:00,2456.31,2461.9,2448.82,2450.76
2026-08-26 14:30:00+00:00,2450.75,2452.91,2444.5,2445.0
2026-08-26 14:45:00+00:00,2445.01,2447.49,2438.41,2439.38
2026-08-26 15:00:00+00:00,2439.38,2443.39,2432.32,2441.21
2026-08-26 15:15:00+00:00,2441.21,2455.38,2436.26,2454.4
2026-08-26 15:30:00+00:00,2454.4,2454.74,2441.81,2448.0
2026-08-26 15:45:00+00:00,2448.0,2453.04,2448.0,2449.85
2026-08-26 16:00:00+00:00,2449.85,2455.36,2447.31,2450.4
2026-08-26 16:15:00+00:00,2450.4,2453.25,2447.41,2449.29
2026-08-26 16:30:00+00:00,2449.28,2453.76,2438.1,2438.69
2026-08-26 16:45:00+00:00,2438.7,2451.5,2438.7,2444.64
2026-08-26 17:00:00+00:00,2444.65,2448.39,2443.8,2447.35
2026-08-26 17:15:00+00:00,2447.36,2463.45,2447.36,2463.08
2026-08-26 17:30:00+00:00,2463.09,2467.03,2461.05,2461.44
2026-08-26 17:45:00+00:00,2461.44,2462.78,2455.72,2460.84
2026-08-26 18:00:00+00:00,2460.84,2471.28,2458.85,2467.21
2026-08-26 18:15:00+00:00,2467.22,2469.22,2461.67,2462.9
2026-08-26 18:30:00+00:00,2462.9,2467.11,2462.37,2464.62
2026-08-26 18:45:00+00:00,2464.63,2474.34,2464.46,2472.69
2026-08-26 19:00:00+00:00,2472.69,2473.5,2469.21,2470.52
2026-08-26 19:15:00+00:00,2470.51,2483.52,2470.26,2480.33
2026-08-26 19:30:00+00:00,2480.33,2480.66,2468.0,2471.25
2026-08-26 19:45:00+00:00,2471.26,2473.89,2469.08,2470.79
2026-08-26 20:00:00+00:00,2470.79,2474.49,2468.83,2469.15
2026-08-26 20:15:00+00:00,2469.16,2470.78,2460.29,2469.1
2026-08-26 20:30:00+00:00,2469.1,2469.75,2464.29,2468.76
2026-08-26 20:45:00+00:00,2468.76,2472.87,2468.41,2472.27
2026-08-26 21:00:00+00:00,2472.27,2494.68,2470.56,2492.5
2026-08-26 21:15:00+00:00,2492.51,2505.0,2488.31,2500.81
2026-08-26 21:30:00+00:00,2500.81,2501.13,2493.73,2494.15
2026-08-26 21:45:00+00:00,2494.16,2498.39,2491.67,2496.82
2026-08-26 22:00:00+00:00,2496.82,2507.0,2494.66,2503.42
2026-08-26 22:15:00+00:00,2503.42,2515.38,2502.78,2506.13
2026-08-26 22:30:00+00:00,2506.13,2506.6,2494.72,2497.66
2026-08-26 22:45:00+00:00,2497.66,2497.66,2489.49,2493.73
2026-08-26 23:00:00+00:00,2493.72,2495.72,2488.33,2490.45
2026-08-26 23:15:00+00:00,2490.44,2500.84,2489.95,2498.92
2026-08-26 23:30:00+00:00,2498.91,2507.76,2497.96,2507.35
2026-08-26 23:45:00+00:00,2507.35,2512.69,2501.59,2506.78
2026-08-27 00:00:00+00:00,2506.78,2510.64,2500.0,2502.61
2026-08-27 00:15:00+00:00,2502.61,2506.64,2499.01,2500.92
2026-08-27 00:30:00+00:00,2500.92,2501.68,2494.15,2496.2
2026-08-27 00:45:00+00:00,2496.2,2497.24,2492.0,2492.01
2026-08-27 01:00:00+00:00,2492.0,2495.04,2487.03,2489.5
2026-08-27 01:15:00+00:00,2489.49,2505.64,2487.48,2503.04
2026-08-27 01:30:00+00:00,2503.05,2505.74,2493.0,2493.0
2026-08-27 01:45:00+00:00,2493.0,2506.15,2492.82,2497.87
2026-08-27 02:00:00+00:00,2497.87,2504.95,2497.44,2502.12
2026-08-27 02:15:00+00:00,2502.08,2502.48,2494.31,2495.97
2026-08-27 02:30:00+00:00,2495.97,2498.16,2493.12,2494.0
2026-08-27 02:45:00+00:00,2493.99,2495.92,2493.37,2494.73
2026-08-27 03:00:00+00:00,2494.73,2497.0,2490.61,2491.09
2026-08-27 03:15:00+00:00,2491.09,2499.03,2489.2,2497.91
2026-08-27 03:30:00+00:00,2497.91,2498.45,2492.41,2492.46
2026-08-27 03:45:00+00:00,2492.47,2494.73,2489.32,2492.89
2026-08-27 04:00:00+00:00,2492.89,2494.99,2491.52,2494.17
2026-08-27 04:15:00+00:00,2494.18,2495.75,2491.92,2491.92
2026-08-27 04:30:00+00:00,2491.92,2491.92,2484.41,2489.15
2026-08-27 04:45:00+00:00,2489.16,2491.12,2484.24,2487.38
2026-08-27 05:00:00+00:00,2487.39,2488.61,2483.5,2485.44
2026-08-27 05:15:00+00:00,2485.44,2491.36,2483.65,2485.28
2026-08-27 05:30:00+00:00,2485.27,2490.64,2481.74,2488.14
2026-08-27 05:45:00+00:00,2488.14,2497.94,2487.94,2496.63
2026-08-27 06:00:00+00:00,2496.63,2496.63,2485.3,2488.5
2026-08-27 06:15:00+00:00,2488.5,2488.5,2484.2,2485.61
2026-08-27 06:30:00+00:00,2485.62,2488.71,2485.61,2488.39
2026-08-27 06:45:00+00:00,2488.39,2493.34,2488.39,2493.11
2026-08-27 07:00:00+00:00,2493.11,2495.34,2490.79,2494.24
2026-08-27 07:15:00+00:00,2494.24,2494.34,2488.86,2490.79
2026-08-27 07:30:00+00:00,2490.79,2494.42,2490.41,2491.65
2026-08-27 07:45:00+00:00,2491.64,2499.0,2491.29,2497.16
2026-08-27 08:00:00+00:00,2497.17,2529.0,2497.05,2520.0
2026-08-27 08:15:00+00:00,2520.0,2535.0,2512.44,2533.88
2026-08-27 08:30:00+00:00,2533.88,2546.84,2527.08,2536.42
2026-08-27 08:45:00+00:00,2536.42,2540.58,2528.79,2531.05
2026-08-27 09:00:00+00:00,2531.05,2536.91,2525.45,2535.61
2026-08-27 09:15:00+00:00,2535.62,2566.53,2531.16,2554.44
2026-08-27 09:30:00+00:00,2554.44,2556.58,2538.82,2541.54
2026-08-27 09:45:00+00:00,2541.54,2545.54,2532.53,2534.94
2026-08-27 10:00:00+00:00,2534.94,2539.98,2525.57,2529.95
2026-08-27 10:15:00+00:00,2529.96,2532.03,2486.97,2510.91
2026-08-27 10:30:00+00:00,2510.91,2513.0,2496.98,2505.86
2026-08-27 10:45:00+00:00,2505.85,2506.58,2501.09,2503.6
2026-08-27 11:00:00+00:00,2503.6,2509.1,2501.81,2508.1
2026-08-27 11:15:00+00:00,2508.1,2510.18,2499.07,2501.24
2026-08-27 11:30:00+00:00,2501.23,2505.36,2498.39,2503.38
2026-08-27 11:45:00+00:00,2503.37,2503.37,2492.56,2501.73
2026-08-27 12:00:00+00:00,2501.74,2506.8,2500.0,2505.36
2026-08-27 12:15:00+00:00,2505.36,2507.55,2502.74,2505.88
2026-08-27 12:30:00+00:00,2505.89,2506.16,2496.27,2496.3
2026-08-27 12:45:00+00:00,2496.3,2500.0,2492.28,2494.9
2026-08-27 13:00:00+00:00,2494.9,2500.0,2494.9,2497.94
2026-08-27 13:15:00+00:00,2497.94,2506.86,2496.87,2503.09
2026-08-27 13:30:00+00:00,2503.09,2503.15,2484.61,2489.97
2026-08-27 13:45:00+00:00,2489.96,2498.21,2482.54,2496.68
2026-08-27 14:00:00+00:00,2496.69,2504.68,2489.04,2492.47
2026-08-27 14:15:00+00:00,2492.47,2508.74,2490.58,2508.4
2026-08-27 14:30:00+00:00,2508.4,2523.46,2504.45,2520.8
2026-08-27 14:45:00+00:00,2520.79,2520.79,2511.35,2517.44
2026-08-27 15:00:00+00:00,2517.44,2530.32,2513.62,2526.38
2026-08-27 15:15:00+00:00,2526.38,2527.84,2516.46,2523.1
2026-08-27 15:30:00+00:00,2523.1,2531.84,2515.23,2525.79
2026-08-27 15:45:00+00:00,2525.79,2526.37,2519.78,2521.68
2026-08-27 16:00:00+00:00,2521.68,2527.0,2516.32,2523.95
2026-08-27 16:15:00+00:00,2523.95,2528.15,2522.02,2522.06
2026-08-27 16:30:00+00:00,2522.06,2533.24,2518.82,2531.14
2026-08-27 16:45:00+00:00,2531.13,2531.16,2522.18,2522.31
2026-08-27 17:00:00+00:00,2522.31,2531.54,2516.12,2529.27
2026-08-27 17:15:00+00:00,2529.27,2533.78,2523.97,2523.98
2026-08-27 17:30:00+00:00,2523.98,2526.35,2517.34,2518.31
2026-08-27 17:45:00+00:00,2518.3,2522.13,2515.36,2518.07
2026-08-27 18:00:00+00:00,2518.07,2518.21,2494.36,2500.12
2026-08-27 18:15:00+00:00,2500.12,2503.36,2488.74,2493.45
2026-08-27 18:30:00+00:00,2493.45,2497.9,2491.39,2496.9
2026-08-27 18:45:00+00:00,2496.89,2506.98,2495.48,2506.69
2026-08-27 19:00:00+00:00,2506.69,2512.6,2505.05,2510.12
2026-08-27 19:15:00+00:00,2510.12,2512.12,2507.58,2511.78
2026-08-27 19:30:00+00:00,2511.78,2514.34,2507.82,2510.41
2026-08-27 19:45:00+00:00,2510.4,2511.76,2497.51,2498.21
2026-08-27 20:00:00+00:00,2498.22,2501.17,2495.06,2496.66
2026-08-27 20:15:00+00:00,2496.66,2505.5,2496.19,2502.95
2026-08-27 20:30:00+00:00,2502.95,2506.56,2502.73,2506.32
2026-08-27 20:45:00+00:00,2506.33,2507.91,2501.72,2507.83
2026-08-27 21:00:00+00:00,2507.84,2508.79,2503.53,2505.87
2026-08-27 21:15:00+00:00,2505.87,2505.87,2500.43,2502.06
2026-08-27 21:30:00+00:00,2502.06,2504.87,2499.22,2499.62
2026-08-27 21:45:00+00:00,2499.63,2504.86,2499.22,2504.12
2026-08-27 22:00:00+00:00,2504.12,2512.68,2504.12,2509.9
2026-08-27 22:15:00+00:00,2509.91,2516.98,2509.9,2512.96
2026-08-27 22:30:00+00:00,2512.96,2514.36,2510.16,2513.05
2026-08-27 22:45:00+00:00,2513.05,2515.18,2511.23,2515.15
2026-08-27 23:00:00+00:00,2515.16,2516.81,2510.67,2511.11
2026-08-27 23:15:00+00:00,2511.11,2515.93,2509.05,2514.17
2026-08-27 23:30:00+00:00,2514.16,2514.5,2510.69,2510.94
2026-08-27 23:45:00+00:00,2510.93,2512.64,2509.66,2510.94
2026-08-28 00:00:00+00:00,2510.94,2511.4,2506.02,2508.4
2026-08-28 00:15:00+00:00,2508.4,2514.02,2508.2,2513.29
2026-08-28 00:30:00+00:00,2513.29,2518.8,2509.99,2515.23
2026-08-28 00:45:00+00:00,2515.23,2519.91,2512.65,2515.61
2026-08-28 01:00:00+00:00,2515.61,2525.08,2515.6,2521.82
2026-08-28 01:15:00+00:00,2521.82,2529.53,2520.1,2528.8
2026-08-28 01:30:00+00:00,2528.79,2535.05,2518.01,2519.01
2026-08-28 01:45:00+00:00,2519.0,2520.0,2507.83,2512.44
2026-08-28 02:00:00+00:00,2512.44,2512.44,2502.77,2502.96
2026-08-28 02:15:00+00:00,2502.95,2504.93,2491.0,2494.72
2026-08-28 02:30:00+00:00,2494.72,2499.9,2490.15,2496.56
2026-08-28 02:45:00+00:00,2496.56,2496.57,2486.09,2492.26
2026-08-28 03:00:00+00:00,2492.26,2493.39,2486.24,2490.54
2026-08-28 03:15:00+00:00,2490.54,2495.6,2490.2,2492.57
2026-08-28 03:30:00+00:00,2492.57,2494.91,2489.01,2489.26
2026-08-28 03:45:00+00:00,2489.27,2492.72,2488.93,2489.92
2026-08-28 04:00:00+00:00,2489.91,2492.23,2477.49,2492.23
2026-08-28 04:15:00+00:00,2492.22,2496.17,2488.0,2490.69
2026-08-28 04:30:00+00:00,2490.69,2491.0,2483.56,2486.9
2026-08-28 04:45:00+00:00,2486.91,2489.0,2485.04,2486.18
2026-08-28 05:00:00+00:00,2486.18,2488.34,2482.23,2485.54
2026-08-28 05:15:00+00:00,2485.54,2491.0,2483.28,2490.17
2026-08-28 05:30:00+00:00,2490.18,2495.65,2489.67,2495.28
2026-08-28 05:45:00+00:00,2495.29,2497.44,2492.0,2493.32
2026-08-28 06:00:00+00:00,2493.32,2503.77,2493.31,2503.57
2026-08-28 06:15:00+00:00,2503.56,2503.56,2500.91,2500.98
2026-08-28 06:30:00+00:00,2500.99,2502.84,2499.17,2501.32
2026-08-28 06:45:00+00:00,2501.32,2505.37,2501.1,2503.0
2026-08-28 07:00:00+00:00,2503.01,2503.42,2494.1,2496.6
2026-08-28 07:15:00+00:00,2496.59,2498.96,2494.97,2498.61
2026-08-28 07:30:00+00:00,2498.61,2498.94,2494.86,2494.86
2026-08-28 07:45:00+00:00,2494.86,2496.87,2494.77,2496.48
2026-08-28 08:00:00+00:00,2496.47,2503.66,2496.47,2497.02
2026-08-28 08:15:00+00:00,2497.02,2501.65,2497.02,2497.8
2026-08-28 08:30:00+00:00,2497.8,2498.36,2494.13,2494.13
2026-08-28 08:45:00+00:00,2494.13,2495.0,2486.52,2488.05
2026-08-28 09:00:00+00:00,2488.05,2493.02,2483.4,2489.59
2026-08-28 09:15:00+00:00,2489.58,2492.98,2489.58,2491.62
2026-08-28 09:30:00+00:00,2491.61,2493.24,2488.36,2489.05
2026-08-28 09:45:00+00:00,2489.04,2491.52,2488.56,2489.58
2026-08-28 10:00:00+00:00,2489.57,2490.09,2482.17,2487.59
2026-08-28 10:15:00+00:00,2487.59,2489.29,2484.39,2489.06
2026-08-28 10:30:00+00:00,2489.06,2495.22,2489.06,2494.02
2026-08-28 10:45:00+00:00,2494.01,2509.08,2493.83,2506.56
2026-08-28 11:00:00+00:00,2506.57,2511.51,2505.79,2509.68
2026-08-28 11:15:00+00:00,2509.68,2510.42,2504.3,2505.49
2026-08-28 11:30:00+00:00,2505.49,2508.11,2502.43,2505.61
2026-08-28 11:45:00+00:00,2505.61,2506.72,2503.01,2505.1
2026-08-28 12:00:00+00:00,2505.1,2506.54,2500.01,2501.61
2026-08-28 12:15:00+00:00,2501.61,2508.41,2500.81,2501.18
2026-08-28 12:30:00+00:00,2501.18,2501.28,2495.29,2498.96
2026-08-28 12:45:00+00:00,2498.97,2499.24,2496.54,2499.11
2026-08-28 13:00:00+00:00,2499.1,2504.12,2497.28,2500.58
2026-08-28 13:15:00+00:00,2500.58,2501.67,2495.22,2498.89
2026-08-28 13:30:00+00:00,2498.89,2505.02,2496.24,2497.68
2026-08-28 13:45:00+00:00,2497.67,2518.26,2496.24,2509.17
2026-08-28 14:00:00+00:00,2509.17,2525.0,2468.0,2477.91
2026-08-28 14:15:00+00:00,2477.91,2493.35,2472.01,2492.12
2026-08-28 14:30:00+00:00,2492.11,2526.64,2486.67,2510.0
2026-08-28 14:45:00+00:00,2510.01,2515.0,2500.0,2513.0
2026-08-28 15:00:00+00:00,2513.0,2519.25,2502.28,2503.6
2026-08-28 15:15:00+00:00,2503.6,2512.56,2502.64,2507.14
2026-08-28 15:30:00+00:00,2507.14,2508.1,2487.68,2489.14
2026-08-28 15:45:00+00:00,2489.14,2495.41,2470.0,2471.89
2026-08-28 16:00:00+00:00,2471.89,2473.95,2444.59,2445.35
2026-08-28 16:15:00+00:00,2445.35,2450.29,2405.97,2430.45
2026-08-28 16:30:00+00:00,2430.45,2446.71,2429.47,2436.84
2026-08-28 16:45:00+00:00,2436.85,2445.17,2436.64,2442.29
2026-08-28 17:00:00+00:00,2442.3,2445.64,2437.5,2445.64
2026-08-28 17:15:00+00:00,2445.64,2448.22,2438.19,2442.75
2026-08-28 17:30:00+00:00,2442.75,2445.67,2437.43,2438.79
2026-08-28 17:45:00+00:00,2438.78,2446.56,2438.78,2443.79
2026-08-28 18:00:00+00:00,2443.79,2445.02,2438.03,2438.26
2026-08-28 18:15:00+00:00,2438.27,2439.71,2430.0,2431.47
2026-08-28 18:30:00+00:00,2431.46,2432.85,2419.42,2423.4
2026-08-28 18:45:00+00:00,2423.4,2429.05,2418.08,2428.68
2026-08-28 19:00:00+00:00,2428.67,2437.89,2428.62,2435.86
2026-08-28 19:15:00+00:00,2435.86,2443.1,2434.13,2438.71
2026-08-28 19:30:00+00:00,2438.7,2439.01,2435.42,2436.25
2026-08-28 19:45:00+00:00,2436.25,2436.97,2431.07,2435.69
2026-08-28 20:00:00+00:00,2435.68,2436.12,2430.77,2435.93
2026-08-28 20:15:00+00:00,2435.93,2435.93,2430.77,2432.4
2026-08-28 20:30:00+00:00,2432.39,2432.39,2424.03,2427.46
2026-08-28 20:45:00+00:00,2427.45,2431.12,2426.43,2427.61
2026-08-28 21:00:00+00:00,2427.61,2429.56,2425.62,2428.18
2026-08-28 21:15:00+00:00,2428.17,2430.06,2424.25,2428.21
2026-08-28 21:30:00+00:00,2428.21,2432.14,2426.82,2428.8
2026-08-28 21:45:00+00:00,2428.8,2428.8,2422.36,2424.9
2026-08-28 22:00:00+00:00,2424.91,2430.05,2422.68,2430.05
2026-08-28 22:15:00+00:00,2430.06,2436.57,2426.8,2434.38
2026-08-28 22:30:00+00:00,2434.37,2440.0,2433.75,2439.92
2026-08-28 22:45:00+00:00,2439.92,2445.0,2439.92,2442.01
2026-08-28 23:00:00+00:00,2442.01,2442.01,2438.61,2441.79
2026-08-28 23:15:00+00:00,2441.79,2442.1,2436.47,2437.88
2026-08-28 23:30:00+00:00,2437.88,2439.54,2437.83,2439.45
2026-08-28 23:45:00+00:00,2439.45,2442.83,2437.28,2442.8
2026-08-29 00:00:00+00:00,2442.79,2445.37,2442.11,2442.19
2026-08-29 00:15:00+00:00,2442.18,2448.05,2442.18,2445.64
2026-08-29 00:30:00+00:00,2445.65,2445.65,2442.57,2444.4
2026-08-29 00:45:00+00:00,2444.4,2444.98,2441.02,2442.47
2026-08-29 01:00:00+00:00,2442.47,2442.76,2439.18,2439.78
2026-08-29 01:15:00+00:00,2439.77,2444.16,2439.49,2444.16
2026-08-29 01:30:00+00:00,2444.16,2445.12,2442.21,2444.58
2026-08-29 01:45:00+00:00,2444.58,2445.92,2442.15,2443.78
2026-08-29 02:00:00+00:00,2443.77,2444.95,2441.81,2441.82
2026-08-29 02:15:00+00:00,2441.82,2441.92,2436.99,2438.4
2026-08-29 02:30:00+00:00,2438.39,2439.61,2435.59,2437.91
2026-08-29 02:45:00+00:00,2437.91,2440.32,2437.16,2438.73
2026-08-29 03:00:00+00:00,2438.72,2440.02,2438.72,2438.93
2026-08-29 03:15:00+00:00,2438.93,2441.62,2437.19,2440.39
2026-08-29 03:30:00+00:00,2440.39,2441.37,2437.3,2438.44
2026-08-29 03:45:00+00:00,2438.44,2438.45,2434.56,2435.23
2026-08-29 04:00:00+00:00,2435.24,2437.77,2434.65,2436.84
2026-08-29 04:15:00+00:00,2436.85,2438.35,2436.46,2438.01
2026-08-29 04:30:00+00:00,2438.01,2439.61,2437.74,2438.94
2026-08-29 04:45:00+00:00,2438.93,2441.13,2438.11,2440.45
2026-08-29 05:00:00+00:00,2440.45,2442.03,2439.18,2441.41
2026-08-29 05:15:00+00:00,2441.41,2441.42,2439.18,2439.76
2026-08-29 05:30:00+00:00,2439.76,2441.62,2438.72,2440.97
2026-08-29 05:45:00+00:00,2440.97,2441.26,2437.98,2438.62
2026-08-29 06:00:00+00:00,2438.62,2439.05,2430.45,2431.79
2026-08-29 06:15:00+00:00,2431.78,2434.05,2430.57,2431.58
2026-08-29 06:30:00+00:00,2431.57,2434.95,2431.57,2433.94
2026-08-29 06:45:00+00:00,2433.94,2435.42,2433.94,2435.16
2026-08-29 07:00:00+00:00,2435.17,2437.68,2434.16,2434.7
2026-08-29 07:15:00+00:00,2434.69,2436.6,2434.17,2435.31
2026-08-29 07:30:00+00:00,2435.31,2438.0,2434.71,2436.94
2026-08-29 07:45:00+00:00,2436.94,2438.0,2435.88,2436.41
2026-08-29 08:00:00+00:00,2436.4,2436.4,2431.2,2433.56
2026-08-29 08:15:00+00:00,2433.57,2435.69,2432.53,2435.67
2026-08-29 08:30:00+00:00,2435.68,2435.68,2432.53,2433.03
2026-08-29 08:45:00+00:00,2433.04,2434.38,2431.26,2434.15
2026-08-29 09:00:00+00:00,2434.14,2436.38,2433.65,2435.58
2026-08-29 09:15:00+00:00,2435.58,2436.01,2434.1,2434.1
2026-08-29 09:30:00+00:00,2434.11,2437.29,2434.1,2435.83
2026-08-29 09:45:00+00:00,2435.83,2436.68,2435.31,2435.44
2026-08-29 10:00:00+00:00,2435.43,2435.43,2431.43,2434.2
2026-08-29 10:15:00+00:00,2434.2,2438.41,2434.2,2436.54
2026-08-29 10:30:00+00:00,2436.53,2436.82,2435.15,2435.35
2026-08-29 10:45:00+00:00,2435.35,2436.59,2434.71,2434.72
2026-08-29 11:00:00+00:00,2434.71,2438.42,2433.63,2438.02
2026-08-29 11:15:00+00:00,2438.03,2438.5,2437.01,2437.48
2026-08-29 11:30:00+00:00,2437.48,2437.49,2435.87,2435.88
2026-08-29 11:45:00+00:00,2435.87,2436.87,2435.19,2435.87
2026-08-29 12:00:00+00:00,2435.88,2436.75,2435.29,2436.73
2026-08-29 12:15:00+00:00,2436.72,2438.96,2433.93,2435.72
2026-08-29 12:30:00+00:00,2435.72,2436.15,2434.15,2434.45
2026-08-29 12:45:00+00:00,2434.46,2435.14,2433.14,2434.33
2026-08-29 13:00:00+00:00,2434.33,2434.9,2433.03,2434.0
2026-08-29 13:15:00+00:00,2433.99,2435.78,2432.42,2434.35
2026-08-29 13:30:00+00:00,2434.35,2436.0,2433.67,2434.55
2026-08-29 13:45:00+00:00,2434.56,2436.51,2434.38,2435.63
2026-08-29 14:00:00+00:00,2435.63,2436.74,2435.05,2436.08
2026-08-29 14:15:00+00:00,2436.08,2437.24,2435.48,2435.9
2026-08-29 14:30:00+00:00,2435.9,2448.68,2435.89,2444.69
2026-08-29 14:45:00+00:00,2444.7,2452.64,2444.7,2448.58
2026-08-29 15:00:00+00:00,2448.59,2449.35,2441.03,2444.85
2026-08-29 15:15:00+00:00,2444.84,2447.05,2441.31,2444.78
2026-08-29 15:30:00+00:00,2444.78,2446.07,2442.28,2443.89
2026-08-29 15:45:00+00:00,2443.88,2446.94,2442.82,2444.76
2026-08-29 16:00:00+00:00,2444.75,2448.52,2444.52,2448.47
2026-08-29 16:15:00+00:00,2448.47,2457.77,2445.59,2447.99
2026-08-29 16:30:00+00:00,2448.0,2451.66,2445.87,2450.6
2026-08-29 16:45:00+00:00,2450.6,2454.81,2449.75,2450.98
2026-08-29 17:00:00+00:00,2450.99,2454.45,2450.99,2453.16
2026-08-29 17:15:00+00:00,2453.16,2455.44,2448.12,2448.39
2026-08-29 17:30:00+00:00,2448.38,2450.0,2445.57,2449.35
2026-08-29 17:45:00+00:00,2449.35,2450.78,2447.53,2450.74
2026-08-29 18:00:00+00:00,2450.74,2451.92,2448.08,2448.13
2026-08-29 18:15:00+00:00,2448.13,2449.35,2445.97,2447.01
2026-08-29 18:30:00+00:00,2447.0,2455.01,2445.6,2453.01
2026-08-29 18:45:00+00:00,2453.02,2455.83,2451.96,2452.45
2026-08-29 19:00:00+00:00,2452.45,2457.01,2452.44,2457.0
2026-08-29 19:15:00+00:00,2457.01,2458.69,2456.0,2457.64
2026-08-29 19:30:00+00:00,2457.65,2458.9,2454.25,2455.66
2026-08-29 19:45:00+00:00,2455.67,2455.67,2451.7,2453.51
2026-08-29 20:00:00+00:00,2453.51,2456.48,2452.22,2456.34
2026-08-29 20:15:00+00:00,2456.35,2458.24,2453.24,2453.24
2026-08-29 20:30:00+00:00,2453.19,2453.78,2451.7,2453.34
2026-08-29 20:45:00+00:00,2453.34,2453.71,2452.41,2452.82
2026-08-29 21:00:00+00:00,2452.82,2454.09,2449.08,2451.64
2026-08-29 21:15:00+00:00,2451.64,2452.64,2450.26,2450.26
2026-08-29 21:30:00+00:00,2450.27,2451.44,2450.15,2451.44
2026-08-29 21:45:00+00:00,2451.44,2452.72,2450.7,2451.47
2026-08-29 22:00:00+00:00,2451.47,2453.12,2450.28,2451.04
2026-08-29 22:15:00+00:00,2451.04,2451.56,2449.37,2450.99
2026-08-29 22:30:00+00:00,2451.0,2451.6,2450.99,2451.38
2026-08-29 22:45:00+00:00,2451.38,2453.25,2451.38,2452.64
2026-08-29 23:00:00+00:00,2452.63,2456.17,2452.63,2455.65
2026-08-29 23:15:00+00:00,2455.65,2456.47,2452.74,2455.25
2026-08-29 23:30:00+00:00,2455.25,2457.52,2453.44,2456.55
2026-08-29 23:45:00+00:00,2456.55,2459.76,2456.54,2457.67
2026-08-30 00:00:00+00:00,2457.67,2457.68,2454.53,2456.26
2026-08-30 00:15:00+00:00,2456.26,2467.93,2456.25,2462.63
2026-08-30 00:30:00+00:00,2462.64,2465.32,2460.17,2460.82
2026-08-30 00:45:00+00:00,2460.83,2463.55,2458.83,2458.95
2026-08-30 01:00:00+00:00,2458.94,2460.62,2456.28,2456.39
2026-08-30 01:15:00+00:00,2456.39,2456.71,2453.08,2454.18
2026-08-30 01:30:00+00:00,2454.18,2458.21,2453.41,2456.29
2026-08-30 01:45:00+00:00,2456.29,2459.41,2455.21,2456.37
2026-08-30 02:00:00+00:00,2456.37,2458.57,2455.05,2458.35
2026-08-30 02:15:00+00:00,2458.36,2458.58,2453.6,2455.55
2026-08-30 02:30:00+00:00,2455.56,2458.04,2453.76,2456.18
2026-08-30 02:45:00+00:00,2456.18,2458.99,2454.79,2454.97
2026-08-30 03:00:00+00:00,2454.97,2456.17,2454.17,2456.14
2026-08-30 03:15:00+00:00,2456.13,2459.11,2455.37,2459.11
2026-08-30 03:30:00+00:00,2459.11,2460.72,2458.17,2458.5
2026-08-30 03:45:00+00:00,2458.49,2458.5,2456.85,2457.15
2026-08-30 04:00:00+00:00,2457.14,2458.75,2456.48,2457.21
2026-08-30 04:15:00+00:00,2457.21,2458.69,2454.54,2455.55
2026-08-30 04:30:00+00:00,2455.54,2456.18,2452.92,2453.39
2026-08-30 04:45:00+00:00,2453.39,2455.87,2451.55,2455.87
2026-08-30 05:00:00+00:00,2455.86,2460.0,2455.67,2457.03
2026-08-30 05:15:00+00:00,2457.02,2457.03,2455.57,2455.87
2026-08-30 05:30:00+00:00,2455.86,2456.88,2455.11,2455.86
2026-08-30 05:45:00+00:00,2455.85,2456.36,2455.19,2456.36
2026-08-30 06:00:00+00:00,2456.35,2456.43,2455.01,2455.87
2026-08-30 06:15:00+00:00,2455.87,2457.85,2455.87,2456.66
2026-08-30 06:30:00+00:00,2456.66,2460.26,2456.66,2459.42
2026-08-30 06:45:00+00:00,2459.43,2461.52,2458.89,2461.07
2026-08-30 07:00:00+00:00,2461.07,2461.29,2458.7,2459.57
2026-08-30 07:15:00+00:00,2459.57,2459.58,2458.0,2458.01
2026-08-30 07:30:00+00:00,2458.01,2458.94,2456.15,2456.2
2026-08-30 07:45:00+00:00,2456.2,2457.47,2455.0,2455.28
2026-08-30 08:00:00+00:00,2455.28,2458.94,2455.28,2456.53
2026-08-30 08:15:00+00:00,2456.54,2459.9,2456.53,2458.6
2026-08-30 08:30:00+00:00,2458.6,2458.66,2455.0,2455.96
2026-08-30 08:45:00+00:00,2455.95,2457.16,2454.72,2456.86
2026-08-30 09:00:00+00:00,2456.87,2457.6,2455.89,2457.03
2026-08-30 09:15:00+00:00,2457.03,2458.24,2453.13,2453.34
2026-08-30 09:30:00+00:00,2453.34,2455.59,2451.79,2454.0
2026-08-30 09:45:00+00:00,2454.01,2455.77,2452.92,2453.54
2026-08-30 10:00:00+00:00,2453.54,2455.65,2452.58,2453.47
2026-08-30 10:15:00+00:00,2453.48,2458.75,2452.5,2455.5
2026-08-30 10:30:00+00:00,2455.49,2458.43,2455.31,2457.91
2026-08-30 10:45:00+00:00,2457.91,2459.8,2457.91,2459.68
2026-08-30 11:00:00+00:00,2459.68,2460.29,2457.84,2459.02
2026-08-30 11:15:00+00:00,2459.01,2461.81,2457.91,2461.36
2026-08-30 11:30:00+00:00,2461.36,2461.39,2457.79,2459.75
2026-08-30 11:45:00+00:00,2459.75,2460.42,2456.51,2460.41
2026-08-30 12:00:00+00:00,2460.42,2473.3,2460.19,2470.1
2026-08-30 12:15:00+00:00,2470.09,2470.09,2462.64,2466.29
2026-08-30 12:30:00+00:00,2466.29,2467.25,2458.73,2464.77
2026-08-30 12:45:00+00:00,2464.77,2469.71,2462.69,2469.47
2026-08-30 13:00:00+00:00,2469.47,2470.92,2462.11,2462.12
2026-08-30 13:15:00+00:00,2462.11,2467.08,2460.87,2466.72
2026-08-30 13:30:00+00:00,2466.73,2471.77,2465.16,2470.22
2026-08-30 13:45:00+00:00,2470.21,2478.44,2470.2,2475.59
2026-08-30 14:00:00+00:00,2475.58,2479.61,2470.91,2478.7
2026-08-30 14:15:00+00:00,2478.7,2479.45,2475.0,2476.75
2026-08-30 14:30:00+00:00,2476.76,2479.71,2473.52,2475.59
2026-08-30 14:45:00+00:00,2475.59,2479.04,2474.4,2477.12
2026-08-30 15:00:00+00:00,2477.13,2482.2,2473.15,2473.79
2026-08-30 15:15:00+00:00,2473.79,2480.2,2471.86,2477.59
2026-08-30 15:30:00+00:00,2477.58,2479.95,2476.15,2479.95
2026-08-30 15:45:00+00:00,2479.95,2484.0,2478.36,2481.11
2026-08-30 16:00:00+00:00,2481.11,2513.0,2479.28,2510.7
2026-08-30 16:15:00+00:00,2510.7,2519.68,2507.02,2513.67
2026-08-30 16:30:00+00:00,2513.68,2534.98,2512.34,2529.15
2026-08-30 16:45:00+00:00,2529.15,2530.98,2520.45,2529.28
2026-08-30 17:00:00+00:00,2529.27,2529.27,2519.25,2521.09
2026-08-30 17:15:00+00:00,2521.09,2521.1,2494.36,2498.07
2026-08-30 17:30:00+00:00,2498.08,2508.26,2494.84,2506.91
2026-08-30 17:45:00+00:00,2506.91,2509.52,2501.45,2505.73
2026-08-30 18:00:00+00:00,2505.73,2508.34,2496.59,2499.69
2026-08-30 18:15:00+00:00,2499.69,2512.82,2498.69,2511.8
2026-08-30 18:30:00+00:00,2511.81,2517.54,2510.7,2514.17
2026-08-30 18:45:00+00:00,2514.17,2514.66,2509.21,2510.64
2026-08-30 19:00:00+00:00,2510.64,2512.15,2506.11,2512.15
2026-08-30 19:15:00+00:00,2512.15,2513.33,2505.68,2506.17
2026-08-30 19:30:00+00:00,2506.17,2507.38,2499.37,2499.37
2026-08-30 19:45:00+00:00,2499.36,2503.83,2496.25,2503.83
2026-08-30 20:00:00+00:00,2503.82,2507.88,2503.52,2504.72
2026-08-30 20:15:00+00:00,2504.72,2508.6,2503.13,2503.58
2026-08-30 20:30:00+00:00,2503.58,2504.46,2485.28,2488.46
2026-08-30 20:45:00+00:00,2488.46,2499.9,2487.37,2490.81
2026-08-30 21:00:00+00:00,2490.82,2490.82,2460.18,2474.23
2026-08-30 21:15:00+00:00,2474.24,2479.06,2471.48,2477.7
2026-08-30 21:30:00+00:00,2477.7,2483.72,2476.77,2480.0
2026-08-30 21:45:00+00:00,2479.99,2483.02,2474.97,2481.56
2026-08-30 22:00:00+00:00,2481.57,2488.77,2474.56,2474.57
2026-08-30 22:15:00+00:00,2474.57,2476.13,2465.15,2467.41
2026-08-30 22:30:00+00:00,2467.4,2475.26,2460.4,2471.66
2026-08-30 22:45:00+00:00,2471.65,2473.11,2465.96,2470.63
2026-08-30 23:00:00+00:00,2470.62,2470.62,2463.86,2464.73
2026-08-30 23:15:00+00:00,2464.72,2465.88,2422.75,2426.74
2026-08-30 23:30:00+00:00,2426.74,2435.72,2403.43,2412.07
2026-08-30 23:45:00+00:00,2412.08,2420.01,2387.28,2416.88
2026-08-31 00:00:00+00:00,2416.89,2421.74,2406.53,2420.35
2026-08-31 00:15:00+00:00,2420.35,2432.33,2419.12,2430.48
2026-08-31 00:30:00+00:00,2430.48,2441.9,2428.95,2432.32
2026-08-31 00:45:00+00:00,2432.33,2433.59,2426.29,2428.25
2026-08-31 01:00:00+00:00,2428.24,2430.75,2413.59,2418.0
2026-08-31 01:15:00+00:00,2418.0,2423.15,2415.0,2420.08
2026-08-31 01:30:00+00:00,2420.07,2426.66,2415.16,2418.44
2026-08-31 01:45:00+00:00,2418.44,2421.81,2409.49,2412.95
2026-08-31 02:00:00+00:00,2412.95,2425.31,2408.18,2422.73
2026-08-31 02:15:00+00:00,2422.72,2423.47,2415.0,2416.57
2026-08-31 02:30:00+00:00,2416.58,2418.95,2412.41,2413.3
2026-08-31 02:45:00+00:00,2413.31,2414.24,2401.35,2407.9
2026-08-31 03:00:00+00:00,2407.91,2416.71,2405.03,2415.41
2026-08-31 03:15:00+00:00,2415.4,2422.4,2413.75,2420.13
2026-08-31 03:30:00+00:00,2420.12,2423.57,2418.45,2423.38
2026-08-31 03:45:00+00:00,2423.39,2424.24,2420.67,2420.94
2026-08-31 04:00:00+00:00,2420.94,2421.29,2413.44,2414.74
2026-08-31 04:15:00+00:00,2414.75,2415.06,2411.34,2412.62
2026-08-31 04:30:00+00:00,2412.62,2416.2,2412.05,2415.37
2026-08-31 04:45:00+00:00,2415.37,2418.46,2411.43,2417.68
2026-08-31 05:00:00+00:00,2417.67,2423.7,2414.1,2422.48
2026-08-31 05:15:00+00:00,2422.48,2441.93,2422.37,2434.99
2026-08-31 05:30:00+00:00,2435.0,2437.73,2429.16,2435.72
2026-08-31 05:45:00+00:00,2435.73,2438.59,2433.63,2435.99
2026-08-31 06:00:00+00:00,2436.0,2437.68,2431.32,2436.2
2026-08-31 06:15:00+00:00,2436.2,2444.83,2436.17,2441.59
2026-08-31 06:30:00+00:00,2441.59,2444.38,2437.05,2442.37
2026-08-31 06:45:00+00:00,2442.37,2443.6,2438.38,2438.66
2026-08-31 07:00:00+00:00,2438.66,2441.79,2436.17,2439.7
2026-08-31 07:15:00+00:00,2439.69,2446.6,2439.69,2442.97
2026-08-31 07:30:00+00:00,2442.97,2443.0,2438.83,2441.15
2026-08-31 07:45:00+00:00,2441.15,2441.67,2438.83,2440.38
2026-08-31 08:00:00+00:00,2440.38,2445.83,2434.16,2440.81
2026-08-31 08:15:00+00:00,2440.81,2440.81,2433.56,2436.25
2026-08-31 08:30:00+00:00,2436.24,2449.69,2435.54,2443.21
2026-08-31 08:45:00+00:00,2443.21,2448.25,2442.63,2446.14
2026-08-31 09:00:00+00:00,2446.15,2453.13,2443.03,2445.7
2026-08-31 09:15:00+00:00,2445.69,2452.32,2444.15,2446.97
2026-08-31 09:30:00+00:00,2446.98,2449.64,2446.33,2449.27
2026-08-31 09:45:00+00:00,2449.27,2456.7,2446.32,2446.7
2026-08-31 10:00:00+00:00,2446.71,2449.49,2440.82,2449.48
2026-08-31 10:15:00+00:00,2449.48,2449.49,2445.39,2449.19
2026-08-31 10:30:00+00:00,2449.19,2451.79,2446.08,2450.91
2026-08-31 10:45:00+00:00,2450.91,2456.9,2449.83,2455.63
2026-08-31 11:00:00+00:00,2455.64,2458.02,2452.31,2454.64
2026-08-31 11:15:00+00:00,2454.65,2457.0,2450.96,2452.19
2026-08-31 11:30:00+00:00,2452.19,2452.31,2446.64,2447.33
2026-08-31 11:45:00+00:00,2447.33,2448.38,2444.02,2446.35
2026-08-31 12:00:00+00:00,2446.36,2457.25,2444.8,2453.21
2026-08-31 12:15:00+00:00,2453.21,2464.27,2447.36,2454.62
2026-08-31 12:30:00+00:00,2454.61,2458.92,2444.59,2450.94
2026-08-31 12:45:00+00:00,2450.95,2452.21,2446.47,2451.55
2026-08-31 13:00:00+00:00,2451.55,2459.03,2451.43,2453.71
2026-08-31 13:15:00+00:00,2453.71,2454.79,2445.37,2450.46
2026-08-31 13:30:00+00:00,2450.46,2458.56,2445.12,2447.96
2026-08-31 13:45:00+00:00,2447.96,2449.38,2437.05,2440.28
2026-08-31 14:00:00+00:00,2440.29,2447.9,2438.28,2440.54
2026-08-31 14:15:00+00:00,2440.55,2448.93,2437.75,2445.48
2026-08-31 14:30:00+00:00,2445.48,2475.0,2444.0,2465.32
2026-08-31 14:45:00+00:00,2465.32,2471.32,2460.75,2467.56
2026-08-31 15:00:00+00:00,2467.57,2470.96,2458.89,2459.49
2026-08-31 15:15:00+00:00,2459.49,2470.5,2458.28,2468.54
2026-08-31 15:30:00+00:00,2468.54,2478.09,2465.96,2476.61
2026-08-31 15:45:00+00:00,2476.62,2477.64,2467.14,2467.68
2026-08-31 16:00:00+00:00,2467.68,2472.6,2464.59,2465.55
2026-08-31 16:15:00+00:00,2465.55,2471.0,2462.05,2464.77
2026-08-31 16:30:00+00:00,2464.78,2472.33,2464.0,2471.52
2026-08-31 16:45:00+00:00,2471.52,2477.24,2468.5,2469.2
2026-08-31 17:00:00+00:00,2469.19,2473.85,2468.18,2471.69
2026-08-31 17:15:00+00:00,2471.7,2472.05,2461.26,2463.73
2026-08-31 17:30:00+00:00,2463.74,2474.63,2462.38,2471.28
2026-08-31 17:45:00+00:00,2471.28,2477.37,2469.61,2475.42
2026-08-31 18:00:00+00:00,2475.41,2475.41,2469.81,2473.47
2026-08-31 18:15:00+00:00,2473.47,2480.75,2468.98,2471.09
2026-08-31 18:30:00+00:00,2471.09,2489.89,2470.24,2487.89
2026-08-31 18:45:00+00:00,2487.89,2487.9,2476.26,2477.8
2026-08-31 19:00:00+00:00,2477.81,2489.95,2477.8,2486.44
2026-08-31 19:15:00+00:00,2486.43,2486.44,2481.77,2485.53
2026-08-31 19:30:00+00:00,2485.53,2486.05,2478.4,2480.37
2026-08-31 19:45:00+00:00,2480.37,2485.4,2477.4,2481.84
2026-08-31 20:00:00+00:00,2481.84,2483.35,2478.1,2480.0
2026-08-31 20:15:00+00:00,2479.99,2487.0,2475.26,2476.12
2026-08-31 20:30:00+00:00,2476.11,2477.76,2470.06,2473.87
2026-08-31 20:45:00+00:00,2473.87,2475.06,2470.94,2472.62
2026-08-31 21:00:00+00:00,2472.63,2476.23,2467.64,2472.65
2026-08-31 21:15:00+00:00,2472.64,2478.52,2470.58,2478.51
2026-08-31 21:30:00+00:00,2478.52,2483.51,2477.89,2481.48
2026-08-31 21:45:00+00:00,2481.48,2483.19,2478.26,2478.27
2026-08-31 22:00:00+00:00,2478.27,2480.91,2474.38,2474.7
2026-08-31 22:15:00+00:00,2474.7,2474.96,2470.73,2471.12
2026-08-31 22:30:00+00:00,2471.13,2471.86,2468.0,2468.86
2026-08-31 22:45:00+00:00,2468.86,2470.68,2467.72,2469.45
2026-08-31 23:00:00+00:00,2469.45,2469.45,2462.0,2464.4
2026-08-31 23:15:00+00:00,2464.41,2466.8,2463.43,2466.49
2026-08-31 23:30:00+00:00,2466.49,2468.05,2464.52,2467.41
2026-08-31 23:45:00+00:00,2467.41,2468.05,2465.99,2467.65
2026-09-01 00:00:00+00:00,2467.64,2473.8,2465.42,2472.47
2026-09-01 00:15:00+00:00,2472.47,2477.55,2471.58,2475.49
2026-09-01 00:30:00+00:00,2475.49,2476.8,2470.92,2472.04
2026-09-01 00:45:00+00:00,2472.04,2475.9,2468.75,2471.61
2026-09-01 01:00:00+00:00,2471.62,2476.22,2467.01,2467.84
2026-09-01 01:15:00+00:00,2467.84,2470.14,2458.18,2461.13
2026-09-01 01:30:00+00:00,2461.13,2468.0,2458.27,2467.4
2026-09-01 01:45:00+00:00,2467.4,2467.8,2461.45,2462.86
2026-09-01 02:00:00+00:00,2462.85,2462.85,2454.66,2457.94
2026-09-01 02:15:00+00:00,2457.94,2462.76,2455.0,2458.5
2026-09-01 02:30:00+00:00,2458.5,2463.3,2458.5,2460.38
2026-09-01 02:45:00+00:00,2460.37,2465.34,2459.27,2465.08
2026-09-01 03:00:00+00:00,2465.09,2467.31,2464.15,2466.12
2026-09-01 03:15:00+00:00,2466.11,2467.31,2463.3,2466.8
2026-09-01 03:30:00+00:00,2466.79,2482.8,2466.39,2476.56
2026-09-01 03:45:00+00:00,2476.55,2476.55,2471.03,2472.21
2026-09-01 04:00:00+00:00,2472.21,2475.18,2470.39,2473.03
2026-09-01 04:15:00+00:00,2473.04,2478.2,2473.03,2476.13
2026-09-01 04:30:00+00:00,2476.13,2477.0,2470.77,2471.21
2026-09-01 04:45:00+00:00,2471.21,2472.49,2468.72,2470.02
2026-09-01 05:00:00+00:00,2470.02,2477.01,2468.73,2472.82
2026-09-01 05:15:00+00:00,2472.82,2475.79,2470.56,2475.53
2026-09-01 05:30:00+00:00,2475.53,2482.0,2475.28,2481.99
2026-09-01 05:45:00+00:00,2481.99,2485.5,2479.55,2484.54
2026-09-01 06:00:00+00:00,2484.54,2484.55,2478.39,2479.76
2026-09-01 06:15:00+00:00,2479.76,2479.77,2473.38,2475.69
2026-09-01 06:30:00+00:00,2475.68,2477.8,2475.35,2476.71
2026-09-01 06:45:00+00:00,2476.7,2476.71,2471.61,2471.61
2026-09-01 07:00:00+00:00,2471.61,2475.27,2471.29,2473.97
2026-09-01 07:15:00+00:00,2473.97,2477.22,2473.14,2475.13
2026-09-01 07:30:00+00:00,2475.13,2476.02,2466.57,2470.6
2026-09-01 07:45:00+00:00,2470.59,2473.93,2468.74,2472.72
2026-09-01 08:00:00+00:00,2472.72,2473.62,2461.43,2464.15
2026-09-01 08:15:00+00:00,2464.15,2464.99,2447.83,2448.11
2026-09-01 08:30:00+00:00,2448.1,2455.67,2444.92,2451.65
2026-09-01 08:45:00+00:00,2451.65,2454.36,2446.2,2448.17
2026-09-01 09:00:00+00:00,2448.18,2450.09,2443.44,2444.73
2026-09-01 09:15:00+00:00,2444.72,2453.3,2444.25,2451.34
2026-09-01 09:30:00+00:00,2451.34,2455.0,2449.15,2454.65
2026-09-01 09:45:00+00:00,2454.7,2454.92,2451.74,2452.44
2026-09-01 10:00:00+00:00,2452.44,2455.11,2449.3,2452.32
2026-09-01 10:15:00+00:00,2452.33,2459.48,2448.35,2458.02
2026-09-01 10:30:00+00:00,2458.01,2463.55,2458.01,2460.49
2026-09-01 10:45:00+00:00,2460.5,2462.61,2456.02,2456.97
2026-09-01 11:00:00+00:00,2456.97,2457.05,2453.16,2454.73
2026-09-01 11:15:00+00:00,2454.74,2457.02,2452.77,2456.43
2026-09-01 11:30:00+00:00,2456.44,2463.56,2454.61,2460.23
2026-09-01 11:45:00+00:00,2460.23,2464.73,2458.14,2459.18
2026-09-01 12:00:00+00:00,2459.18,2459.32,2453.39,2455.61
2026-09-01 12:15:00+00:00,2455.62,2458.58,2452.2,2455.3
2026-09-01 12:30:00+00:00,2455.29,2455.3,2438.43,2446.22
2026-09-01 12:45:00+00:00,2446.22,2449.48,2444.42,2446.61
2026-09-01 13:00:00+00:00,2446.62,2447.3,2426.58,2441.51
2026-09-01 13:15:00+00:00,2441.51,2445.0,2438.78,2444.31
2026-09-01 13:30:00+00:00,2444.31,2450.0,2431.5,2442.63
2026-09-01 13:45:00+00:00,2442.63,2449.5,2440.19,2444.41
2026-09-01 14:00:00+00:00,2444.42,2456.65,2442.05,2451.36
2026-09-01 14:15:00+00:00,2451.35,2455.0,2446.68,2451.37
2026-09-01 14:30:00+00:00,2451.36,2455.83,2450.19,2455.0
2026-09-01 14:45:00+00:00,2455.0,2457.64,2447.44,2449.29
2026-09-01 15:00:00+00:00,2449.3,2449.58,2435.0,2438.01
2026-09-01 15:15:00+00:00,2438.01,2443.43,2435.5,2443.43
2026-09-01 15:30:00+00:00,2443.43,2449.23,2441.44,2449.22
2026-09-01 15:45:00+00:00,2449.22,2454.68,2448.22,2448.97
2026-09-01 16:00:00+00:00,2448.97,2449.6,2434.4,2434.69
2026-09-01 16:15:00+00:00,2434.69,2438.68,2426.0,2433.59
2026-09-01 16:30:00+00:00,2433.58,2435.57,2420.01,2429.2
2026-09-01 16:45:00+00:00,2429.2,2435.0,2428.2,2432.83
2026-09-01 17:00:00+00:00,2432.83,2434.7,2431.01,2432.94
2026-09-01 17:15:00+00:00,2432.93,2436.91,2428.46,2432.99
2026-09-01 17:30:00+00:00,2432.99,2439.53,2432.65,2433.37
2026-09-01 17:45:00+00:00,2433.37,2433.37,2416.85,2418.18
2026-09-01 18:00:00+00:00,2418.18,2421.98,2408.56,2416.93
2026-09-01 18:15:00+00:00,2416.92,2418.4,2401.76,2414.8
2026-09-01 18:30:00+00:00,2414.8,2417.13,2389.33,2389.76
2026-09-01 18:45:00+00:00,2389.75,2413.25,2383.34,2412.83
2026-09-01 19:00:00+00:00,2412.83,2420.24,2412.24,2415.62
2026-09-01 19:15:00+00:00,2415.62,2424.89,2412.67,2420.68
2026-09-01 19:30:00+00:00,2420.67,2422.13,2416.86,2417.42
2026-09-01 19:45:00+00:00,2417.42,2419.27,2413.0,2419.18
2026-09-01 20:00:00+00:00,2419.19,2420.4,2413.07,2420.4
2026-09-01 20:15:00+00:00,2420.4,2422.43,2416.56,2420.16
2026-09-01 20:30:00+00:00,2420.16,2423.12,2418.5,2419.36
2026-09-01 20:45:00+00:00,2419.36,2421.56,2416.88,2421.32
2026-09-01 21:00:00+00:00,2421.33,2423.39,2405.0,2408.7
2026-09-01 21:15:00+00:00,2408.71,2417.32,2400.42,2414.78
2026-09-01 21:30:00+00:00,2414.77,2414.78,2407.63,2412.49
2026-09-01 21:45:00+00:00,2412.49,2417.66,2412.49,2415.46
2026-09-01 22:00:00+00:00,2415.46,2418.7,2413.82,2416.35
2026-09-01 22:15:00+00:00,2416.35,2416.35,2407.23,2407.66
2026-09-01 22:30:00+00:00,2407.65,2410.04,2405.85,2407.76
2026-09-01 22:45:00+00:00,2407.75,2415.88,2407.75,2413.18
2026-09-01 23:00:00+00:00,2413.17,2414.92,2411.0,2412.98
2026-09-01 23:15:00+00:00,2412.98,2417.25,2412.8,2417.25
2026-09-01 23:30:00+00:00,2417.24,2427.15,2416.55,2423.24
2026-09-01 23:45:00+00:00,2423.23,2425.59,2418.41,2418.57
2026-09-02 00:00:00+00:00,2418.58,2420.99,2416.91,2420.15
2026-09-02 00:15:00+00:00,2420.15,2422.32,2410.86,2412.34
2026-09-02 00:30:00+00:00,2412.33,2415.53,2405.87,2409.14
2026-09-02 00:45:00+00:00,2409.14,2411.75,2406.96,2408.85
2026-09-02 01:00:00+00:00,2408.84,2415.0,2407.06,2413.14
2026-09-02 01:15:00+00:00,2413.14,2415.0,2408.99,2409.21
2026-09-02 01:30:00+00:00,2409.21,2411.64,2391.09,2395.15
2026-09-02 01:45:00+00:00,2395.16,2400.79,2386.74,2399.32
2026-09-02 02:00:00+00:00,2399.32,2406.0,2395.0,2402.06
2026-09-02 02:15:00+00:00,2402.07,2411.01,2401.37,2409.97
2026-09-02 02:30:00+00:00,2409.96,2410.53,2404.49,2406.96
2026-09-02 02:45:00+00:00,2406.96,2409.93,2406.26,2409.92
2026-09-02 03:00:00+00:00,2409.93,2420.56,2408.64,2415.61
2026-09-02 03:15:00+00:00,2415.62,2424.3,2412.8,2420.0
2026-09-02 03:30:00+00:00,2420.0,2420.3,2413.92,2414.77
2026-09-02 03:45:00+00:00,2414.76,2417.24,2412.04,2414.42
2026-09-02 04:00:00+00:00,2414.42,2415.46,2406.52,2408.17
2026-09-02 04:15:00+00:00,2408.16,2413.43,2405.44,2412.44
2026-09-02 04:30:00+00:00,2412.45,2416.46,2412.01,2415.69
2026-09-02 04:45:00+00:00,2415.69,2416.49,2414.24,2415.23
2026-09-02 05:00:00+00:00,2415.23,2416.33,2409.45,2415.3
2026-09-02 05:15:00+00:00,2415.3,2423.33,2415.08,2422.52
2026-09-02 05:30:00+00:00,2422.52,2423.23,2419.54,2420.77
2026-09-02 05:45:00+00:00,2420.78,2425.0,2420.46,2422.53
2026-09-02 06:00:00+00:00,2422.53,2424.72,2418.48,2418.55
2026-09-02 06:15:00+00:00,2418.55,2422.53,2416.4,2418.3
2026-09-02 06:30:00+00:00,2418.3,2425.5,2414.98,2422.44
2026-09-02 06:45:00+00:00,2422.44,2422.89,2417.03,2420.73
2026-09-02 07:00:00+00:00,2420.73,2429.0,2420.44,2426.69
2026-09-02 07:15:00+00:00,2426.69,2426.69,2421.24,2421.79
2026-09-02 07:30:00+00:00,2421.79,2424.8,2420.88,2421.74
2026-09-02 07:45:00+00:00,2421.74,2422.85,2417.6,2417.9
2026-09-02 08:00:00+00:00,2417.9,2420.64,2414.89,2417.45
2026-09-02 08:15:00+00:00,2417.46,2419.1,2413.63,2414.01
2026-09-02 08:30:00+00:00,2414.0,2414.01,2395.36,2396.23
2026-09-02 08:45:00+00:00,2396.23,2400.69,2390.09,2393.16
2026-09-02 09:00:00+00:00,2393.15,2400.0,2393.05,2395.6
2026-09-02 09:15:00+00:00,2395.6,2395.94,2378.0,2388.0
2026-09-02 09:30:00+00:00,2388.0,2388.65,2368.11,2369.85
2026-09-02 09:45:00+00:00,2369.84,2377.31,2366.9,2376.61
2026-09-02 10:00:00+00:00,2376.62,2376.89,2370.0,2373.0
2026-09-02 10:15:00+00:00,2373.0,2376.02,2369.4,2369.8
2026-09-02 10:30:00+00:00,2369.79,2370.53,2360.0,2366.32
2026-09-02 10:45:00+00:00,2366.32,2373.31,2356.41,2372.76
2026-09-02 11:00:00+00:00,2372.73,2377.17,2367.52,2376.08
2026-09-02 11:15:00+00:00,2376.08,2377.17,2369.16,2374.3
2026-09-02 11:30:00+00:00,2374.3,2382.28,2373.4,2377.92
2026-09-02 11:45:00+00:00,2377.91,2382.09,2376.04,2381.88
2026-09-02 12:00:00+00:00,2381.87,2383.0,2377.53,2382.42
2026-09-02 12:15:00+00:00,2382.42,2390.0,2379.32,2386.6
2026-09-02 12:30:00+00:00,2386.6,2386.92,2380.05,2382.25
2026-09-02 12:45:00+00:00,2382.25,2382.26,2377.21,2377.65
2026-09-02 13:00:00+00:00,2377.65,2385.58,2377.64,2381.96
2026-09-02 13:15:00+00:00,2381.96,2389.82,2381.95,2388.08
2026-09-02 13:30:00+00:00,2388.09,2417.52,2380.0,2417.17
2026-09-02 13:45:00+00:00,2417.17,2419.72,2397.54,2402.99
2026-09-02 14:00:00+00:00,2403.0,2408.51,2394.82,2406.82
2026-09-02 14:15:00+00:00,2406.83,2410.9,2401.0,2404.29
2026-09-02 14:30:00+00:00,2404.29,2404.59,2393.15,2403.75
2026-09-02 14:45:00+00:00,2403.76,2404.72,2393.93,2394.45
2026-09-02 15:00:00+00:00,2394.46,2397.67,2379.01,2385.15
2026-09-02 15:15:00+00:00,2385.15,2394.0,2384.57,2388.57
2026-09-02 15:30:00+00:00,2388.58,2399.09,2385.46,2397.7
2026-09-02 15:45:00+00:00,2397.71,2397.92,2384.0,2390.98
2026-09-02 16:00:00+00:00,2390.98,2396.76,2386.68,2394.23
2026-09-02 16:15:00+00:00,2394.23,2404.8,2392.56,2398.31
2026-09-02 16:30:00+00:00,2398.32,2402.73,2388.42,2388.42
2026-09-02 16:45:00+00:00,2388.43,2392.0,2384.81,2386.2
2026-09-02 17:00:00+00:00,2386.21,2388.16,2375.51,2380.25
2026-09-02 17:15:00+00:00,2380.24,2381.18,2372.55,2379.6
2026-09-02 17:30:00+00:00,2379.59,2389.47,2378.6,2389.47
2026-09-02 17:45:00+00:00,2389.47,2394.3,2389.47,2393.77
2026-09-02 18:00:00+00:00,2393.77,2396.89,2391.45,2395.24
2026-09-02 18:15:00+00:00,2395.25,2399.91,2393.95,2396.38
2026-09-02 18:30:00+00:00,2396.37,2397.82,2391.02,2392.02
2026-09-02 18:45:00+00:00,2392.02,2395.64,2390.39,2394.93
2026-09-02 19:00:00+00:00,2394.92,2396.64,2393.45,2396.02
2026-09-02 19:15:00+00:00,2396.01,2396.67,2386.68,2386.69
2026-09-02 19:30:00+00:00,2386.68,2388.16,2383.14,2387.06
2026-09-02 19:45:00+00:00,2387.06,2393.0,2386.07,2392.99
2026-09-02 20:00:00+00:00,2393.0,2399.74,2390.79,2393.03
2026-09-02 20:15:00+00:00,2393.04,2396.89,2386.08,2391.56
2026-09-02 20:30:00+00:00,2391.56,2395.52,2390.33,2390.95
2026-09-02 20:45:00+00:00,2390.94,2395.43,2388.74,2393.56
2026-09-02 21:00:00+00:00,2393.56,2394.46,2391.13,2392.61
2026-09-02 21:15:00+00:00,2392.61,2393.16,2390.81,2391.1
2026-09-02 21:30:00+00:00,2391.09,2395.09,2389.38,2394.01
2026-09-02 21:45:00+00:00,2394.01,2394.02,2390.06,2390.15
2026-09-02 22:00:00+00:00,2390.14,2390.15,2381.79,2385.03
2026-09-02 22:15:00+00:00,2385.03,2385.94,2378.64,2379.1
2026-09-02 22:30:00+00:00,2379.11,2385.24,2379.11,2383.3
2026-09-02 22:45:00+00:00,2383.3,2383.6,2379.46,2379.81
2026-09-02 23:00:00+00:00,2379.81,2386.97,2377.77,2386.96
2026-09-02 23:15:00+00:00,2386.96,2387.02,2383.25,2386.05
2026-09-02 23:30:00+00:00,2386.06,2388.54,2383.33,2384.35
2026-09-02 23:45:00+00:00,2384.35,2393.63,2384.35,2391.92
2026-09-03 00:00:00+00:00,2391.91,2395.41,2387.8,2387.8
2026-09-03 00:15:00+00:00,2387.81,2387.81,2380.58,2381.02
2026-09-03 00:30:00+00:00,2381.01,2385.81,2379.26,2383.93
2026-09-03 00:45:00+00:00,2383.92,2384.82,2379.56,2379.84
2026-09-03 01:00:00+00:00,2379.82,2391.56,2370.14,2390.77
2026-09-03 01:15:00+00:00,2390.76,2392.45,2386.11,2392.45
2026-09-03 01:30:00+00:00,2392.46,2394.61,2387.67,2389.17
2026-09-03 01:45:00+00:00,2389.16,2391.53,2384.69,2386.81
2026-09-03 02:00:00+00:00,2386.8,2391.6,2382.53,2391.18
2026-09-03 02:15:00+00:00,2391.19,2396.75,2389.0,2395.77
2026-09-03 02:30:00+00:00,2395.76,2407.57,2394.26,2405.18
2026-09-03 02:45:00+00:00,2405.15,2409.73,2402.75,2406.08
2026-09-03 03:00:00+00:00,2406.09,2409.01,2403.19,2407.76
2026-09-03 03:15:00+00:00,2407.76,2410.94,2403.99,2403.99
2026-09-03 03:30:00+00:00,2403.99,2405.61,2399.8,2400.41
2026-09-03 03:45:00+00:00,2400.42,2403.55,2399.78,2403.3
2026-09-03 04:00:00+00:00,2403.29,2407.1,2401.33,2401.62
2026-09-03 04:15:00+00:00,2401.63,2402.09,2396.94,2398.26
2026-09-03 04:30:00+00:00,2398.26,2400.0,2397.55,2397.71
2026-09-03 04:45:00+00:00,2397.71,2408.31,2397.7,2408.31
2026-09-03 05:00:00+00:00,2408.3,2410.0,2400.92,2402.18
2026-09-03 05:15:00+00:00,2402.19,2402.85,2379.41,2385.27
2026-09-03 05:30:00+00:00,2385.26,2397.68,2384.25,2396.24
2026-09-03 05:45:00+00:00,2396.23,2405.49,2393.8,2404.81
2026-09-03 06:00:00+00:00,2404.82,2406.49,2400.69,2401.4
2026-09-03 06:15:00+00:00,2401.41,2408.59,2400.37,2407.89
2026-09-03 06:30:00+00:00,2407.9,2409.93,2406.08,2409.93
2026-09-03 06:45:00+00:00,2409.93,2410.24,2407.11,2408.6
2026-09-03 07:00:00+00:00,2408.6,2419.33,2407.8,2413.03
2026-09-03 07:15:00+00:00,2413.03,2413.05,2404.96,2408.06
2026-09-03 07:30:00+00:00,2408.05,2412.99,2403.6,2408.01
2026-09-03 07:45:00+00:00,2408.01,2409.46,2395.85,2398.68
2026-09-03 08:00:00+00:00,2398.68,2413.04,2398.67,2405.73
2026-09-03 08:15:00+00:00,2405.72,2409.17,2400.44,2408.81
2026-09-03 08:30:00+00:00,2408.81,2409.68,2405.15,2405.7
2026-09-03 08:45:00+00:00,2405.7,2407.46,2401.19,2403.69
2026-09-03 09:00:00+00:00,2403.69,2407.64,2401.33,2404.9
2026-09-03 09:15:00+00:00,2404.91,2406.49,2399.15,2399.16
2026-09-03 09:30:00+00:00,2399.16,2399.91,2393.98,2396.81
2026-09-03 09:45:00+00:00,2396.81,2399.4,2393.57,2393.58
2026-09-03 10:00:00+00:00,2393.57,2396.94,2390.68,2391.66
2026-09-03 10:15:00+00:00,2391.66,2398.86,2390.11,2396.5
2026-09-03 10:30:00+00:00,2396.5,2397.14,2390.0,2391.61
2026-09-03 10:45:00+00:00,2391.6,2397.5,2391.28,2396.83
2026-09-03 11:00:00+00:00,2396.83,2400.39,2395.71,2399.85
2026-09-03 11:15:00+00:00,2399.85,2406.1,2399.85,2405.66
2026-09-03 11:30:00+00:00,2405.67,2409.17,2402.47,2408.71
2026-09-03 11:45:00+00:00,2408.71,2411.35,2405.65,2407.2
2026-09-03 12:00:00+00:00,2407.2,2411.13,2405.09,2409.77
2026-09-03 12:15:00+00:00,2409.76,2411.93,2405.63,2408.09
2026-09-03 12:30:00+00:00,2408.1,2423.61,2408.09,2413.75
2026-09-03 12:45:00+00:00,2413.75,2427.0,2413.12,2423.27
2026-09-03 13:00:00+00:00,2423.27,2424.9,2417.28,2419.69
2026-09-03 13:15:00+00:00,2419.7,2421.54,2415.87,2420.11
2026-09-03 13:30:00+00:00,2420.12,2435.76,2418.24,2435.07
2026-09-03 13:45:00+00:00,2435.06,2436.21,2424.71,2430.17
2026-09-03 14:00:00+00:00,2430.17,2439.81,2425.71,2439.78
2026-09-03 14:15:00+00:00,2439.78,2451.36,2438.31,2450.79
2026-09-03 14:30:00+00:00,2450.79,2464.78,2448.44,2457.04
2026-09-03 14:45:00+00:00,2457.04,2489.9,2456.6,2489.46
2026-09-03 15:00:00+00:00,2489.46,2503.43,2479.2,2486.27
2026-09-03 15:15:00+00:00,2486.27,2493.0,2482.24,2490.46
2026-09-03 15:30:00+00:00,2490.46,2497.57,2488.42,2492.9
2026-09-03 15:45:00+00:00,2492.91,2517.17,2487.36,2516.58
2026-09-03 16:00:00+00:00,2516.58,2519.0,2496.43,2501.02
2026-09-03 16:15:00+00:00,2501.01,2501.08,2488.84,2491.85
2026-09-03 16:30:00+00:00,2491.85,2497.94,2488.84,2488.99
2026-09-03 16:45:00+00:00,2488.99,2496.0,2488.38,2494.09
2026-09-03 17:00:00+00:00,2494.1,2499.44,2492.08,2499.42
2026-09-03 17:15:00+00:00,2499.42,2503.25,2496.04,2499.61
2026-09-03 17:30:00+00:00,2499.61,2506.0,2498.66,2502.02
2026-09-03 17:45:00+00:00,2502.02,2505.52,2499.71,2500.49
2026-09-03 18:00:00+00:00,2500.49,2511.39,2499.95,2507.89
2026-09-03 18:15:00+00:00,2507.9,2508.96,2499.71,2500.4
2026-09-03 18:30:00+00:00,2500.4,2503.22,2498.37,2499.02
2026-09-03 18:45:00+00:00,2499.02,2514.45,2499.01,2512.8
2026-09-03 19:00:00+00:00,2512.8,2529.84,2508.58,2509.09
2026-09-03 19:15:00+00:00,2509.09,2519.0,2507.19,2514.74
2026-09-03 19:30:00+00:00,2514.75,2517.59,2508.36,2515.67
2026-09-03 19:45:00+00:00,2515.66,2518.18,2510.3,2518.18
2026-09-03 20:00:00+00:00,2518.18,2518.3,2506.11,2511.14
2026-09-03 20:15:00+00:00,2511.13,2514.36,2506.6,2510.17
2026-09-03 20:30:00+00:00,2510.18,2511.35,2502.37,2503.94
2026-09-03 20:45:00+00:00,2503.95,2508.71,2503.67,2505.13
2026-09-03 21:00:00+00:00,2505.13,2512.0,2500.62,2511.78
2026-09-03 21:15:00+00:00,2511.77,2513.31,2506.99,2513.15
2026-09-03 21:30:00+00:00,2513.16,2526.19,2509.0,2509.01
2026-09-03 21:45:00+00:00,2509.01,2516.13,2506.22,2511.19
2026-09-03 22:00:00+00:00,2511.19,2512.57,2501.56,2504.26
2026-09-03 22:15:00+00:00,2504.25,2506.24,2494.5,2494.68
2026-09-03 22:30:00+00:00,2494.68,2496.92,2490.13,2496.91
2026-09-03 22:45:00+00:00,2496.92,2501.36,2496.44,2496.54
2026-09-03 23:00:00+00:00,2496.54,2499.44,2495.5,2497.13
2026-09-03 23:15:00+00:00,2497.13,2502.0,2495.75,2501.99
2026-09-03 23:30:00+00:00,2501.99,2508.33,2497.88,2506.84
2026-09-03 23:45:00+00:00,2506.85,2509.16,2503.31,2507.51
2026-09-04 00:00:00+00:00,2507.5,2509.51,2503.0,2507.76
2026-09-04 00:15:00+00:00,2507.76,2512.27,2505.0,2506.47
2026-09-04 00:30:00+00:00,2506.46,2515.76,2504.88,2506.39
2026-09-04 00:45:00+00:00,2506.4,2508.1,2500.86,2501.48
2026-09-04 01:00:00+00:00,2501.48,2507.76,2497.26,2504.11
2026-09-04 01:15:00+00:00,2504.11,2509.91,2502.31,2504.62
2026-09-04 01:30:00+00:00,2504.62,2508.61,2498.29,2499.56
2026-09-04 01:45:00+00:00,2499.56,2507.98,2498.4,2506.79
2026-09-04 02:00:00+00:00,2506.79,2506.79,2499.96,2502.62
2026-09-04 02:15:00+00:00,2502.63,2505.39,2497.05,2498.99
2026-09-04 02:30:00+00:00,2498.99,2504.8,2497.08,2500.67
2026-09-04 02:45:00+00:00,2500.67,2507.74,2499.6,2507.74
2026-09-04 03:00:00+00:00,2507.74,2517.2,2507.68,2510.99
2026-09-04 03:15:00+00:00,2510.99,2511.84,2507.49,2507.54
2026-09-04 03:30:00+00:00,2507.54,2509.13,2505.39,2506.98
2026-09-04 03:45:00+00:00,2506.98,2508.28,2505.13,2505.14
2026-09-04 04:00:00+00:00,2505.14,2507.44,2502.55,2507.43
2026-09-04 04:15:00+00:00,2507.43,2524.0,2506.94,2523.57
2026-09-04 04:30:00+00:00,2523.58,2525.0,2512.26,2512.27
2026-09-04 04:45:00+00:00,2512.27,2513.67,2508.39,2509.4
2026-09-04 05:00:00+00:00,2509.41,2514.35,2506.84,2511.38
2026-09-04 05:15:00+00:00,2511.39,2516.56,2510.69,2511.01
2026-09-04 05:30:00+00:00,2511.0,2512.54,2507.57,2512.53
2026-09-04 05:45:00+00:00,2512.54,2514.07,2504.52,2509.25
2026-09-04 06:00:00+00:00,2509.25,2519.08,2507.05,2514.89
2026-09-04 06:15:00+00:00,2514.9,2514.9,2504.99,2505.61
2026-09-04 06:30:00+00:00,2505.61,2509.0,2500.19,2509.0
2026-09-04 06:45:00+00:00,2509.0,2509.04,2504.53,2508.19
2026-09-04 07:00:00+00:00,2508.19,2516.5,2507.76,2515.41
2026-09-04 07:15:00+00:00,2515.41,2515.83,2509.9,2511.34
2026-09-04 07:30:00+00:00,2511.35,2513.0,2505.24,2507.16
2026-09-04 07:45:00+00:00,2507.15,2508.71,2503.86,2504.39
2026-09-04 08:00:00+00:00,2504.39,2513.14,2503.4,2512.93
2026-09-04 08:15:00+00:00,2512.93,2517.21,2511.58,2516.71
2026-09-04 08:30:00+00:00,2516.71,2521.68,2514.46,2519.07
2026-09-04 08:45:00+00:00,2519.07,2534.47,2516.18,2527.15
2026-09-04 09:00:00+00:00,2527.16,2536.4,2525.26,2530.28
2026-09-04 09:15:00+00:00,2530.28,2546.66,2519.5,2522.37
2026-09-04 09:30:00+00:00,2522.37,2533.23,2520.0,2529.48
2026-09-04 09:45:00+00:00,2529.47,2531.23,2520.77,2521.33
2026-09-04 10:00:00+00:00,2521.33,2525.0,2516.98,2519.99
2026-09-04 10:15:00+00:00,2519.99,2522.03,2514.67,2521.06
2026-09-04 10:30:00+00:00,2521.07,2528.51,2519.53,2527.91
2026-09-04 10:45:00+00:00,2527.92,2528.3,2522.84,2526.52
2026-09-04 11:00:00+00:00,2526.52,2526.52,2520.43,2522.62
2026-09-04 11:15:00+00:00,2522.62,2526.9,2521.58,2525.6
2026-09-04 11:30:00+00:00,2525.59,2527.89,2522.97,2525.3
2026-09-04 11:45:00+00:00,2525.29,2527.78,2521.87,2523.02
2026-09-04 12:00:00+00:00,2523.03,2525.7,2520.97,2524.64
2026-09-04 12:15:00+00:00,2524.64,2532.21,2519.61,2530.13
2026-09-04 12:30:00+00:00,2530.13,2530.13,2436.07,2451.24
2026-09-04 12:45:00+00:00,2451.25,2458.26,2434.69,2451.24
2026-09-04 13:00:00+00:00,2451.25,2454.63,2445.0,2446.05
2026-09-04 13:15:00+00:00,2446.06,2455.43,2445.03,2449.97
2026-09-04 13:30:00+00:00,2449.98,2457.03,2435.38,2450.56
2026-09-04 13:45:00+00:00,2450.56,2463.86,2447.72,2452.27
2026-09-04 14:00:00+00:00,2452.26,2458.49,2447.78,2453.95
2026-09-04 14:15:00+00:00,2453.95,2456.16,2443.4,2453.81
2026-09-04 14:30:00+00:00,2453.81,2458.12,2438.85,2444.2
2026-09-04 14:45:00+00:00,2444.21,2448.13,2431.61,2440.18
2026-09-04 15:00:00+00:00,2440.19,2448.72,2437.95,2448.72
2026-09-04 15:15:00+00:00,2448.73,2456.34,2448.02,2454.49
2026-09-04 15:30:00+00:00,2454.5,2458.76,2452.68,2455.79
2026-09-04 15:45:00+00:00,2455.79,2456.26,2450.39,2451.98
2026-09-04 16:00:00+00:00,2451.98,2454.45,2450.1,2453.37
